ProducerId,ProducerName,ProducerType,Region,AppointedDate
INS-PR-001,Mei Young,Captive Agent,Northeast,2017-07-16
INS-PR-002,Hannah Phillips,Independent Broker,Southeast,2016-08-19
INS-PR-003,Priya Brown,Captive Agent,Midwest,2024-12-09
INS-PR-004,Chloe Collins,Captive Agent,Midwest,2016-04-22
INS-PR-005,Layla Silva,Captive Agent,Southeast,2025-07-21
INS-PR-006,Elena Davis,Independent Broker,Southeast,2025-01-05
INS-PR-007,Ethan Lewis,Direct,Northeast,2017-04-01
INS-PR-008,Andre Allen,Direct,Northeast,2012-07-17
INS-PR-009,Iris Nelson,Captive Agent,Southeast,2024-04-27
INS-PR-010,Maya Okafor,Captive Agent,Mountain West,2024-06-04
INS-PR-011,Felix Allen,Independent Broker,Mountain West,2025-10-03
INS-PR-012,Tom Ruiz,Captive Agent,Pacific,2019-12-12
INS-PR-013,Hannah Walker,Captive Agent,Mountain West,2023-10-03
INS-PR-014,Derek Ruiz,Captive Agent,Midwest,2023-12-15
INS-PR-015,Olivia White,Independent Broker,Southeast,2019-07-16
INS-PR-016,Julian Green,Direct,Northeast,2016-09-22
INS-PR-017,Layla Anderson,Captive Agent,Mountain West,2025-09-12
INS-PR-018,Fatima Campbell,Captive Agent,Midwest,2017-08-30
INS-PR-019,Lauren Nguyen,Captive Agent,Mountain West,2024-03-12
INS-PR-020,Sofia Baker,Independent Broker,Mountain West,2017-02-12
INS-PR-021,Sara Morris,Independent Broker,Pacific,2022-03-17
INS-PR-022,Marcus Jackson,Direct,Northeast,2020-07-30
INS-PR-023,Ravi Green,Captive Agent,Pacific,2022-11-13
INS-PR-024,Felix Nguyen,Captive Agent,Mountain West,2025-01-21
INS-PR-025,Layla Bailey,Independent Broker,Southeast,2013-01-10
INS-PR-026,Victor Roberts,Captive Agent,Southeast,2012-10-25
INS-PR-027,Leo Kim,Captive Agent,Northeast,2017-06-08
INS-PR-028,Yuki Wright,Independent Broker,Southeast,2017-12-06
INS-PR-029,Victor Walker,Independent Broker,Southeast,2025-07-19
INS-PR-030,Nina Chen,Independent Broker,Pacific,2012-05-19
INS-PR-031,Leo King,Captive Agent,Pacific,2014-03-14
INS-PR-032,Jamal Allen,Captive Agent,Southeast,2012-01-03
INS-PR-033,Elena Stewart,Direct,Southeast,2017-02-19
INS-PR-034,Mateo Anderson,Independent Broker,Northeast,2020-08-20
INS-PR-035,Ethan Harris,Captive Agent,Pacific,2016-01-02
INS-PR-036,Daniel Miller,Captive Agent,Mountain West,2017-01-25
INS-PR-037,Victor Young,Captive Agent,Northeast,2020-01-16
INS-PR-038,Marcus Phillips,Captive Agent,Northeast,2013-04-20
INS-PR-039,Mateo White,Direct,Southeast,2020-01-09
INS-PR-040,Ethan Nelson,Captive Agent,Midwest,2024-04-02
INS-PR-041,Felix Brown,Independent Broker,Northeast,2024-09-14
INS-PR-042,Mateo Garcia,Captive Agent,Pacific,2023-12-26
INS-PR-043,Hannah Garcia,Captive Agent,Mountain West,2017-08-23
INS-PR-044,Noah Martinez,Independent Broker,Northeast,2022-09-08
INS-PR-045,Ravi Hall,Captive Agent,Mountain West,2013-04-27
INS-PR-046,Ines Jackson,Captive Agent,Pacific,2017-08-11
INS-PR-047,Jonathan Nelson,Independent Broker,Mountain West,2018-07-22
INS-PR-048,Owen Davis,Captive Agent,Mountain West,2017-08-26
INS-PR-049,Hannah Carter,Independent Broker,Mountain West,2023-12-06
INS-PR-050,Zara Moore,Independent Broker,Midwest,2025-02-21
INS-PR-051,Layla Phillips,Captive Agent,Southeast,2025-03-24
INS-PR-052,Derek Brown,Captive Agent,Southeast,2022-08-30
INS-PR-053,Owen King,Captive Agent,Mountain West,2017-03-15
INS-PR-054,Diego Anderson,Direct,Southeast,2016-04-27
INS-PR-055,Rosa Thomas,Captive Agent,Mountain West,2024-05-29
INS-PR-056,Grace Bailey,Direct,Mountain West,2015-08-17
INS-PR-057,Kenji Lewis,Captive Agent,Mountain West,2012-10-28
INS-PR-058,Andre Davis,Captive Agent,Southeast,2024-03-20
INS-PR-059,Maya Parker,Independent Broker,Midwest,2023-05-18
INS-PR-060,Carlos Scott,Independent Broker,Mountain West,2018-12-11
