CaseId,ClaimId,PolicyId,CreatedDate,CaseType,Channel,Status,HandleTimeMinutes,CSAT,AgentforceHandled
INS-CS-000001,INS-CL-000001,INS-PL-000002,2026-03-15T10:59:22.000Z,Claim Status,Email,Closed,8.3,3,true
INS-CS-000002,INS-CL-000003,INS-PL-000023,2026-05-29T07:58:41.000Z,Claim Status,Chat,Open,6.9,,true
INS-CS-000003,INS-CL-000007,INS-PL-000038,2026-02-08T09:47:35.000Z,Adjuster Contact,Chat,Closed,5.1,,false
INS-CS-000004,INS-CL-000008,INS-PL-000060,2026-03-06T09:35:45.000Z,Adjuster Contact,Email,Closed,7.9,2,true
INS-CS-000005,INS-CL-000011,INS-PL-000063,2026-07-25T14:58:01.000Z,Payment Question,Mobile App,Closed,9.4,5,true
INS-CS-000006,INS-CL-000014,INS-PL-000076,2026-07-06T14:37:27.000Z,Document Request,Phone,Closed,8.3,,false
INS-CS-000007,INS-CL-000015,INS-PL-000090,2026-04-19T18:22:01.000Z,Payment Question,Phone,Closed,4.1,1,false
INS-CS-000008,INS-CL-000016,INS-PL-000105,2026-01-19T08:51:25.000Z,Payment Question,Mobile App,Closed,11.1,,false
INS-CS-000009,INS-CL-000017,INS-PL-000116,2026-07-07T12:18:29.000Z,Adjuster Contact,Email,Open,18.1,,false
INS-CS-000010,INS-CL-000017,INS-PL-000116,2026-07-03T11:45:58.000Z,Rental/Repair,Chat,Closed,3.8,4,false
INS-CS-000011,INS-CL-000018,INS-PL-000128,2026-07-26T15:18:18.000Z,Claim Status,Phone,Closed,5.7,,false
INS-CS-000012,INS-CL-000019,INS-PL-000135,2025-07-26T11:38:16.000Z,Adjuster Contact,Mobile App,Open,8.6,,false
INS-CS-000013,INS-CL-000020,INS-PL-000138,2026-06-29T19:50:09.000Z,Claim Status,Chat,Open,12.1,,false
INS-CS-000014,INS-CL-000020,INS-PL-000138,2026-06-25T19:01:22.000Z,Adjuster Contact,Email,Closed,6.0,,true
INS-CS-000015,INS-CL-000021,INS-PL-000140,2026-03-26T16:04:16.000Z,Payment Question,Chat,Open,10.4,2,true
INS-CS-000016,INS-CL-000021,INS-PL-000140,2026-03-28T19:06:10.000Z,Rental/Repair,Mobile App,Closed,10.7,1,false
INS-CS-000017,INS-CL-000023,INS-PL-000155,2026-04-30T16:18:07.000Z,Adjuster Contact,Chat,Closed,5.6,3,true
INS-CS-000018,INS-CL-000025,INS-PL-000183,2026-02-23T10:07:47.000Z,Adjuster Contact,Phone,Closed,18.9,,true
INS-CS-000019,INS-CL-000025,INS-PL-000183,2026-01-19T08:33:23.000Z,Adjuster Contact,Phone,Closed,6.6,2,true
INS-CS-000020,INS-CL-000031,INS-PL-000279,2025-10-20T07:27:21.000Z,Document Request,Email,Closed,9.7,3,false
INS-CS-000021,INS-CL-000032,INS-PL-000281,2026-09-12T12:07:41.000Z,Claim Status,Phone,Closed,5.6,3,false
INS-CS-000022,INS-CL-000034,INS-PL-000304,2025-03-02T12:10:22.000Z,Claim Status,Mobile App,Closed,9.7,,false
INS-CS-000023,INS-CL-000036,INS-PL-000313,2025-12-31T07:43:23.000Z,Adjuster Contact,Phone,Closed,19.4,5,false
INS-CS-000024,INS-CL-000037,INS-PL-000331,2024-11-14T12:07:45.000Z,Claim Status,Email,Closed,26.6,,false
INS-CS-000025,INS-CL-000038,INS-PL-000344,2026-09-27T15:58:34.000Z,Adjuster Contact,Phone,Open,6.3,,false
INS-CS-000026,INS-CL-000039,INS-PL-000348,2024-12-02T19:11:30.000Z,Adjuster Contact,Phone,Closed,5.4,,true
INS-CS-000027,INS-CL-000041,INS-PL-000354,2024-11-13T19:32:25.000Z,Adjuster Contact,Mobile App,Closed,7.4,4,false
INS-CS-000028,INS-CL-000042,INS-PL-000356,2026-06-23T07:39:27.000Z,Payment Question,Email,Closed,11.3,,true
INS-CS-000029,INS-CL-000043,INS-PL-000381,2026-05-12T15:27:02.000Z,Payment Question,Chat,Open,5.5,,true
INS-CS-000030,INS-CL-000043,INS-PL-000381,2026-05-12T19:10:44.000Z,Claim Status,Mobile App,Closed,12.0,,false
INS-CS-000031,INS-CL-000044,INS-PL-000387,2026-09-07T07:10:01.000Z,Document Request,Mobile App,Closed,22.3,,true
INS-CS-000032,INS-CL-000045,INS-PL-000399,2025-04-20T11:07:45.000Z,Payment Question,Email,Closed,15.8,2,false
INS-CS-000033,INS-CL-000047,INS-PL-000409,2025-05-24T19:22:33.000Z,Claim Status,Mobile App,Open,5.3,1,false
INS-CS-000034,INS-CL-000049,INS-PL-000434,2026-01-07T15:17:33.000Z,Adjuster Contact,Mobile App,Closed,28.6,,false
INS-CS-000035,INS-CL-000049,INS-PL-000434,2026-01-13T13:31:18.000Z,Payment Question,Mobile App,Open,9.1,,false
INS-CS-000036,INS-CL-000053,INS-PL-000445,2026-06-27T10:25:07.000Z,Document Request,Chat,Closed,13.3,1,true
INS-CS-000037,INS-CL-000053,INS-PL-000445,2026-07-14T07:19:31.000Z,Adjuster Contact,Phone,Closed,8.2,4,true
INS-CS-000038,INS-CL-000056,INS-PL-000479,2026-06-29T17:24:51.000Z,Rental/Repair,Phone,Open,7.2,5,false
INS-CS-000039,INS-CL-000057,INS-PL-000485,2026-07-27T18:29:50.000Z,Payment Question,Mobile App,Open,10.6,,false
INS-CS-000040,INS-CL-000059,INS-PL-000507,2026-08-27T15:03:11.000Z,Payment Question,Email,Open,5.9,,true
INS-CS-000041,INS-CL-000061,INS-PL-000517,2024-10-26T08:24:46.000Z,Document Request,Email,Closed,11.0,,false
INS-CS-000042,INS-CL-000062,INS-PL-000522,2026-08-25T17:14:06.000Z,Rental/Repair,Mobile App,Open,9.0,4,true
INS-CS-000043,INS-CL-000064,INS-PL-000554,2025-04-28T08:07:06.000Z,Claim Status,Chat,Closed,5.5,5,true
INS-CS-000044,INS-CL-000065,INS-PL-000567,2026-06-04T15:46:30.000Z,Claim Status,Chat,Open,3.2,2,false
INS-CS-000045,INS-CL-000066,INS-PL-000582,2025-03-24T16:26:35.000Z,Adjuster Contact,Phone,Open,14.4,,false
INS-CS-000046,INS-CL-000068,INS-PL-000630,2026-08-19T16:13:40.000Z,Adjuster Contact,Chat,Open,10.6,3,true
INS-CS-000047,INS-CL-000072,INS-PL-000659,2025-07-12T12:16:17.000Z,Adjuster Contact,Email,Closed,9.8,5,true
INS-CS-000048,INS-CL-000074,INS-PL-000670,2024-12-08T12:45:44.000Z,Adjuster Contact,Chat,Closed,12.1,,true
INS-CS-000049,INS-CL-000075,INS-PL-000673,2025-03-30T18:46:56.000Z,Document Request,Chat,Open,10.0,,false
INS-CS-000050,INS-CL-000076,INS-PL-000679,2025-06-08T16:37:45.000Z,Claim Status,Phone,Open,6.0,1,false
INS-CS-000051,INS-CL-000077,INS-PL-000687,2025-01-31T19:51:22.000Z,Document Request,Email,Closed,4.5,1,false
INS-CS-000052,INS-CL-000079,INS-PL-000711,2025-08-02T07:06:49.000Z,Document Request,Phone,Closed,8.6,2,false
INS-CS-000053,INS-CL-000079,INS-PL-000711,2025-07-17T15:09:31.000Z,Adjuster Contact,Email,Closed,13.2,,false
INS-CS-000054,INS-CL-000080,INS-PL-000716,2025-08-26T17:56:35.000Z,Payment Question,Email,Closed,6.8,,true
INS-CS-000055,INS-CL-000081,INS-PL-000717,2024-09-22T10:10:07.000Z,Document Request,Email,Closed,5.3,,false
INS-CS-000056,INS-CL-000081,INS-PL-000717,2024-10-04T12:23:15.000Z,Adjuster Contact,Mobile App,Open,10.6,,false
INS-CS-000057,INS-CL-000082,INS-PL-000729,2025-02-19T09:25:54.000Z,Claim Status,Mobile App,Closed,3.6,,false
INS-CS-000058,INS-CL-000082,INS-PL-000729,2025-02-27T18:22:16.000Z,Document Request,Email,Closed,14.2,,false
INS-CS-000059,INS-CL-000083,INS-PL-000743,2025-09-19T13:29:32.000Z,Rental/Repair,Chat,Open,10.9,,true
INS-CS-000060,INS-CL-000086,INS-PL-000757,2026-08-21T12:29:46.000Z,Payment Question,Email,Closed,20.8,5,false
INS-CS-000061,INS-CL-000087,INS-PL-000775,2026-06-15T14:00:24.000Z,Adjuster Contact,Mobile App,Closed,6.3,,false
INS-CS-000062,INS-CL-000088,INS-PL-000788,2026-03-09T19:30:52.000Z,Adjuster Contact,Email,Closed,10.8,,true
INS-CS-000063,INS-CL-000089,INS-PL-000796,2025-12-18T18:59:28.000Z,Rental/Repair,Email,Closed,6.2,,true
INS-CS-000064,INS-CL-000089,INS-PL-000796,2025-12-28T15:26:08.000Z,Payment Question,Phone,Open,15.7,2,false
INS-CS-000065,INS-CL-000090,INS-PL-000798,2026-08-04T09:40:34.000Z,Document Request,Chat,Open,7.7,1,true
INS-CS-000066,INS-CL-000091,INS-PL-000802,2026-04-30T14:57:07.000Z,Payment Question,Mobile App,Closed,11.1,,false
INS-CS-000067,INS-CL-000093,INS-PL-000811,2025-11-25T08:19:31.000Z,Claim Status,Email,Closed,22.7,4,true
INS-CS-000068,INS-CL-000093,INS-PL-000811,2025-11-25T12:19:31.000Z,Payment Question,Mobile App,Closed,7.9,3,false
INS-CS-000069,INS-CL-000094,INS-PL-000818,2026-09-01T08:39:44.000Z,Adjuster Contact,Mobile App,Open,6.8,1,false
INS-CS-000070,INS-CL-000095,INS-PL-000824,2025-04-02T09:23:04.000Z,Document Request,Chat,Open,4.7,5,false
INS-CS-000071,INS-CL-000097,INS-PL-000843,2026-05-06T19:16:08.000Z,Adjuster Contact,Chat,Open,5.2,,false
INS-CS-000072,INS-CL-000098,INS-PL-000845,2026-03-17T14:35:32.000Z,Document Request,Chat,Closed,7.1,,false
INS-CS-000073,INS-CL-000100,INS-PL-000877,2026-07-13T12:05:47.000Z,Payment Question,Email,Closed,7.2,,false
INS-CS-000074,INS-CL-000101,INS-PL-000891,2025-11-30T10:19:35.000Z,Adjuster Contact,Mobile App,Closed,4.2,,false
INS-CS-000075,INS-CL-000101,INS-PL-000891,2025-12-14T16:18:09.000Z,Payment Question,Chat,Closed,12.7,3,false
INS-CS-000076,INS-CL-000104,INS-PL-000918,2026-06-23T09:08:11.000Z,Rental/Repair,Email,Closed,9.9,,false
INS-CS-000077,INS-CL-000104,INS-PL-000918,2026-08-11T08:37:40.000Z,Adjuster Contact,Phone,Open,12.5,,false
INS-CS-000078,INS-CL-000105,INS-PL-000937,2025-07-09T12:12:43.000Z,Claim Status,Phone,Closed,10.5,1,true
INS-CS-000079,INS-CL-000106,INS-PL-000938,2026-02-20T18:42:24.000Z,Document Request,Chat,Closed,11.5,4,false
INS-CS-000080,INS-CL-000106,INS-PL-000938,2026-02-21T14:25:02.000Z,Document Request,Email,Open,6.6,,true
INS-CS-000081,INS-CL-000108,INS-PL-000954,2026-02-08T19:08:21.000Z,Adjuster Contact,Mobile App,Closed,8.3,,false
INS-CS-000082,INS-CL-000109,INS-PL-000960,2024-12-07T13:43:46.000Z,Adjuster Contact,Phone,Open,9.9,,false
INS-CS-000083,INS-CL-000110,INS-PL-000970,2025-02-23T19:24:46.000Z,Adjuster Contact,Phone,Closed,10.6,,true
INS-CS-000084,INS-CL-000110,INS-PL-000970,2025-02-27T18:19:08.000Z,Adjuster Contact,Chat,Open,5.1,,true
INS-CS-000085,INS-CL-000113,INS-PL-000990,2025-07-31T07:55:09.000Z,Payment Question,Mobile App,Closed,5.3,4,true
INS-CS-000086,INS-CL-000114,INS-PL-000992,2025-06-22T17:52:04.000Z,Adjuster Contact,Chat,Open,11.9,5,true
INS-CS-000087,INS-CL-000116,INS-PL-001001,2025-10-28T07:29:30.000Z,Adjuster Contact,Email,Closed,17.8,5,true
INS-CS-000088,INS-CL-000117,INS-PL-001014,2025-01-10T12:29:49.000Z,Claim Status,Phone,Open,10.6,,false
INS-CS-000089,INS-CL-000117,INS-PL-001014,2025-01-02T14:25:39.000Z,Adjuster Contact,Email,Closed,11.0,5,false
INS-CS-000090,INS-CL-000118,INS-PL-001037,2025-04-22T14:14:59.000Z,Adjuster Contact,Phone,Open,6.7,4,true
INS-CS-000091,INS-CL-000118,INS-PL-001037,2025-04-20T19:33:42.000Z,Payment Question,Chat,Closed,18.7,,true
INS-CS-000092,INS-CL-000120,INS-PL-001043,2026-06-30T10:42:28.000Z,Adjuster Contact,Mobile App,Open,13.0,2,false
INS-CS-000093,INS-CL-000120,INS-PL-001043,2026-07-01T08:49:01.000Z,Claim Status,Chat,Closed,4.1,,false
INS-CS-000094,INS-CL-000122,INS-PL-001055,2024-09-23T15:45:21.000Z,Claim Status,Mobile App,Open,9.4,4,false
INS-CS-000095,INS-CL-000123,INS-PL-001084,2026-08-05T10:42:33.000Z,Document Request,Phone,Closed,18.2,2,false
INS-CS-000096,INS-CL-000123,INS-PL-001084,2026-07-28T17:48:35.000Z,Payment Question,Email,Open,8.5,3,false
INS-CS-000097,INS-CL-000124,INS-PL-001096,2026-06-27T12:30:22.000Z,Payment Question,Phone,Closed,9.1,,false
INS-CS-000098,INS-CL-000127,INS-PL-001103,2025-04-06T12:52:53.000Z,Adjuster Contact,Mobile App,Closed,13.0,,false
INS-CS-000099,INS-CL-000127,INS-PL-001103,2025-03-31T18:17:12.000Z,Claim Status,Phone,Open,7.3,1,false
INS-CS-000100,INS-CL-000128,INS-PL-001109,2025-01-30T10:39:16.000Z,Adjuster Contact,Phone,Open,5.2,4,false
INS-CS-000101,INS-CL-000129,INS-PL-001167,2026-07-09T11:11:29.000Z,Document Request,Mobile App,Open,15.5,5,false
INS-CS-000102,INS-CL-000129,INS-PL-001167,2026-07-01T15:52:25.000Z,Payment Question,Phone,Closed,15.6,2,false
INS-CS-000103,INS-CL-000130,INS-PL-001178,2025-05-15T13:56:49.000Z,Payment Question,Email,Open,18.6,3,false
INS-CS-000104,INS-CL-000131,INS-PL-001186,2026-02-10T13:42:58.000Z,Document Request,Phone,Closed,13.7,3,true
INS-CS-000105,INS-CL-000134,INS-PL-001232,2026-07-29T14:50:46.000Z,Claim Status,Phone,Open,16.7,2,false
INS-CS-000106,INS-CL-000135,INS-PL-001249,2026-06-21T16:08:19.000Z,Claim Status,Mobile App,Closed,17.6,3,true
INS-CS-000107,INS-CL-000135,INS-PL-001249,2026-07-05T15:26:27.000Z,Rental/Repair,Chat,Closed,16.3,,false
INS-CS-000108,INS-CL-000139,INS-PL-001303,2026-05-30T07:02:30.000Z,Payment Question,Chat,Open,11.3,4,false
INS-CS-000109,INS-CL-000140,INS-PL-001331,2026-06-23T10:23:34.000Z,Document Request,Mobile App,Open,11.2,2,true
INS-CS-000110,INS-CL-000140,INS-PL-001331,2026-06-23T16:46:24.000Z,Rental/Repair,Mobile App,Closed,17.3,,false
INS-CS-000111,INS-CL-000142,INS-PL-001347,2024-10-01T08:34:29.000Z,Rental/Repair,Mobile App,Open,10.9,3,false
INS-CS-000112,INS-CL-000142,INS-PL-001347,2024-09-24T07:28:51.000Z,Claim Status,Mobile App,Closed,10.2,,false
INS-CS-000113,INS-CL-000143,INS-PL-001358,2026-09-05T19:04:04.000Z,Adjuster Contact,Email,Closed,9.8,1,true
INS-CS-000114,INS-CL-000144,INS-PL-001362,2025-11-26T10:48:32.000Z,Claim Status,Email,Closed,9.2,,false
INS-CS-000115,INS-CL-000144,INS-PL-001362,2025-12-22T17:31:01.000Z,Rental/Repair,Mobile App,Closed,7.0,,false
INS-CS-000116,INS-CL-000145,INS-PL-001367,2025-03-14T10:41:03.000Z,Rental/Repair,Mobile App,Open,10.3,,true
INS-CS-000117,INS-CL-000146,INS-PL-001395,2024-09-09T15:53:00.000Z,Payment Question,Mobile App,Closed,6.2,4,false
INS-CS-000118,INS-CL-000150,INS-PL-001432,2026-06-25T12:35:14.000Z,Claim Status,Chat,Closed,30.0,,true
INS-CS-000119,INS-CL-000151,INS-PL-001438,2026-03-03T11:44:00.000Z,Adjuster Contact,Chat,Closed,5.7,,true
INS-CS-000120,INS-CL-000151,INS-PL-001438,2026-02-26T17:26:10.000Z,Payment Question,Mobile App,Closed,10.4,,true
INS-CS-000121,INS-CL-000152,INS-PL-001440,2025-05-12T09:32:06.000Z,Payment Question,Phone,Closed,12.6,,true
INS-CS-000122,INS-CL-000153,INS-PL-001464,2026-08-25T16:53:45.000Z,Document Request,Phone,Open,10.1,,true
INS-CS-000123,INS-CL-000154,INS-PL-001480,2025-11-28T08:32:45.000Z,Claim Status,Chat,Closed,9.5,5,true
INS-CS-000124,INS-CL-000155,INS-PL-001489,2026-01-29T13:30:22.000Z,Adjuster Contact,Email,Closed,6.0,,true
INS-CS-000125,INS-CL-000160,INS-PL-001520,2025-11-07T07:54:29.000Z,Claim Status,Mobile App,Open,14.0,4,true
INS-CS-000126,INS-CL-000164,INS-PL-001552,2026-09-03T18:25:34.000Z,Rental/Repair,Chat,Open,6.3,2,false
INS-CS-000127,INS-CL-000164,INS-PL-001552,2026-09-03T19:38:01.000Z,Rental/Repair,Phone,Open,8.3,,true
INS-CS-000128,INS-CL-000165,INS-PL-001553,2026-08-26T19:40:28.000Z,Adjuster Contact,Email,Open,8.0,,true
INS-CS-000129,INS-CL-000167,INS-PL-001604,2024-11-03T16:07:28.000Z,Adjuster Contact,Mobile App,Open,8.1,,true
INS-CS-000130,INS-CL-000168,INS-PL-001607,2026-06-21T16:46:17.000Z,Adjuster Contact,Phone,Closed,7.7,5,false
INS-CS-000131,INS-CL-000170,INS-PL-001624,2026-06-21T10:05:04.000Z,Adjuster Contact,Mobile App,Open,21.3,,true
INS-CS-000132,INS-CL-000170,INS-PL-001624,2026-06-22T08:02:44.000Z,Payment Question,Email,Closed,4.1,,false
INS-CS-000133,INS-CL-000172,INS-PL-001639,2026-02-22T12:19:22.000Z,Payment Question,Mobile App,Closed,14.4,4,false
INS-CS-000134,INS-CL-000174,INS-PL-001675,2024-11-01T15:26:52.000Z,Document Request,Phone,Closed,8.9,,false
INS-CS-000135,INS-CL-000174,INS-PL-001675,2024-10-19T16:05:22.000Z,Adjuster Contact,Chat,Closed,9.9,,false
INS-CS-000136,INS-CL-000175,INS-PL-001679,2026-06-19T14:25:12.000Z,Document Request,Chat,Closed,5.2,,false
INS-CS-000137,INS-CL-000176,INS-PL-001683,2026-01-01T12:44:35.000Z,Claim Status,Mobile App,Closed,7.8,,true
INS-CS-000138,INS-CL-000176,INS-PL-001683,2026-01-02T11:52:20.000Z,Claim Status,Phone,Open,3.6,,true
INS-CS-000139,INS-CL-000178,INS-PL-001734,2026-09-11T16:45:25.000Z,Document Request,Phone,Closed,3.8,,true
INS-CS-000140,INS-CL-000180,INS-PL-001745,2026-07-08T18:41:36.000Z,Adjuster Contact,Mobile App,Open,13.3,,true
INS-CS-000141,INS-CL-000182,INS-PL-001748,2026-05-15T13:25:43.000Z,Document Request,Chat,Closed,6.8,4,true
INS-CS-000142,INS-CL-000182,INS-PL-001748,2026-05-16T13:07:11.000Z,Payment Question,Email,Closed,16.3,1,false
INS-CS-000143,INS-CL-000183,INS-PL-001756,2024-12-08T17:42:47.000Z,Claim Status,Email,Closed,10.5,2,false
INS-CS-000144,INS-CL-000184,INS-PL-001785,2026-07-06T12:38:30.000Z,Adjuster Contact,Chat,Closed,12.1,,true
INS-CS-000145,INS-CL-000184,INS-PL-001785,2026-07-01T14:39:47.000Z,Rental/Repair,Chat,Closed,5.6,1,false
INS-CS-000146,INS-CL-000187,INS-PL-001814,2026-05-15T17:49:12.000Z,Payment Question,Email,Closed,9.0,,true
INS-CS-000147,INS-CL-000189,INS-PL-001834,2026-08-03T13:36:57.000Z,Claim Status,Mobile App,Closed,15.5,2,false
INS-CS-000148,INS-CL-000190,INS-PL-001843,2025-12-06T17:32:22.000Z,Rental/Repair,Email,Closed,10.7,,true
INS-CS-000149,INS-CL-000197,INS-PL-001889,2026-03-16T17:59:33.000Z,Document Request,Email,Closed,5.6,5,false
INS-CS-000150,INS-CL-000197,INS-PL-001889,2026-03-09T13:12:14.000Z,Payment Question,Email,Closed,18.5,3,false
INS-CS-000151,INS-CL-000198,INS-PL-001895,2026-03-02T12:28:11.000Z,Adjuster Contact,Mobile App,Open,14.1,,true
INS-CS-000152,INS-CL-000198,INS-PL-001895,2026-03-06T18:10:35.000Z,Payment Question,Chat,Closed,6.3,4,false
INS-CS-000153,INS-CL-000199,INS-PL-001905,2026-07-21T08:07:15.000Z,Rental/Repair,Email,Open,8.8,2,false
INS-CS-000154,INS-CL-000200,INS-PL-001907,2026-07-30T18:58:53.000Z,Rental/Repair,Mobile App,Closed,5.7,,false
INS-CS-000155,INS-CL-000203,INS-PL-001933,2025-01-09T14:35:19.000Z,Rental/Repair,Mobile App,Open,8.0,,false
INS-CS-000156,INS-CL-000204,INS-PL-001941,2024-09-14T11:41:24.000Z,Payment Question,Mobile App,Open,10.7,,false
INS-CS-000157,INS-CL-000205,INS-PL-001947,2026-06-14T11:34:55.000Z,Claim Status,Phone,Open,10.0,,true
INS-CS-000158,INS-CL-000206,INS-PL-001948,2024-12-26T19:23:08.000Z,Rental/Repair,Mobile App,Closed,5.5,4,true
INS-CS-000159,INS-CL-000207,INS-PL-001955,2026-01-27T13:51:01.000Z,Rental/Repair,Phone,Closed,8.0,4,false
INS-CS-000160,INS-CL-000209,INS-PL-002000,2026-08-18T19:48:00.000Z,Claim Status,Phone,Open,11.5,,false
INS-CS-000161,INS-CL-000209,INS-PL-002000,2026-08-20T11:06:05.000Z,Rental/Repair,Email,Closed,10.8,5,true
INS-CS-000162,INS-CL-000212,INS-PL-002026,2026-08-10T17:27:32.000Z,Payment Question,Phone,Closed,3.8,3,false
INS-CS-000163,INS-CL-000214,INS-PL-002040,2025-02-27T08:31:26.000Z,Claim Status,Phone,Open,5.5,5,false
INS-CS-000164,INS-CL-000215,INS-PL-002047,2025-04-16T13:48:56.000Z,Rental/Repair,Chat,Closed,11.6,2,false
INS-CS-000165,INS-CL-000217,INS-PL-002061,2025-01-18T19:32:59.000Z,Adjuster Contact,Chat,Closed,5.4,4,false
INS-CS-000166,INS-CL-000217,INS-PL-002061,2025-02-06T08:01:17.000Z,Claim Status,Phone,Closed,8.5,,true
INS-CS-000167,INS-CL-000218,INS-PL-002072,2026-06-30T09:28:01.000Z,Rental/Repair,Mobile App,Open,3.6,,true
INS-CS-000168,INS-CL-000220,INS-PL-002080,2024-10-20T16:51:47.000Z,Document Request,Email,Closed,17.2,,true
INS-CS-000169,INS-CL-000222,INS-PL-002094,2026-08-31T19:07:44.000Z,Payment Question,Email,Closed,4.1,,false
INS-CS-000170,INS-CL-000225,INS-PL-002107,2024-12-02T10:18:54.000Z,Payment Question,Chat,Open,5.5,,false
INS-CS-000171,INS-CL-000226,INS-PL-002111,2026-07-27T07:22:56.000Z,Adjuster Contact,Mobile App,Closed,3.9,5,false
INS-CS-000172,INS-CL-000227,INS-PL-002127,2026-02-27T07:31:05.000Z,Claim Status,Chat,Open,9.9,,true
INS-CS-000173,INS-CL-000228,INS-PL-002146,2024-10-21T11:21:08.000Z,Adjuster Contact,Chat,Open,10.7,,false
INS-CS-000174,INS-CL-000228,INS-PL-002146,2024-10-11T13:06:02.000Z,Payment Question,Mobile App,Closed,11.1,,true
INS-CS-000175,INS-CL-000230,INS-PL-002155,2025-10-10T09:10:32.000Z,Adjuster Contact,Chat,Closed,10.1,3,false
INS-CS-000176,INS-CL-000231,INS-PL-002158,2024-10-26T16:04:28.000Z,Payment Question,Mobile App,Closed,10.3,,false
INS-CS-000177,INS-CL-000232,INS-PL-002165,2025-03-29T17:36:22.000Z,Claim Status,Chat,Open,21.0,,false
INS-CS-000178,INS-CL-000235,INS-PL-002210,2025-06-01T15:04:41.000Z,Claim Status,Chat,Open,10.6,,true
INS-CS-000179,INS-CL-000236,INS-PL-002213,2025-06-02T13:55:52.000Z,Payment Question,Phone,Open,5.5,,true
INS-CS-000180,INS-CL-000237,INS-PL-002219,2026-07-07T10:43:19.000Z,Adjuster Contact,Email,Closed,5.8,,true
INS-CS-000181,INS-CL-000239,INS-PL-002231,2026-07-08T08:41:25.000Z,Rental/Repair,Phone,Open,24.7,1,false
INS-CS-000182,INS-CL-000240,INS-PL-002241,2026-01-09T11:11:29.000Z,Document Request,Phone,Open,8.2,,false
INS-CS-000183,INS-CL-000241,INS-PL-002243,2025-11-02T15:03:35.000Z,Document Request,Email,Closed,19.9,4,false
INS-CS-000184,INS-CL-000243,INS-PL-002262,2026-01-28T08:47:21.000Z,Rental/Repair,Mobile App,Closed,16.5,3,true
INS-CS-000185,INS-CL-000245,INS-PL-002276,2026-06-02T14:48:01.000Z,Claim Status,Phone,Open,17.1,5,false
INS-CS-000186,INS-CL-000245,INS-PL-002276,2026-06-04T13:15:21.000Z,Adjuster Contact,Phone,Open,7.8,,false
INS-CS-000187,INS-CL-000246,INS-PL-002324,2025-03-02T09:08:24.000Z,Payment Question,Mobile App,Closed,15.8,4,false
INS-CS-000188,INS-CL-000248,INS-PL-002341,2025-05-05T10:28:58.000Z,Adjuster Contact,Email,Closed,7.3,2,false
INS-CS-000189,INS-CL-000252,INS-PL-002383,2025-07-08T11:50:11.000Z,Rental/Repair,Chat,Closed,15.2,5,false
INS-CS-000190,INS-CL-000253,INS-PL-002384,2026-06-22T16:57:50.000Z,Document Request,Email,Closed,6.7,4,false
INS-CS-000191,INS-CL-000253,INS-PL-002384,2026-06-18T17:01:58.000Z,Document Request,Mobile App,Closed,4.4,4,false
INS-CS-000192,INS-CL-000256,INS-PL-002403,2026-06-28T11:00:39.000Z,Claim Status,Email,Closed,5.7,,false
INS-CS-000193,INS-CL-000259,INS-PL-002426,2025-05-18T08:26:39.000Z,Adjuster Contact,Mobile App,Open,5.1,5,true
INS-CS-000194,INS-CL-000260,INS-PL-002432,2024-11-21T16:25:02.000Z,Document Request,Email,Closed,7.0,2,false
INS-CS-000195,INS-CL-000260,INS-PL-002432,2024-11-11T09:49:38.000Z,Payment Question,Email,Closed,6.3,3,true
INS-CS-000196,INS-CL-000261,INS-PL-002439,2026-07-04T08:37:49.000Z,Document Request,Mobile App,Open,10.9,2,false
INS-CS-000197,INS-CL-000261,INS-PL-002439,2026-06-22T07:22:57.000Z,Rental/Repair,Chat,Closed,17.3,,false
INS-CS-000198,INS-CL-000262,INS-PL-002440,2025-05-16T18:27:45.000Z,Document Request,Email,Closed,9.9,,true
INS-CS-000199,INS-CL-000263,INS-PL-002450,2026-04-07T17:37:30.000Z,Rental/Repair,Email,Closed,4.3,3,false
INS-CS-000200,INS-CL-000266,INS-PL-002496,2024-09-20T12:45:00.000Z,Document Request,Mobile App,Open,11.8,4,true
INS-CS-000201,INS-CL-000267,INS-PL-002499,2025-11-22T19:12:44.000Z,Payment Question,Phone,Open,9.9,,false
INS-CS-000202,INS-CL-000267,INS-PL-002499,2025-11-24T09:56:33.000Z,Claim Status,Mobile App,Closed,5.1,,false
INS-CS-000203,INS-CL-000270,INS-PL-002536,2026-06-30T16:12:53.000Z,Payment Question,Email,Closed,4.8,4,false
INS-CS-000204,INS-CL-000270,INS-PL-002536,2026-06-27T09:06:38.000Z,Rental/Repair,Chat,Closed,7.1,3,false
INS-CS-000205,INS-CL-000271,INS-PL-002539,2026-04-25T17:10:48.000Z,Adjuster Contact,Phone,Open,6.1,,true
INS-CS-000206,INS-CL-000272,INS-PL-002545,2026-06-01T18:43:03.000Z,Document Request,Email,Closed,5.9,3,false
INS-CS-000207,INS-CL-000272,INS-PL-002545,2026-05-23T10:55:52.000Z,Claim Status,Mobile App,Closed,4.3,4,true
INS-CS-000208,INS-CL-000273,INS-PL-002562,2026-07-13T16:32:51.000Z,Rental/Repair,Phone,Closed,6.4,1,false
INS-CS-000209,INS-CL-000274,INS-PL-002565,2026-08-14T17:11:44.000Z,Claim Status,Email,Closed,8.4,5,false
INS-CS-000210,INS-CL-000275,INS-PL-002577,2026-06-26T14:55:44.000Z,Rental/Repair,Mobile App,Open,26.2,4,true
INS-CS-000211,INS-CL-000283,INS-PL-002654,2024-11-25T07:48:29.000Z,Document Request,Phone,Open,15.9,2,false
INS-CS-000212,INS-CL-000283,INS-PL-002654,2024-11-27T14:33:10.000Z,Rental/Repair,Mobile App,Open,7.8,,true
INS-CS-000213,INS-CL-000284,INS-PL-002657,2025-12-22T07:41:08.000Z,Payment Question,Phone,Closed,7.7,4,false
INS-CS-000214,INS-CL-000286,INS-PL-002685,2025-08-06T18:51:40.000Z,Document Request,Chat,Closed,9.8,,false
INS-CS-000215,INS-CL-000287,INS-PL-002739,2026-07-01T13:16:03.000Z,Document Request,Chat,Closed,5.6,,false
INS-CS-000216,INS-CL-000288,INS-PL-002742,2024-09-06T19:44:15.000Z,Payment Question,Chat,Closed,14.7,2,false
INS-CS-000217,INS-CL-000290,INS-PL-002755,2025-10-20T14:16:28.000Z,Claim Status,Mobile App,Closed,4.2,,false
INS-CS-000218,INS-CL-000294,INS-PL-002843,2024-10-22T15:06:50.000Z,Adjuster Contact,Mobile App,Closed,8.8,,true
INS-CS-000219,INS-CL-000298,INS-PL-002891,2026-06-27T17:00:32.000Z,Document Request,Phone,Closed,4.3,5,true
INS-CS-000220,INS-CL-000298,INS-PL-002891,2026-06-27T08:04:22.000Z,Payment Question,Phone,Closed,4.7,,false
INS-CS-000221,INS-CL-000299,INS-PL-002896,2026-01-30T16:32:16.000Z,Claim Status,Phone,Closed,4.0,,false
INS-CS-000222,INS-CL-000299,INS-PL-002896,2026-01-22T11:02:52.000Z,Claim Status,Email,Open,6.2,,false
INS-CS-000223,INS-CL-000300,INS-PL-002910,2026-06-22T10:31:38.000Z,Claim Status,Email,Closed,4.6,3,true
INS-CS-000224,INS-CL-000300,INS-PL-002910,2026-07-01T14:06:55.000Z,Adjuster Contact,Phone,Closed,15.2,4,true
INS-CS-000225,INS-CL-000301,INS-PL-002913,2025-04-11T13:07:30.000Z,Adjuster Contact,Mobile App,Closed,8.8,3,false
INS-CS-000226,INS-CL-000301,INS-PL-002913,2025-04-15T12:27:11.000Z,Claim Status,Chat,Open,11.6,,true
INS-CS-000227,INS-CL-000302,INS-PL-002914,2026-03-12T17:33:41.000Z,Payment Question,Phone,Closed,5.5,3,false
INS-CS-000228,INS-CL-000307,INS-PL-002949,2025-10-01T12:47:25.000Z,Rental/Repair,Phone,Closed,14.6,,false
INS-CS-000229,INS-CL-000308,INS-PL-002960,2026-07-09T12:41:57.000Z,Claim Status,Phone,Closed,8.2,3,true
INS-CS-000230,INS-CL-000310,INS-PL-002985,2024-11-18T12:46:44.000Z,Payment Question,Mobile App,Open,3.6,4,true
INS-CS-000231,INS-CL-000310,INS-PL-002985,2024-11-15T14:42:26.000Z,Claim Status,Email,Open,6.1,,true
INS-CS-000232,INS-CL-000311,INS-PL-002991,2026-06-12T15:29:32.000Z,Payment Question,Phone,Closed,17.5,3,false
INS-CS-000233,INS-CL-000312,INS-PL-003005,2026-07-17T19:25:01.000Z,Rental/Repair,Email,Closed,6.3,,true
INS-CS-000234,INS-CL-000312,INS-PL-003005,2026-07-06T09:18:30.000Z,Document Request,Chat,Closed,4.6,,false
INS-CS-000235,INS-CL-000313,INS-PL-003012,2025-09-12T07:37:04.000Z,Adjuster Contact,Email,Closed,8.3,,false
INS-CS-000236,INS-CL-000314,INS-PL-003027,2026-07-24T10:36:32.000Z,Adjuster Contact,Email,Open,6.4,2,false
INS-CS-000237,INS-CL-000315,INS-PL-003038,2026-04-22T08:30:46.000Z,Payment Question,Email,Closed,20.9,,false
INS-CS-000238,INS-CL-000316,INS-PL-003041,2026-07-14T15:43:59.000Z,Payment Question,Email,Closed,8.9,,true
INS-CS-000239,INS-CL-000317,INS-PL-003078,2026-09-16T07:43:00.000Z,Document Request,Phone,Closed,7.7,4,false
INS-CS-000240,INS-CL-000318,INS-PL-003082,2026-06-15T18:53:13.000Z,Rental/Repair,Chat,Open,9.2,,false
INS-CS-000241,INS-CL-000320,INS-PL-003094,2026-07-13T18:39:11.000Z,Payment Question,Mobile App,Open,8.3,,false
INS-CS-000242,INS-CL-000320,INS-PL-003094,2026-06-25T08:40:02.000Z,Adjuster Contact,Chat,Closed,4.6,5,true
INS-CS-000243,INS-CL-000322,INS-PL-003106,2024-10-09T07:47:57.000Z,Adjuster Contact,Chat,Closed,15.9,,false
INS-CS-000244,INS-CL-000327,INS-PL-003147,2026-07-17T12:44:28.000Z,Document Request,Chat,Closed,9.6,2,false
INS-CS-000245,INS-CL-000328,INS-PL-003154,2025-01-31T08:41:40.000Z,Adjuster Contact,Chat,Open,7.4,5,true
INS-CS-000246,INS-CL-000328,INS-PL-003154,2025-02-12T14:46:34.000Z,Claim Status,Mobile App,Closed,16.3,,true
INS-CS-000247,INS-CL-000330,INS-PL-003163,2026-02-20T14:52:02.000Z,Adjuster Contact,Chat,Open,4.2,,false
INS-CS-000248,INS-CL-000331,INS-PL-003164,2025-02-21T10:24:27.000Z,Document Request,Phone,Closed,3.1,3,false
INS-CS-000249,INS-CL-000337,INS-PL-003214,2025-01-06T15:56:08.000Z,Rental/Repair,Phone,Closed,6.1,4,false
INS-CS-000250,INS-CL-000337,INS-PL-003214,2024-12-29T17:38:30.000Z,Claim Status,Mobile App,Closed,11.3,,false
INS-CS-000251,INS-CL-000338,INS-PL-003217,2025-12-04T19:54:17.000Z,Adjuster Contact,Chat,Closed,6.3,,true
INS-CS-000252,INS-CL-000338,INS-PL-003217,2025-12-11T18:29:37.000Z,Document Request,Email,Open,6.4,,false
INS-CS-000253,INS-CL-000339,INS-PL-003227,2026-09-11T19:56:36.000Z,Rental/Repair,Chat,Closed,10.9,,true
INS-CS-000254,INS-CL-000340,INS-PL-003253,2026-07-12T11:29:25.000Z,Adjuster Contact,Chat,Closed,3.9,,true
INS-CS-000255,INS-CL-000341,INS-PL-003255,2024-12-16T07:12:03.000Z,Claim Status,Mobile App,Open,7.4,,false
INS-CS-000256,INS-CL-000342,INS-PL-003263,2025-01-13T09:57:51.000Z,Adjuster Contact,Chat,Closed,6.1,,true
INS-CS-000257,INS-CL-000344,INS-PL-003275,2026-07-28T11:20:47.000Z,Document Request,Mobile App,Open,10.1,3,true
INS-CS-000258,INS-CL-000346,INS-PL-003286,2025-11-03T09:51:10.000Z,Adjuster Contact,Email,Closed,14.7,4,true
INS-CS-000259,INS-CL-000346,INS-PL-003286,2025-11-14T16:58:39.000Z,Document Request,Email,Closed,9.0,3,false
INS-CS-000260,INS-CL-000347,INS-PL-003317,2024-10-24T09:42:56.000Z,Claim Status,Phone,Open,8.4,2,true
INS-CS-000261,INS-CL-000348,INS-PL-003329,2025-09-14T16:23:44.000Z,Payment Question,Mobile App,Closed,15.1,,true
INS-CS-000262,INS-CL-000349,INS-PL-003352,2026-07-10T14:11:32.000Z,Payment Question,Email,Closed,10.4,4,false
INS-CS-000263,INS-CL-000350,INS-PL-003357,2024-09-28T18:26:25.000Z,Claim Status,Phone,Closed,7.9,4,false
INS-CS-000264,INS-CL-000351,INS-PL-003367,2026-09-03T10:27:19.000Z,Rental/Repair,Mobile App,Closed,4.8,4,true
INS-CS-000265,INS-CL-000352,INS-PL-003370,2026-05-02T18:56:10.000Z,Rental/Repair,Email,Closed,5.9,4,true
INS-CS-000266,INS-CL-000353,INS-PL-003375,2026-03-25T09:44:30.000Z,Claim Status,Mobile App,Closed,8.7,,false
INS-CS-000267,INS-CL-000354,INS-PL-003384,2025-12-27T15:48:07.000Z,Payment Question,Email,Closed,10.8,,false
INS-CS-000268,INS-CL-000355,INS-PL-003386,2025-11-14T17:48:25.000Z,Claim Status,Phone,Closed,17.4,3,true
INS-CS-000269,INS-CL-000358,INS-PL-003434,2025-07-28T11:47:14.000Z,Claim Status,Mobile App,Closed,4.2,,true
INS-CS-000270,INS-CL-000359,INS-PL-003451,2026-04-01T13:13:27.000Z,Claim Status,Chat,Closed,9.7,5,true
INS-CS-000271,INS-CL-000359,INS-PL-003451,2026-03-24T19:00:58.000Z,Rental/Repair,Email,Closed,9.1,2,true
INS-CS-000272,INS-CL-000360,INS-PL-003470,2025-09-26T10:51:55.000Z,Rental/Repair,Email,Closed,7.3,4,false
INS-CS-000273,INS-CL-000364,INS-PL-003557,2025-03-05T14:36:47.000Z,Adjuster Contact,Email,Open,6.6,,false
INS-CS-000274,INS-CL-000365,INS-PL-003558,2025-05-29T12:50:09.000Z,Adjuster Contact,Chat,Open,6.7,1,true
INS-CS-000275,INS-CL-000371,INS-PL-003686,2025-04-22T12:16:30.000Z,Claim Status,Phone,Closed,11.0,3,true
INS-CS-000276,INS-CL-000373,INS-PL-003704,2026-01-26T18:12:47.000Z,Document Request,Chat,Closed,5.6,5,false
INS-CS-000277,INS-CL-000373,INS-PL-003704,2026-01-20T15:21:43.000Z,Claim Status,Phone,Open,22.7,,true
INS-CS-000278,INS-CL-000374,INS-PL-003709,2026-06-19T08:22:04.000Z,Payment Question,Mobile App,Closed,16.1,,true
INS-CS-000279,INS-CL-000376,INS-PL-003725,2026-07-09T11:04:10.000Z,Rental/Repair,Phone,Closed,5.0,3,true
INS-CS-000280,INS-CL-000376,INS-PL-003725,2026-06-19T11:48:25.000Z,Claim Status,Email,Open,8.6,5,true
INS-CS-000281,INS-CL-000377,INS-PL-003726,2026-03-31T18:36:39.000Z,Adjuster Contact,Mobile App,Closed,12.2,4,false
INS-CS-000282,INS-CL-000377,INS-PL-003726,2026-03-28T11:17:59.000Z,Rental/Repair,Email,Open,5.9,4,true
INS-CS-000283,INS-CL-000378,INS-PL-003736,2024-11-27T15:41:16.000Z,Claim Status,Chat,Closed,4.6,5,false
INS-CS-000284,INS-CL-000378,INS-PL-003736,2024-11-17T17:03:54.000Z,Payment Question,Email,Open,15.5,4,true
INS-CS-000285,INS-CL-000380,INS-PL-003739,2026-05-23T13:07:30.000Z,Claim Status,Email,Closed,19.4,3,true
INS-CS-000286,INS-CL-000381,INS-PL-003748,2024-10-09T18:18:14.000Z,Document Request,Chat,Closed,4.4,4,false
INS-CS-000287,INS-CL-000383,INS-PL-003761,2026-06-27T10:13:45.000Z,Payment Question,Phone,Open,10.7,5,true
INS-CS-000288,INS-CL-000383,INS-PL-003761,2026-06-12T09:50:35.000Z,Claim Status,Phone,Open,11.5,,true
INS-CS-000289,INS-CL-000384,INS-PL-003768,2025-03-31T17:58:00.000Z,Document Request,Phone,Open,14.7,,true
INS-CS-000290,INS-CL-000385,INS-PL-003781,2026-06-20T17:01:27.000Z,Rental/Repair,Chat,Closed,11.0,2,false
INS-CS-000291,INS-CL-000387,INS-PL-003797,2026-06-01T08:22:43.000Z,Adjuster Contact,Email,Closed,3.8,,false
INS-CS-000292,INS-CL-000388,INS-PL-003809,2024-09-18T11:37:25.000Z,Claim Status,Mobile App,Closed,9.1,,true
INS-CS-000293,INS-CL-000391,INS-PL-003859,2025-06-21T09:21:15.000Z,Adjuster Contact,Email,Closed,16.9,1,true
INS-CS-000294,INS-CL-000392,INS-PL-003879,2025-04-12T16:34:32.000Z,Payment Question,Mobile App,Closed,9.0,,false
INS-CS-000295,INS-CL-000395,INS-PL-003891,2024-09-29T16:10:11.000Z,Claim Status,Chat,Open,15.3,,true
INS-CS-000296,INS-CL-000397,INS-PL-003914,2026-05-28T08:42:52.000Z,Document Request,Phone,Closed,11.1,,false
INS-CS-000297,INS-CL-000397,INS-PL-003914,2026-05-28T13:21:08.000Z,Adjuster Contact,Chat,Closed,5.1,1,false
INS-CS-000298,INS-CL-000398,INS-PL-003923,2026-08-11T15:15:33.000Z,Claim Status,Chat,Closed,6.2,2,true
INS-CS-000299,INS-CL-000403,INS-PL-003966,2025-04-21T14:12:07.000Z,Claim Status,Email,Open,6.2,5,false
INS-CS-000300,INS-CL-000403,INS-PL-003966,2025-04-17T16:39:16.000Z,Document Request,Phone,Open,4.5,3,false
INS-CS-000301,INS-CL-000404,INS-PL-003977,2024-09-18T13:23:41.000Z,Payment Question,Email,Closed,8.8,4,true
INS-CS-000302,INS-CL-000407,INS-PL-003995,2026-03-03T08:07:49.000Z,Claim Status,Mobile App,Closed,6.5,,false
INS-CS-000303,INS-CL-000408,INS-PL-004012,2024-11-12T11:48:52.000Z,Payment Question,Mobile App,Open,10.1,4,true
INS-CS-000304,INS-CL-000409,INS-PL-004018,2025-01-04T07:37:38.000Z,Claim Status,Phone,Closed,18.0,,true
INS-CS-000305,INS-CL-000411,INS-PL-004045,2026-09-06T16:52:41.000Z,Rental/Repair,Phone,Closed,18.0,3,true
INS-CS-000306,INS-CL-000411,INS-PL-004045,2026-08-31T15:09:22.000Z,Rental/Repair,Phone,Closed,5.8,,false
INS-CS-000307,INS-CL-000412,INS-PL-004069,2025-04-02T18:17:26.000Z,Payment Question,Email,Closed,5.6,,true
INS-CS-000308,INS-CL-000412,INS-PL-004069,2025-03-14T14:04:29.000Z,Payment Question,Phone,Open,14.8,,false
INS-CS-000309,INS-CL-000415,INS-PL-004092,2026-06-19T18:52:10.000Z,Claim Status,Mobile App,Closed,17.9,3,false
INS-CS-000310,INS-CL-000415,INS-PL-004092,2026-07-02T12:30:08.000Z,Payment Question,Chat,Open,10.3,,true
INS-CS-000311,INS-CL-000417,INS-PL-004146,2026-07-10T16:30:22.000Z,Document Request,Phone,Closed,12.7,5,false
INS-CS-000312,INS-CL-000418,INS-PL-004158,2026-01-11T12:12:35.000Z,Adjuster Contact,Email,Open,18.1,,true
INS-CS-000313,INS-CL-000420,INS-PL-004161,2024-09-11T17:35:12.000Z,Rental/Repair,Phone,Open,9.6,,false
INS-CS-000314,INS-CL-000420,INS-PL-004161,2024-09-12T11:48:56.000Z,Adjuster Contact,Mobile App,Closed,12.6,,false
INS-CS-000315,INS-CL-000421,INS-PL-004165,2025-03-13T14:16:55.000Z,Adjuster Contact,Mobile App,Closed,7.5,1,false
INS-CS-000316,INS-CL-000424,INS-PL-004190,2025-08-29T16:04:12.000Z,Claim Status,Phone,Closed,10.4,5,false
INS-CS-000317,INS-CL-000426,INS-PL-004200,2024-09-29T19:19:21.000Z,Payment Question,Phone,Open,9.6,,false
INS-CS-000318,INS-CL-000428,INS-PL-004221,2025-12-21T09:11:36.000Z,Payment Question,Chat,Closed,14.8,3,true
INS-CS-000319,INS-CL-000429,INS-PL-004229,2025-03-25T12:59:25.000Z,Rental/Repair,Phone,Closed,9.2,,true
INS-CS-000320,INS-CL-000431,INS-PL-004244,2025-03-12T09:54:44.000Z,Claim Status,Chat,Closed,11.0,,false
INS-CS-000321,INS-CL-000431,INS-PL-004244,2025-03-28T07:21:22.000Z,Document Request,Email,Closed,5.7,,false
INS-CS-000322,INS-CL-000433,INS-PL-004261,2026-06-28T13:06:49.000Z,Claim Status,Chat,Closed,7.1,,true
INS-CS-000323,INS-CL-000433,INS-PL-004261,2026-06-30T14:39:19.000Z,Payment Question,Mobile App,Open,13.3,5,false
INS-CS-000324,INS-CL-000434,INS-PL-004271,2025-08-27T18:11:36.000Z,Claim Status,Chat,Open,7.0,,true
INS-CS-000325,INS-CL-000437,INS-PL-004309,2026-06-22T19:04:27.000Z,Claim Status,Phone,Closed,5.3,3,false
INS-CS-000326,INS-CL-000437,INS-PL-004309,2026-07-03T07:10:29.000Z,Adjuster Contact,Phone,Closed,5.6,,true
INS-CS-000327,INS-CL-000438,INS-PL-004310,2026-02-27T19:15:05.000Z,Payment Question,Phone,Closed,16.1,,true
INS-CS-000328,INS-CL-000439,INS-PL-004311,2026-04-16T11:27:10.000Z,Claim Status,Phone,Open,12.9,4,false
INS-CS-000329,INS-CL-000439,INS-PL-004311,2026-03-26T09:06:39.000Z,Payment Question,Email,Closed,6.0,,true
INS-CS-000330,INS-CL-000441,INS-PL-004324,2025-05-01T10:26:20.000Z,Document Request,Phone,Closed,6.0,5,false
INS-CS-000331,INS-CL-000442,INS-PL-004332,2024-12-15T11:29:46.000Z,Adjuster Contact,Email,Open,4.7,,false
INS-CS-000332,INS-CL-000443,INS-PL-004345,2024-10-07T16:58:59.000Z,Payment Question,Mobile App,Closed,4.1,4,false
INS-CS-000333,INS-CL-000446,INS-PL-004370,2024-12-10T13:45:04.000Z,Document Request,Mobile App,Closed,8.2,4,true
INS-CS-000334,INS-CL-000446,INS-PL-004370,2024-12-05T11:05:52.000Z,Document Request,Email,Open,16.3,,false
INS-CS-000335,INS-CL-000447,INS-PL-004409,2025-08-24T11:00:58.000Z,Adjuster Contact,Phone,Closed,13.6,,true
INS-CS-000336,INS-CL-000447,INS-PL-004409,2025-08-27T19:55:27.000Z,Document Request,Chat,Open,14.8,,false
INS-CS-000337,INS-CL-000448,INS-PL-004428,2024-10-27T07:30:19.000Z,Document Request,Email,Closed,3.6,,true
INS-CS-000338,INS-CL-000450,INS-PL-004436,2026-07-09T12:25:28.000Z,Rental/Repair,Email,Closed,11.4,,false
INS-CS-000339,INS-CL-000451,INS-PL-004447,2024-10-27T13:48:17.000Z,Adjuster Contact,Phone,Closed,8.8,1,true
INS-CS-000340,INS-CL-000451,INS-PL-004447,2024-10-15T17:26:16.000Z,Claim Status,Phone,Open,12.9,3,true
INS-CS-000341,INS-CL-000454,INS-PL-004479,2024-09-17T12:19:11.000Z,Rental/Repair,Chat,Closed,18.3,5,false
INS-CS-000342,INS-CL-000454,INS-PL-004479,2024-09-19T08:59:30.000Z,Adjuster Contact,Phone,Closed,11.2,,true
INS-CS-000343,INS-CL-000457,INS-PL-004518,2024-10-01T15:48:03.000Z,Rental/Repair,Phone,Open,7.7,1,false
INS-CS-000344,INS-CL-000458,INS-PL-004524,2025-09-27T19:51:21.000Z,Payment Question,Chat,Closed,8.8,1,false
INS-CS-000345,INS-CL-000459,INS-PL-004527,2024-10-22T13:18:23.000Z,Rental/Repair,Mobile App,Closed,12.2,,true
INS-CS-000346,INS-CL-000462,INS-PL-004544,2025-04-06T11:34:05.000Z,Claim Status,Mobile App,Closed,10.4,,true
INS-CS-000347,INS-CL-000462,INS-PL-004544,2025-04-27T14:51:27.000Z,Adjuster Contact,Chat,Closed,5.6,3,true
INS-CS-000348,INS-CL-000463,INS-PL-004550,2026-07-17T19:59:51.000Z,Adjuster Contact,Phone,Closed,8.3,,false
INS-CS-000349,INS-CL-000464,INS-PL-004551,2024-11-20T13:51:15.000Z,Payment Question,Phone,Open,6.8,3,false
INS-CS-000350,INS-CL-000468,INS-PL-004625,2026-06-19T10:51:32.000Z,Claim Status,Mobile App,Closed,13.0,4,true
INS-CS-000351,INS-CL-000473,INS-PL-004662,2024-10-05T07:58:16.000Z,Document Request,Email,Closed,4.2,5,false
INS-CS-000352,INS-CL-000474,INS-PL-004673,2025-11-16T15:43:47.000Z,Adjuster Contact,Phone,Closed,10.5,2,false
INS-CS-000353,INS-CL-000476,INS-PL-004688,2024-12-30T09:02:11.000Z,Rental/Repair,Chat,Open,3.5,,false
INS-CS-000354,INS-CL-000477,INS-PL-004694,2025-03-09T13:01:52.000Z,Payment Question,Phone,Open,15.2,4,false
INS-CS-000355,INS-CL-000480,INS-PL-004710,2024-12-02T08:23:21.000Z,Payment Question,Email,Closed,4.5,,false
INS-CS-000356,INS-CL-000481,INS-PL-004729,2025-02-22T15:10:03.000Z,Payment Question,Chat,Closed,13.8,,false
INS-CS-000357,INS-CL-000482,INS-PL-004735,2026-02-14T17:28:53.000Z,Payment Question,Phone,Open,4.5,5,false
INS-CS-000358,INS-CL-000483,INS-PL-004742,2026-07-05T13:26:05.000Z,Payment Question,Mobile App,Closed,5.5,,false
INS-CS-000359,INS-CL-000484,INS-PL-004744,2025-07-11T17:42:49.000Z,Payment Question,Mobile App,Closed,5.8,1,false
INS-CS-000360,INS-CL-000484,INS-PL-004744,2025-07-08T10:52:30.000Z,Document Request,Chat,Closed,3.6,,false
INS-CS-000361,INS-CL-000485,INS-PL-004749,2026-09-02T14:21:21.000Z,Adjuster Contact,Phone,Closed,10.7,5,true
INS-CS-000362,INS-CL-000487,INS-PL-004768,2025-12-24T19:16:37.000Z,Rental/Repair,Phone,Closed,6.8,,true
INS-CS-000363,INS-CL-000488,INS-PL-004770,2025-02-20T10:26:37.000Z,Rental/Repair,Email,Open,18.0,,true
INS-CS-000364,INS-CL-000488,INS-PL-004770,2025-03-03T10:57:07.000Z,Adjuster Contact,Chat,Closed,5.7,,true
INS-CS-000365,INS-CL-000489,INS-PL-004777,2026-06-17T19:40:25.000Z,Adjuster Contact,Email,Closed,7.4,,false
INS-CS-000366,INS-CL-000490,INS-PL-004788,2025-02-21T09:38:26.000Z,Adjuster Contact,Email,Closed,4.4,2,false
INS-CS-000367,INS-CL-000491,INS-PL-004793,2025-01-16T11:25:00.000Z,Document Request,Chat,Closed,7.6,,true
INS-CS-000368,INS-CL-000491,INS-PL-004793,2025-01-01T10:11:29.000Z,Payment Question,Email,Closed,9.6,4,true
INS-CS-000369,INS-CL-000492,INS-PL-004800,2026-08-10T19:49:36.000Z,Claim Status,Email,Closed,14.3,3,true
INS-CS-000370,INS-CL-000492,INS-PL-004800,2026-08-26T08:22:50.000Z,Document Request,Chat,Open,2.8,5,false
INS-CS-000371,INS-CL-000493,INS-PL-004801,2024-09-27T15:37:13.000Z,Claim Status,Mobile App,Closed,8.3,4,false
INS-CS-000372,INS-CL-000496,INS-PL-004812,2026-09-03T16:24:05.000Z,Document Request,Mobile App,Closed,9.3,,false
INS-CS-000373,INS-CL-000497,INS-PL-004824,2024-09-29T14:21:37.000Z,Document Request,Mobile App,Closed,10.3,5,true
INS-CS-000374,INS-CL-000499,INS-PL-004863,2025-11-01T10:56:13.000Z,Claim Status,Mobile App,Open,12.6,1,false
INS-CS-000375,INS-CL-000500,INS-PL-004864,2024-09-21T19:37:26.000Z,Adjuster Contact,Email,Closed,7.0,4,false
INS-CS-000376,INS-CL-000501,INS-PL-004870,2025-09-23T10:35:54.000Z,Claim Status,Chat,Open,8.3,,false
INS-CS-000377,INS-CL-000504,INS-PL-004880,2026-03-26T12:05:30.000Z,Document Request,Phone,Closed,8.2,3,true
INS-CS-000378,INS-CL-000505,INS-PL-004883,2026-01-25T17:36:07.000Z,Rental/Repair,Mobile App,Closed,7.2,,true
INS-CS-000379,INS-CL-000506,INS-PL-004892,2024-10-23T11:13:09.000Z,Document Request,Chat,Closed,10.4,,false
INS-CS-000380,INS-CL-000510,INS-PL-004917,2025-03-16T19:11:24.000Z,Adjuster Contact,Email,Closed,13.2,2,true
INS-CS-000381,INS-CL-000512,INS-PL-004944,2026-06-19T09:53:25.000Z,Document Request,Mobile App,Closed,8.4,,true
INS-CS-000382,INS-CL-000514,INS-PL-004956,2025-06-25T19:06:16.000Z,Rental/Repair,Mobile App,Closed,6.2,1,true
INS-CS-000383,INS-CL-000514,INS-PL-004956,2025-06-16T08:46:24.000Z,Claim Status,Phone,Closed,18.4,,true
INS-CS-000384,INS-CL-000515,INS-PL-004958,2026-06-30T19:05:08.000Z,Document Request,Email,Closed,8.8,4,true
INS-CS-000385,INS-CL-000515,INS-PL-004958,2026-07-12T10:05:02.000Z,Claim Status,Chat,Closed,3.5,3,false
INS-CS-000386,INS-CL-000517,INS-PL-004976,2025-11-08T12:18:08.000Z,Claim Status,Email,Closed,17.6,3,false
INS-CS-000387,INS-CL-000520,INS-PL-005008,2026-04-29T19:14:55.000Z,Claim Status,Chat,Closed,13.2,,false
INS-CS-000388,INS-CL-000523,INS-PL-005027,2026-06-25T12:43:03.000Z,Payment Question,Mobile App,Open,15.4,,false
INS-CS-000389,INS-CL-000524,INS-PL-005037,2026-02-11T14:31:47.000Z,Adjuster Contact,Chat,Open,9.5,,true
INS-CS-000390,INS-CL-000526,INS-PL-005067,2026-09-26T10:27:02.000Z,Document Request,Phone,Closed,6.1,,true
INS-CS-000391,INS-CL-000527,INS-PL-005071,2024-09-28T17:28:37.000Z,Payment Question,Email,Open,6.0,,false
INS-CS-000392,INS-CL-000528,INS-PL-005093,2025-12-07T15:55:56.000Z,Payment Question,Email,Open,5.1,2,true
INS-CS-000393,INS-CL-000532,INS-PL-005114,2026-08-30T11:16:29.000Z,Claim Status,Phone,Closed,13.2,,false
INS-CS-000394,INS-CL-000534,INS-PL-005137,2025-05-22T10:47:03.000Z,Payment Question,Phone,Closed,6.4,,true
INS-CS-000395,INS-CL-000534,INS-PL-005137,2025-05-16T13:05:03.000Z,Claim Status,Phone,Closed,22.9,2,true
INS-CS-000396,INS-CL-000535,INS-PL-005144,2026-03-12T19:56:58.000Z,Rental/Repair,Chat,Open,15.2,5,false
INS-CS-000397,INS-CL-000536,INS-PL-005149,2025-08-24T19:03:35.000Z,Payment Question,Chat,Closed,9.6,,false
INS-CS-000398,INS-CL-000537,INS-PL-005157,2025-01-10T08:48:43.000Z,Payment Question,Mobile App,Closed,8.9,4,false
INS-CS-000399,INS-CL-000537,INS-PL-005157,2024-12-28T19:39:14.000Z,Payment Question,Email,Open,8.8,,true
INS-CS-000400,INS-CL-000539,INS-PL-005176,2024-09-11T14:38:04.000Z,Payment Question,Mobile App,Closed,14.2,1,false
INS-CS-000401,INS-CL-000540,INS-PL-005183,2024-09-27T19:51:53.000Z,Claim Status,Phone,Closed,10.3,1,true
INS-CS-000402,INS-CL-000542,INS-PL-005207,2026-08-14T13:35:46.000Z,Document Request,Chat,Closed,9.6,,true
INS-CS-000403,INS-CL-000543,INS-PL-005208,2024-10-02T19:51:47.000Z,Claim Status,Email,Closed,11.2,,false
INS-CS-000404,INS-CL-000544,INS-PL-005210,2026-07-05T15:33:50.000Z,Rental/Repair,Mobile App,Open,7.4,,false
INS-CS-000405,INS-CL-000546,INS-PL-005234,2025-04-02T11:27:55.000Z,Payment Question,Email,Open,2.8,,false
INS-CS-000406,INS-CL-000547,INS-PL-005251,2026-03-19T17:25:06.000Z,Document Request,Phone,Closed,7.2,2,true
INS-CS-000407,INS-CL-000547,INS-PL-005251,2026-03-20T12:47:52.000Z,Payment Question,Email,Open,10.4,,true
INS-CS-000408,INS-CL-000549,INS-PL-005256,2026-08-21T19:39:35.000Z,Payment Question,Phone,Closed,8.6,5,false
INS-CS-000409,INS-CL-000550,INS-PL-005269,2024-12-27T14:31:20.000Z,Document Request,Chat,Open,6.5,,false
INS-CS-000410,INS-CL-000550,INS-PL-005269,2024-12-27T17:42:50.000Z,Rental/Repair,Chat,Open,6.3,,true
INS-CS-000411,INS-CL-000552,INS-PL-005288,2024-12-03T19:25:59.000Z,Payment Question,Mobile App,Closed,32.5,,false
INS-CS-000412,INS-CL-000553,INS-PL-005290,2024-10-04T19:38:25.000Z,Adjuster Contact,Email,Closed,21.5,,true
INS-CS-000413,INS-CL-000555,INS-PL-005311,2025-06-29T15:19:10.000Z,Document Request,Mobile App,Closed,6.2,1,false
INS-CS-000414,INS-CL-000557,INS-PL-005321,2024-10-06T11:15:40.000Z,Claim Status,Chat,Closed,5.8,3,true
INS-CS-000415,INS-CL-000558,INS-PL-005324,2025-03-26T13:26:14.000Z,Payment Question,Chat,Closed,23.7,,false
INS-CS-000416,INS-CL-000561,INS-PL-005359,2026-06-17T07:36:41.000Z,Document Request,Email,Closed,9.5,,false
INS-CS-000417,INS-CL-000563,INS-PL-005381,2026-01-06T16:47:45.000Z,Payment Question,Email,Open,5.3,4,true
INS-CS-000418,INS-CL-000563,INS-PL-005381,2026-01-12T18:48:45.000Z,Adjuster Contact,Phone,Closed,13.3,5,true
INS-CS-000419,INS-CL-000564,INS-PL-005392,2026-08-30T18:46:26.000Z,Rental/Repair,Email,Closed,7.6,,false
INS-CS-000420,INS-CL-000565,INS-PL-005401,2025-03-23T07:14:44.000Z,Document Request,Email,Closed,12.1,,false
INS-CS-000421,INS-CL-000567,INS-PL-005425,2025-05-24T13:41:05.000Z,Payment Question,Mobile App,Closed,8.3,2,false
INS-CS-000422,INS-CL-000567,INS-PL-005425,2025-05-25T15:19:42.000Z,Rental/Repair,Mobile App,Open,8.1,,true
INS-CS-000423,INS-CL-000570,INS-PL-005445,2024-09-19T07:09:19.000Z,Payment Question,Mobile App,Closed,16.8,,false
INS-CS-000424,INS-CL-000570,INS-PL-005445,2024-09-21T19:27:31.000Z,Rental/Repair,Phone,Closed,15.2,,true
INS-CS-000425,INS-CL-000571,INS-PL-005452,2025-02-10T16:36:04.000Z,Claim Status,Email,Closed,25.9,1,false
INS-CS-000426,INS-CL-000572,INS-PL-005458,2026-06-22T07:53:52.000Z,Claim Status,Email,Open,5.9,5,true
INS-CS-000427,INS-CL-000573,INS-PL-005462,2026-05-26T10:48:57.000Z,Adjuster Contact,Chat,Closed,8.5,,false
INS-CS-000428,INS-CL-000575,INS-PL-005500,2026-08-05T08:39:58.000Z,Document Request,Email,Closed,5.5,,false
INS-CS-000429,INS-CL-000576,INS-PL-005501,2025-01-13T16:39:27.000Z,Adjuster Contact,Chat,Closed,10.8,,true
INS-CS-000430,INS-CL-000577,INS-PL-005507,2026-04-08T14:07:07.000Z,Document Request,Chat,Open,9.7,5,false
INS-CS-000431,INS-CL-000579,INS-PL-005526,2026-08-11T19:30:12.000Z,Adjuster Contact,Chat,Open,9.8,,true
INS-CS-000432,INS-CL-000580,INS-PL-005551,2024-10-20T11:04:22.000Z,Claim Status,Chat,Closed,7.9,2,false
INS-CS-000433,INS-CL-000580,INS-PL-005551,2024-10-30T14:19:46.000Z,Document Request,Email,Open,9.2,,false
INS-CS-000434,INS-CL-000581,INS-PL-005552,2024-10-31T18:17:09.000Z,Claim Status,Email,Closed,8.9,,false
INS-CS-000435,INS-CL-000581,INS-PL-005552,2024-11-10T07:24:34.000Z,Payment Question,Mobile App,Closed,8.3,3,false
INS-CS-000436,INS-CL-000582,INS-PL-005556,2026-09-06T14:16:47.000Z,Rental/Repair,Chat,Open,10.0,,true
INS-CS-000437,INS-CL-000584,INS-PL-005609,2024-12-15T08:17:17.000Z,Document Request,Chat,Open,7.4,4,false
INS-CS-000438,INS-CL-000585,INS-PL-005614,2025-07-09T07:42:24.000Z,Adjuster Contact,Mobile App,Open,10.4,2,false
INS-CS-000439,INS-CL-000586,INS-PL-005618,2026-02-10T11:31:44.000Z,Claim Status,Phone,Closed,25.7,3,true
INS-CS-000440,INS-CL-000587,INS-PL-005627,2025-11-23T12:31:49.000Z,Payment Question,Chat,Closed,6.6,,true
INS-CS-000441,INS-CL-000587,INS-PL-005627,2025-12-09T18:17:25.000Z,Claim Status,Email,Closed,11.2,2,true
INS-CS-000442,INS-CL-000589,INS-PL-005640,2025-03-09T10:31:53.000Z,Claim Status,Mobile App,Closed,9.6,2,true
INS-CS-000443,INS-CL-000598,INS-PL-005757,2026-08-04T10:28:29.000Z,Document Request,Mobile App,Closed,4.9,1,true
INS-CS-000444,INS-CL-000599,INS-PL-005771,2026-07-31T16:40:57.000Z,Document Request,Mobile App,Closed,7.7,,false
INS-CS-000445,INS-CL-000600,INS-PL-005779,2026-02-04T10:06:27.000Z,Payment Question,Mobile App,Open,22.5,5,true
INS-CS-000446,INS-CL-000601,INS-PL-005788,2026-03-16T15:31:40.000Z,Document Request,Mobile App,Open,4.4,,false
INS-CS-000447,INS-CL-000602,INS-PL-005792,2025-01-27T17:36:20.000Z,Claim Status,Mobile App,Closed,6.7,5,false
INS-CS-000448,INS-CL-000603,INS-PL-005806,2025-02-01T15:25:36.000Z,Claim Status,Chat,Open,9.4,1,false
INS-CS-000449,INS-CL-000604,INS-PL-005830,2025-02-27T13:27:08.000Z,Adjuster Contact,Email,Closed,6.9,,false
INS-CS-000450,INS-CL-000607,INS-PL-005870,2026-08-20T13:55:37.000Z,Adjuster Contact,Chat,Closed,8.8,,false
INS-CS-000451,INS-CL-000607,INS-PL-005870,2026-08-19T08:03:10.000Z,Adjuster Contact,Mobile App,Open,9.0,5,false
INS-CS-000452,INS-CL-000608,INS-PL-005876,2026-07-10T15:48:03.000Z,Claim Status,Chat,Closed,8.5,,false
INS-CS-000453,INS-CL-000611,INS-PL-005931,2025-02-22T14:00:26.000Z,Payment Question,Email,Closed,10.8,,false
INS-CS-000454,INS-CL-000611,INS-PL-005931,2025-02-19T08:11:54.000Z,Payment Question,Email,Closed,11.8,5,false
INS-CS-000455,INS-CL-000612,INS-PL-005934,2024-10-14T13:57:40.000Z,Adjuster Contact,Email,Closed,16.4,3,false
INS-CS-000456,INS-CL-000614,INS-PL-005940,2026-03-24T19:41:42.000Z,Adjuster Contact,Email,Closed,17.1,,false
INS-CS-000457,INS-CL-000615,INS-PL-005941,2026-08-26T07:22:08.000Z,Payment Question,Phone,Closed,14.8,,false
INS-CS-000458,INS-CL-000616,INS-PL-005955,2026-05-28T07:56:58.000Z,Document Request,Mobile App,Open,10.4,,false
INS-CS-000459,INS-CL-000617,INS-PL-005956,2026-06-26T17:08:43.000Z,Claim Status,Phone,Open,8.0,1,false
INS-CS-000460,INS-CL-000619,INS-PL-005966,2026-07-03T19:29:35.000Z,Document Request,Email,Open,13.2,,true
INS-CS-000461,INS-CL-000620,INS-PL-005968,2026-02-28T08:08:06.000Z,Document Request,Email,Open,13.2,,false
INS-CS-000462,INS-CL-000621,INS-PL-005975,2025-08-16T14:37:01.000Z,Adjuster Contact,Mobile App,Closed,6.4,,false
INS-CS-000463,INS-CL-000622,INS-PL-005993,2024-10-26T12:26:45.000Z,Payment Question,Mobile App,Open,6.9,,false
INS-CS-000464,INS-CL-000623,INS-PL-006020,2025-01-04T07:22:14.000Z,Document Request,Mobile App,Closed,10.1,4,true
INS-CS-000465,INS-CL-000624,INS-PL-006033,2025-08-20T18:14:44.000Z,Claim Status,Mobile App,Open,13.5,,true
INS-CS-000466,INS-CL-000626,INS-PL-006049,2025-08-30T18:53:03.000Z,Claim Status,Phone,Open,12.4,1,false
INS-CS-000467,INS-CL-000628,INS-PL-006096,2026-06-22T15:24:56.000Z,Adjuster Contact,Email,Closed,14.2,,true
INS-CS-000468,INS-CL-000630,INS-PL-006125,2024-12-12T08:59:06.000Z,Claim Status,Email,Closed,21.0,4,true
INS-CS-000469,INS-CL-000631,INS-PL-006133,2024-09-26T17:28:04.000Z,Payment Question,Email,Closed,14.4,,true
INS-CS-000470,INS-CL-000631,INS-PL-006133,2024-09-23T16:33:34.000Z,Payment Question,Phone,Open,9.3,4,false
INS-CS-000471,INS-CL-000633,INS-PL-006157,2025-10-05T07:33:18.000Z,Adjuster Contact,Phone,Closed,7.8,,true
INS-CS-000472,INS-CL-000634,INS-PL-006162,2025-07-09T10:26:10.000Z,Document Request,Chat,Closed,5.3,,true
INS-CS-000473,INS-CL-000634,INS-PL-006162,2025-07-22T18:00:29.000Z,Claim Status,Chat,Closed,10.1,,true
INS-CS-000474,INS-CL-000636,INS-PL-006190,2025-04-03T15:34:50.000Z,Adjuster Contact,Mobile App,Open,10.5,,true
INS-CS-000475,INS-CL-000639,INS-PL-006231,2026-08-30T10:21:53.000Z,Document Request,Email,Open,9.9,,false
INS-CS-000476,INS-CL-000639,INS-PL-006231,2026-08-18T18:17:43.000Z,Adjuster Contact,Mobile App,Closed,5.5,5,true
INS-CS-000477,INS-CL-000641,INS-PL-006246,2026-04-26T19:59:54.000Z,Claim Status,Mobile App,Closed,8.7,,true
INS-CS-000478,INS-CL-000641,INS-PL-006246,2026-04-22T10:07:09.000Z,Claim Status,Mobile App,Closed,16.6,,true
INS-CS-000479,INS-CL-000643,INS-PL-006261,2026-09-03T16:52:09.000Z,Adjuster Contact,Email,Closed,8.4,,false
INS-CS-000480,INS-CL-000643,INS-PL-006261,2026-08-17T12:56:46.000Z,Document Request,Phone,Closed,15.5,1,false
INS-CS-000481,INS-CL-000645,INS-PL-006271,2026-03-01T09:33:27.000Z,Claim Status,Mobile App,Closed,10.6,,true
INS-CS-000482,INS-CL-000645,INS-PL-006271,2026-03-08T09:12:06.000Z,Payment Question,Email,Open,9.3,,false
INS-CS-000483,INS-CL-000646,INS-PL-006274,2026-08-25T07:35:49.000Z,Claim Status,Phone,Open,17.7,,false
INS-CS-000484,INS-CL-000646,INS-PL-006274,2026-08-14T19:08:23.000Z,Rental/Repair,Chat,Open,6.0,,true
INS-CS-000485,INS-CL-000647,INS-PL-006275,2026-06-20T10:25:08.000Z,Payment Question,Mobile App,Open,6.7,3,false
INS-CS-000486,INS-CL-000648,INS-PL-006279,2025-05-27T12:54:53.000Z,Claim Status,Email,Open,3.4,,false
INS-CS-000487,INS-CL-000657,INS-PL-006347,2025-02-21T19:27:59.000Z,Payment Question,Phone,Closed,4.1,2,true
INS-CS-000488,INS-CL-000659,INS-PL-006366,2026-01-12T10:20:43.000Z,Payment Question,Mobile App,Closed,11.5,4,false
INS-CS-000489,INS-CL-000663,INS-PL-006426,2026-05-27T16:25:07.000Z,Adjuster Contact,Chat,Closed,11.0,,true
INS-CS-000490,INS-CL-000664,INS-PL-006427,2026-06-28T11:42:33.000Z,Payment Question,Chat,Open,14.1,,false
INS-CS-000491,INS-CL-000665,INS-PL-006435,2025-04-29T18:49:42.000Z,Adjuster Contact,Email,Closed,7.7,5,false
INS-CS-000492,INS-CL-000667,INS-PL-006439,2025-04-03T16:25:54.000Z,Claim Status,Phone,Closed,10.6,2,false
INS-CS-000493,INS-CL-000670,INS-PL-006470,2026-06-20T13:54:28.000Z,Adjuster Contact,Email,Closed,10.3,5,false
INS-CS-000494,INS-CL-000671,INS-PL-006494,2024-10-15T08:39:31.000Z,Payment Question,Chat,Closed,9.0,3,false
INS-CS-000495,INS-CL-000673,INS-PL-006518,2024-11-15T09:16:44.000Z,Claim Status,Chat,Closed,7.6,,false
INS-CS-000496,INS-CL-000674,INS-PL-006520,2026-08-11T08:27:10.000Z,Claim Status,Email,Open,12.1,1,true
INS-CS-000497,INS-CL-000674,INS-PL-006520,2026-07-02T07:02:05.000Z,Document Request,Chat,Closed,5.2,1,false
INS-CS-000498,INS-CL-000675,INS-PL-006544,2026-06-28T19:02:42.000Z,Document Request,Phone,Closed,13.7,,false
INS-CS-000499,INS-CL-000677,INS-PL-006552,2026-08-05T18:25:36.000Z,Document Request,Chat,Closed,14.4,5,true
INS-CS-000500,INS-CL-000677,INS-PL-006552,2026-08-09T16:21:29.000Z,Claim Status,Mobile App,Closed,9.3,,true
INS-CS-000501,INS-CL-000678,INS-PL-006566,2026-05-09T17:16:07.000Z,Rental/Repair,Email,Open,14.6,,false
INS-CS-000502,INS-CL-000680,INS-PL-006594,2026-05-17T14:30:59.000Z,Rental/Repair,Chat,Closed,7.2,1,true
INS-CS-000503,INS-CL-000682,INS-PL-006607,2026-05-15T09:17:54.000Z,Payment Question,Mobile App,Open,4.7,4,false
INS-CS-000504,INS-CL-000682,INS-PL-006607,2026-05-19T16:15:36.000Z,Document Request,Mobile App,Closed,7.4,,false
INS-CS-000505,INS-CL-000683,INS-PL-006613,2024-12-04T18:15:54.000Z,Document Request,Email,Open,6.9,3,false
INS-CS-000506,INS-CL-000685,INS-PL-006642,2026-05-12T18:19:40.000Z,Claim Status,Chat,Open,10.5,5,true
INS-CS-000507,INS-CL-000686,INS-PL-006644,2025-03-13T13:39:53.000Z,Document Request,Mobile App,Closed,3.7,,false
INS-CS-000508,INS-CL-000687,INS-PL-006650,2026-07-31T18:54:45.000Z,Claim Status,Phone,Closed,12.8,5,true
INS-CS-000509,INS-CL-000688,INS-PL-006693,2025-07-14T11:45:40.000Z,Adjuster Contact,Email,Closed,12.4,,false
INS-CS-000510,INS-CL-000690,INS-PL-006713,2026-04-24T17:07:11.000Z,Payment Question,Phone,Open,5.2,3,true
INS-CS-000511,INS-CL-000691,INS-PL-006715,2026-06-21T07:28:52.000Z,Adjuster Contact,Phone,Closed,7.3,4,false
INS-CS-000512,INS-CL-000691,INS-PL-006715,2026-06-30T09:18:10.000Z,Document Request,Mobile App,Closed,10.8,4,true
INS-CS-000513,INS-CL-000693,INS-PL-006747,2024-11-13T08:44:02.000Z,Document Request,Chat,Open,22.3,,true
INS-CS-000514,INS-CL-000693,INS-PL-006747,2024-11-20T11:00:52.000Z,Document Request,Email,Closed,8.6,2,false
INS-CS-000515,INS-CL-000695,INS-PL-006755,2025-07-26T14:13:02.000Z,Claim Status,Phone,Closed,13.8,,true
INS-CS-000516,INS-CL-000696,INS-PL-006756,2026-08-30T07:30:26.000Z,Document Request,Phone,Open,15.6,,false
INS-CS-000517,INS-CL-000698,INS-PL-006763,2026-07-07T14:26:01.000Z,Rental/Repair,Phone,Open,7.2,,false
INS-CS-000518,INS-CL-000698,INS-PL-006763,2026-06-29T19:11:39.000Z,Payment Question,Phone,Open,10.3,,false
INS-CS-000519,INS-CL-000699,INS-PL-006764,2026-03-27T18:55:50.000Z,Rental/Repair,Chat,Open,9.3,,false
INS-CS-000520,INS-CL-000701,INS-PL-006793,2026-06-28T07:22:13.000Z,Claim Status,Phone,Closed,10.5,1,true
INS-CS-000521,INS-CL-000702,INS-PL-006794,2026-07-21T09:54:59.000Z,Payment Question,Mobile App,Closed,9.0,,true
INS-CS-000522,INS-CL-000702,INS-PL-006794,2026-08-07T15:48:49.000Z,Adjuster Contact,Phone,Open,15.5,,true
INS-CS-000523,INS-CL-000704,INS-PL-006829,2025-02-14T11:46:32.000Z,Claim Status,Chat,Open,17.9,,true
INS-CS-000524,INS-CL-000706,INS-PL-006848,2025-04-02T11:15:29.000Z,Document Request,Mobile App,Closed,8.4,4,false
INS-CS-000525,INS-CL-000707,INS-PL-006871,2025-12-17T10:12:24.000Z,Document Request,Chat,Open,8.9,,false
INS-CS-000526,INS-CL-000708,INS-PL-006873,2026-06-19T14:18:56.000Z,Payment Question,Chat,Closed,22.6,,false
INS-CS-000527,INS-CL-000710,INS-PL-006885,2025-06-10T18:11:41.000Z,Claim Status,Email,Closed,6.9,,true
INS-CS-000528,INS-CL-000710,INS-PL-006885,2025-06-14T09:39:51.000Z,Rental/Repair,Chat,Closed,12.3,1,false
INS-CS-000529,INS-CL-000711,INS-PL-006903,2024-10-05T10:48:57.000Z,Adjuster Contact,Phone,Closed,11.2,1,false
INS-CS-000530,INS-CL-000711,INS-PL-006903,2024-09-29T14:15:52.000Z,Rental/Repair,Mobile App,Closed,8.0,,false
INS-CS-000531,INS-CL-000713,INS-PL-006932,2025-11-11T14:53:20.000Z,Document Request,Phone,Closed,8.2,2,true
INS-CS-000532,INS-CL-000713,INS-PL-006932,2025-11-14T09:43:36.000Z,Rental/Repair,Phone,Closed,9.0,4,true
INS-CS-000533,INS-CL-000714,INS-PL-006934,2026-08-28T11:22:32.000Z,Claim Status,Phone,Closed,12.2,4,true
INS-CS-000534,INS-CL-000716,INS-PL-006950,2026-09-06T15:36:56.000Z,Adjuster Contact,Chat,Closed,5.2,1,true
INS-CS-000535,INS-CL-000717,INS-PL-006955,2026-01-27T10:25:28.000Z,Claim Status,Mobile App,Open,4.1,1,false
INS-CS-000536,INS-CL-000718,INS-PL-006956,2026-06-29T13:10:10.000Z,Adjuster Contact,Phone,Closed,6.8,,false
INS-CS-000537,INS-CL-000719,INS-PL-006957,2025-04-09T12:40:21.000Z,Claim Status,Chat,Closed,10.3,3,false
INS-CS-000538,INS-CL-000719,INS-PL-006957,2025-04-01T11:48:55.000Z,Rental/Repair,Email,Open,10.6,3,false
INS-CS-000539,INS-CL-000720,INS-PL-006968,2026-07-23T09:26:44.000Z,Document Request,Phone,Open,7.6,3,true
INS-CS-000540,INS-CL-000720,INS-PL-006968,2026-06-30T12:22:26.000Z,Document Request,Mobile App,Closed,6.3,4,false
INS-CS-000541,INS-CL-000725,INS-PL-007038,2026-04-01T18:22:38.000Z,Adjuster Contact,Mobile App,Closed,5.4,5,false
INS-CS-000542,INS-CL-000725,INS-PL-007038,2026-04-05T19:38:43.000Z,Rental/Repair,Email,Open,6.9,5,false
INS-CS-000543,INS-CL-000726,INS-PL-007041,2025-02-15T11:45:13.000Z,Rental/Repair,Chat,Closed,6.8,,false
INS-CS-000544,INS-CL-000727,INS-PL-007049,2025-11-17T18:38:31.000Z,Document Request,Email,Open,6.4,,false
INS-CS-000545,INS-CL-000727,INS-PL-007049,2025-11-20T12:36:10.000Z,Payment Question,Email,Closed,5.9,,false
INS-CS-000546,INS-CL-000728,INS-PL-007051,2025-08-06T12:35:06.000Z,Document Request,Chat,Open,8.8,,true
INS-CS-000547,INS-CL-000729,INS-PL-007065,2025-11-06T15:43:29.000Z,Document Request,Email,Closed,3.3,3,false
INS-CS-000548,INS-CL-000730,INS-PL-007067,2024-09-21T07:58:33.000Z,Document Request,Email,Closed,3.8,,true
INS-CS-000549,INS-CL-000734,INS-PL-007124,2025-03-31T10:49:11.000Z,Rental/Repair,Email,Closed,6.2,,true
INS-CS-000550,INS-CL-000734,INS-PL-007124,2025-04-03T10:27:06.000Z,Document Request,Phone,Open,12.4,,false
INS-CS-000551,INS-CL-000735,INS-PL-007125,2026-09-13T19:36:37.000Z,Payment Question,Phone,Closed,2.5,4,true
INS-CS-000552,INS-CL-000736,INS-PL-007129,2024-11-10T08:30:31.000Z,Claim Status,Phone,Closed,11.8,4,false
INS-CS-000553,INS-CL-000737,INS-PL-007135,2026-07-23T08:45:11.000Z,Rental/Repair,Phone,Closed,8.4,,false
INS-CS-000554,INS-CL-000737,INS-PL-007135,2026-08-02T10:41:23.000Z,Document Request,Email,Closed,10.2,1,true
INS-CS-000555,INS-CL-000738,INS-PL-007155,2025-04-24T10:25:42.000Z,Document Request,Email,Closed,9.0,5,true
INS-CS-000556,INS-CL-000738,INS-PL-007155,2025-04-30T08:08:50.000Z,Rental/Repair,Mobile App,Closed,5.6,,false
INS-CS-000557,INS-CL-000739,INS-PL-007169,2025-02-10T15:37:29.000Z,Rental/Repair,Chat,Open,8.8,,false
INS-CS-000558,INS-CL-000740,INS-PL-007178,2025-06-19T07:19:04.000Z,Payment Question,Email,Closed,2.6,,false
INS-CS-000559,INS-CL-000740,INS-PL-007178,2025-07-03T19:53:36.000Z,Rental/Repair,Phone,Open,9.6,,false
INS-CS-000560,INS-CL-000741,INS-PL-007188,2025-05-11T18:56:13.000Z,Claim Status,Email,Closed,13.4,,false
INS-CS-000561,INS-CL-000743,INS-PL-007198,2025-08-27T14:50:08.000Z,Rental/Repair,Phone,Open,8.4,,false
INS-CS-000562,INS-CL-000744,INS-PL-007201,2024-10-22T08:57:08.000Z,Rental/Repair,Chat,Closed,10.1,,true
INS-CS-000563,INS-CL-000745,INS-PL-007203,2026-06-30T13:34:52.000Z,Adjuster Contact,Phone,Closed,9.7,4,true
INS-CS-000564,INS-CL-000745,INS-PL-007203,2026-07-01T10:12:29.000Z,Rental/Repair,Email,Open,11.0,2,true
INS-CS-000565,INS-CL-000746,INS-PL-007204,2026-04-19T10:04:44.000Z,Payment Question,Mobile App,Closed,10.0,1,false
INS-CS-000566,INS-CL-000746,INS-PL-007204,2026-04-11T10:11:37.000Z,Document Request,Phone,Open,12.0,1,true
INS-CS-000567,INS-CL-000748,INS-PL-007231,2026-06-03T18:09:27.000Z,Payment Question,Email,Open,9.5,4,true
INS-CS-000568,INS-CL-000750,INS-PL-007245,2026-06-18T07:15:08.000Z,Adjuster Contact,Phone,Closed,13.0,,false
INS-CS-000569,INS-CL-000751,INS-PL-007246,2025-03-05T08:21:16.000Z,Payment Question,Email,Closed,11.0,1,true
INS-CS-000570,INS-CL-000755,INS-PL-007278,2024-10-15T09:19:43.000Z,Adjuster Contact,Chat,Closed,11.6,1,true
INS-CS-000571,INS-CL-000755,INS-PL-007278,2024-10-20T07:43:53.000Z,Document Request,Email,Closed,11.0,2,false
INS-CS-000572,INS-CL-000756,INS-PL-007279,2026-07-05T11:04:55.000Z,Rental/Repair,Chat,Open,8.8,3,false
INS-CS-000573,INS-CL-000756,INS-PL-007279,2026-07-06T09:02:01.000Z,Adjuster Contact,Chat,Closed,10.8,5,false
INS-CS-000574,INS-CL-000757,INS-PL-007288,2025-03-25T09:43:07.000Z,Claim Status,Email,Open,9.1,,true
INS-CS-000575,INS-CL-000758,INS-PL-007313,2026-01-09T16:30:57.000Z,Document Request,Email,Open,4.3,,false
INS-CS-000576,INS-CL-000759,INS-PL-007327,2026-08-21T08:41:11.000Z,Adjuster Contact,Chat,Closed,9.1,,true
INS-CS-000577,INS-CL-000760,INS-PL-007332,2025-01-26T10:53:46.000Z,Claim Status,Mobile App,Open,12.4,2,false
INS-CS-000578,INS-CL-000760,INS-PL-007332,2025-01-25T16:04:02.000Z,Adjuster Contact,Chat,Closed,6.3,,true
INS-CS-000579,INS-CL-000762,INS-PL-007360,2024-12-01T11:30:56.000Z,Rental/Repair,Email,Closed,4.5,,true
INS-CS-000580,INS-CL-000762,INS-PL-007360,2024-11-24T11:24:37.000Z,Adjuster Contact,Email,Closed,11.9,4,false
INS-CS-000581,INS-CL-000763,INS-PL-007378,2024-12-12T16:28:41.000Z,Adjuster Contact,Mobile App,Closed,13.8,3,false
INS-CS-000582,INS-CL-000770,INS-PL-007488,2025-02-10T17:46:38.000Z,Rental/Repair,Chat,Closed,13.4,,false
INS-CS-000583,INS-CL-000771,INS-PL-007489,2026-06-21T08:37:30.000Z,Adjuster Contact,Chat,Closed,8.5,,false
INS-CS-000584,INS-CL-000772,INS-PL-007494,2026-06-27T13:54:35.000Z,Document Request,Phone,Closed,5.9,3,false
INS-CS-000585,INS-CL-000774,INS-PL-007508,2024-11-19T19:55:09.000Z,Adjuster Contact,Email,Closed,17.7,,false
INS-CS-000586,INS-CL-000774,INS-PL-007508,2024-11-16T07:10:43.000Z,Claim Status,Email,Closed,11.0,,false
INS-CS-000587,INS-CL-000775,INS-PL-007523,2024-12-31T19:47:44.000Z,Claim Status,Email,Closed,9.6,,false
INS-CS-000588,INS-CL-000777,INS-PL-007560,2024-12-31T10:57:50.000Z,Rental/Repair,Chat,Closed,14.8,3,true
INS-CS-000589,INS-CL-000777,INS-PL-007560,2025-01-04T18:14:30.000Z,Rental/Repair,Phone,Closed,4.0,4,true
INS-CS-000590,INS-CL-000778,INS-PL-007567,2024-12-21T19:26:42.000Z,Rental/Repair,Mobile App,Open,16.1,,false
INS-CS-000591,INS-CL-000779,INS-PL-007572,2025-04-18T13:03:12.000Z,Payment Question,Chat,Closed,5.0,2,true
INS-CS-000592,INS-CL-000780,INS-PL-007573,2025-07-05T08:53:49.000Z,Rental/Repair,Mobile App,Closed,6.3,2,true
INS-CS-000593,INS-CL-000780,INS-PL-007573,2025-06-29T17:13:59.000Z,Document Request,Phone,Closed,17.5,5,true
INS-CS-000594,INS-CL-000781,INS-PL-007601,2024-10-04T16:57:09.000Z,Claim Status,Email,Closed,8.5,,true
INS-CS-000595,INS-CL-000782,INS-PL-007609,2025-06-10T18:19:31.000Z,Payment Question,Chat,Closed,12.6,,true
INS-CS-000596,INS-CL-000782,INS-PL-007609,2025-06-18T17:19:18.000Z,Claim Status,Email,Closed,7.5,,true
INS-CS-000597,INS-CL-000784,INS-PL-007628,2026-07-19T16:16:45.000Z,Rental/Repair,Email,Closed,6.0,3,true
INS-CS-000598,INS-CL-000785,INS-PL-007632,2026-07-13T12:35:36.000Z,Claim Status,Mobile App,Open,7.7,4,false
INS-CS-000599,INS-CL-000786,INS-PL-007636,2026-08-23T11:15:25.000Z,Payment Question,Chat,Closed,8.1,5,true
INS-CS-000600,INS-CL-000786,INS-PL-007636,2026-08-12T09:47:14.000Z,Rental/Repair,Email,Closed,10.4,,true
INS-CS-000601,INS-CL-000789,INS-PL-007661,2025-01-07T19:14:02.000Z,Payment Question,Chat,Closed,12.6,5,false
INS-CS-000602,INS-CL-000794,INS-PL-007712,2026-07-01T19:18:09.000Z,Claim Status,Chat,Closed,6.0,2,false
INS-CS-000603,INS-CL-000794,INS-PL-007712,2026-07-13T17:00:15.000Z,Rental/Repair,Email,Closed,3.3,1,false
INS-CS-000604,INS-CL-000797,INS-PL-007775,2025-02-16T19:33:40.000Z,Rental/Repair,Email,Closed,7.4,3,false
INS-CS-000605,INS-CL-000799,INS-PL-007779,2025-10-19T12:41:19.000Z,Payment Question,Mobile App,Closed,8.0,3,false
INS-CS-000606,INS-CL-000800,INS-PL-007790,2024-09-30T08:39:21.000Z,Payment Question,Chat,Open,4.1,,true
INS-CS-000607,INS-CL-000800,INS-PL-007790,2024-10-14T11:04:47.000Z,Payment Question,Mobile App,Closed,18.6,,true
INS-CS-000608,INS-CL-000801,INS-PL-007791,2026-04-03T11:50:08.000Z,Rental/Repair,Email,Closed,9.2,3,false
INS-CS-000609,INS-CL-000805,INS-PL-007832,2025-01-24T12:39:55.000Z,Adjuster Contact,Chat,Closed,4.5,,true
INS-CS-000610,INS-CL-000806,INS-PL-007856,2024-11-01T14:05:00.000Z,Adjuster Contact,Mobile App,Closed,13.3,,false
INS-CS-000611,INS-CL-000811,INS-PL-007918,2025-12-20T07:33:23.000Z,Rental/Repair,Phone,Closed,11.4,3,false
INS-CS-000612,INS-CL-000813,INS-PL-007944,2026-08-28T09:30:23.000Z,Document Request,Phone,Closed,5.2,5,false
INS-CS-000613,INS-CL-000814,INS-PL-007946,2025-06-13T10:17:57.000Z,Document Request,Phone,Open,4.2,1,false
INS-CS-000614,INS-CL-000816,INS-PL-007972,2026-02-23T09:30:45.000Z,Claim Status,Phone,Open,19.5,,true
INS-CS-000615,INS-CL-000816,INS-PL-007972,2026-02-19T17:47:58.000Z,Claim Status,Email,Closed,7.5,4,true
INS-CS-000616,INS-CL-000818,INS-PL-008004,2025-12-29T14:15:17.000Z,Document Request,Phone,Closed,6.4,,false
INS-CS-000617,INS-CL-000818,INS-PL-008004,2026-01-24T15:51:58.000Z,Document Request,Phone,Open,14.6,1,false
INS-CS-000618,INS-CL-000820,INS-PL-008045,2024-12-09T08:42:07.000Z,Payment Question,Phone,Closed,4.0,5,false
INS-CS-000619,INS-CL-000822,INS-PL-008078,2026-07-15T18:24:11.000Z,Rental/Repair,Email,Closed,7.3,,false
INS-CS-000620,INS-CL-000823,INS-PL-008080,2026-09-05T17:35:15.000Z,Payment Question,Email,Closed,8.9,,false
INS-CS-000621,INS-CL-000823,INS-PL-008080,2026-08-26T16:19:55.000Z,Adjuster Contact,Email,Open,20.8,5,true
INS-CS-000622,INS-CL-000824,INS-PL-008087,2025-11-20T07:41:37.000Z,Document Request,Mobile App,Closed,4.8,1,true
INS-CS-000623,INS-CL-000825,INS-PL-008089,2026-07-16T14:53:00.000Z,Claim Status,Email,Closed,15.7,,false
INS-CS-000624,INS-CL-000826,INS-PL-008095,2025-10-27T17:49:25.000Z,Rental/Repair,Phone,Closed,5.2,2,true
INS-CS-000625,INS-CL-000827,INS-PL-008106,2026-09-06T14:16:23.000Z,Rental/Repair,Chat,Closed,7.7,,false
INS-CS-000626,INS-CL-000828,INS-PL-008116,2025-03-04T18:44:00.000Z,Payment Question,Mobile App,Open,5.4,,false
INS-CS-000627,INS-CL-000829,INS-PL-008136,2025-08-02T12:52:59.000Z,Claim Status,Phone,Closed,7.4,4,false
INS-CS-000628,INS-CL-000829,INS-PL-008136,2025-08-03T09:05:28.000Z,Claim Status,Chat,Closed,3.1,,false
INS-CS-000629,INS-CL-000830,INS-PL-008142,2026-05-10T15:35:01.000Z,Document Request,Email,Closed,4.5,,true
INS-CS-000630,INS-CL-000831,INS-PL-008152,2024-11-22T09:24:49.000Z,Payment Question,Phone,Closed,13.9,,false
INS-CS-000631,INS-CL-000832,INS-PL-008155,2024-09-25T08:26:42.000Z,Document Request,Chat,Open,10.1,3,true
INS-CS-000632,INS-CL-000833,INS-PL-008158,2025-02-21T11:42:12.000Z,Payment Question,Phone,Closed,4.3,4,false
INS-CS-000633,INS-CL-000834,INS-PL-008172,2025-02-19T17:26:11.000Z,Document Request,Email,Closed,5.0,,false
INS-CS-000634,INS-CL-000835,INS-PL-008184,2025-05-03T14:43:31.000Z,Claim Status,Email,Open,3.4,4,false
INS-CS-000635,INS-CL-000835,INS-PL-008184,2025-04-30T08:21:53.000Z,Adjuster Contact,Chat,Open,20.9,2,false
INS-CS-000636,INS-CL-000836,INS-PL-008189,2025-11-15T10:26:15.000Z,Claim Status,Phone,Closed,4.4,5,true
INS-CS-000637,INS-CL-000838,INS-PL-008199,2024-10-31T15:31:09.000Z,Adjuster Contact,Chat,Closed,5.4,2,false
INS-CS-000638,INS-CL-000839,INS-PL-008202,2026-03-20T17:43:32.000Z,Rental/Repair,Email,Closed,3.7,3,true
INS-CS-000639,INS-CL-000841,INS-PL-008217,2026-09-03T17:33:18.000Z,Adjuster Contact,Mobile App,Closed,12.6,3,true
INS-CS-000640,INS-CL-000842,INS-PL-008222,2026-03-12T09:22:20.000Z,Adjuster Contact,Mobile App,Closed,11.7,2,false
INS-CS-000641,INS-CL-000842,INS-PL-008222,2026-03-13T17:16:10.000Z,Claim Status,Mobile App,Closed,8.5,,true
INS-CS-000642,INS-CL-000846,INS-PL-008311,2026-09-05T17:07:34.000Z,Adjuster Contact,Email,Closed,11.7,,false
INS-CS-000643,INS-CL-000847,INS-PL-008313,2024-09-18T09:59:55.000Z,Document Request,Mobile App,Closed,10.4,3,true
INS-CS-000644,INS-CL-000850,INS-PL-008337,2026-09-09T11:37:33.000Z,Claim Status,Mobile App,Open,6.6,,false
INS-CS-000645,INS-CL-000852,INS-PL-008349,2025-02-07T16:11:40.000Z,Adjuster Contact,Mobile App,Closed,10.3,,true
INS-CS-000646,INS-CL-000854,INS-PL-008355,2026-08-23T12:24:20.000Z,Payment Question,Chat,Closed,3.4,,false
INS-CS-000647,INS-CL-000857,INS-PL-008406,2026-08-26T18:09:19.000Z,Adjuster Contact,Chat,Closed,5.4,3,true
INS-CS-000648,INS-CL-000857,INS-PL-008406,2026-08-17T16:54:33.000Z,Claim Status,Phone,Closed,6.0,,false
INS-CS-000649,INS-CL-000859,INS-PL-008424,2024-10-02T11:31:43.000Z,Adjuster Contact,Email,Closed,6.8,4,false
INS-CS-000650,INS-CL-000861,INS-PL-008449,2024-09-10T14:59:47.000Z,Adjuster Contact,Phone,Closed,13.0,1,true
INS-CS-000651,INS-CL-000861,INS-PL-008449,2024-09-10T11:18:31.000Z,Rental/Repair,Phone,Closed,4.1,,true
INS-CS-000652,INS-CL-000862,INS-PL-008494,2026-02-27T17:22:46.000Z,Rental/Repair,Chat,Closed,6.8,,false
INS-CS-000653,INS-CL-000863,INS-PL-008497,2026-01-26T10:33:24.000Z,Adjuster Contact,Phone,Closed,9.2,2,false
INS-CS-000654,INS-CL-000864,INS-PL-008501,2024-11-26T17:31:03.000Z,Rental/Repair,Phone,Closed,9.2,,true
INS-CS-000655,INS-CL-000865,INS-PL-008515,2025-11-23T17:47:10.000Z,Document Request,Phone,Closed,9.3,1,false
INS-CS-000656,INS-CL-000865,INS-PL-008515,2025-12-02T11:12:55.000Z,Claim Status,Phone,Open,11.8,3,true
INS-CS-000657,INS-CL-000867,INS-PL-008544,2025-03-06T17:18:22.000Z,Document Request,Chat,Closed,3.3,,true
INS-CS-000658,INS-CL-000867,INS-PL-008544,2025-03-01T12:09:35.000Z,Document Request,Phone,Closed,27.8,5,false
INS-CS-000659,INS-CL-000868,INS-PL-008554,2025-03-11T18:56:24.000Z,Document Request,Email,Closed,5.1,3,false
INS-CS-000660,INS-CL-000868,INS-PL-008554,2025-03-02T16:32:39.000Z,Adjuster Contact,Email,Closed,16.2,2,false
INS-CS-000661,INS-CL-000874,INS-PL-008589,2024-12-13T19:24:40.000Z,Adjuster Contact,Mobile App,Closed,19.0,,false
INS-CS-000662,INS-CL-000876,INS-PL-008603,2026-06-25T09:57:03.000Z,Payment Question,Email,Open,16.5,5,false
INS-CS-000663,INS-CL-000877,INS-PL-008608,2026-07-23T11:00:27.000Z,Document Request,Email,Open,6.4,,true
INS-CS-000664,INS-CL-000878,INS-PL-008625,2026-07-14T08:12:22.000Z,Adjuster Contact,Mobile App,Closed,7.5,5,true
INS-CS-000665,INS-CL-000880,INS-PL-008629,2024-12-20T10:06:06.000Z,Adjuster Contact,Chat,Closed,12.7,3,false
INS-CS-000666,INS-CL-000882,INS-PL-008704,2024-12-01T13:42:25.000Z,Adjuster Contact,Chat,Closed,6.0,5,true
INS-CS-000667,INS-CL-000883,INS-PL-008705,2026-06-27T09:22:40.000Z,Payment Question,Mobile App,Open,5.5,2,true
INS-CS-000668,INS-CL-000887,INS-PL-008731,2025-12-26T13:12:48.000Z,Payment Question,Email,Closed,21.6,4,true
INS-CS-000669,INS-CL-000890,INS-PL-008775,2026-08-26T17:46:30.000Z,Document Request,Email,Closed,6.6,3,false
INS-CS-000670,INS-CL-000892,INS-PL-008804,2024-12-02T15:59:51.000Z,Payment Question,Phone,Closed,11.2,,true
INS-CS-000671,INS-CL-000892,INS-PL-008804,2024-12-05T13:23:42.000Z,Payment Question,Mobile App,Closed,7.2,3,true
INS-CS-000672,INS-CL-000893,INS-PL-008805,2026-09-08T14:10:13.000Z,Document Request,Phone,Closed,27.0,,true
INS-CS-000673,INS-CL-000893,INS-PL-008805,2026-09-12T19:46:47.000Z,Document Request,Phone,Closed,6.9,,false
INS-CS-000674,INS-CL-000894,INS-PL-008817,2026-07-19T07:12:40.000Z,Rental/Repair,Email,Closed,10.7,2,false
INS-CS-000675,INS-CL-000898,INS-PL-008846,2025-09-19T12:18:36.000Z,Adjuster Contact,Phone,Closed,14.0,,false
INS-CS-000676,INS-CL-000902,INS-PL-008901,2025-09-16T15:41:24.000Z,Rental/Repair,Mobile App,Open,11.3,,true
INS-CS-000677,INS-CL-000902,INS-PL-008901,2025-09-20T10:58:41.000Z,Adjuster Contact,Phone,Closed,9.1,3,false
INS-CS-000678,INS-CL-000903,INS-PL-008909,2026-08-01T18:05:06.000Z,Rental/Repair,Phone,Closed,12.2,,true
INS-CS-000679,INS-CL-000904,INS-PL-008956,2024-10-21T18:05:46.000Z,Adjuster Contact,Email,Closed,9.3,,true
INS-CS-000680,INS-CL-000904,INS-PL-008956,2024-10-23T11:57:56.000Z,Rental/Repair,Phone,Closed,9.4,1,true
INS-CS-000681,INS-CL-000907,INS-PL-008966,2026-07-01T15:59:39.000Z,Adjuster Contact,Mobile App,Closed,6.9,,true
INS-CS-000682,INS-CL-000909,INS-PL-008989,2026-07-13T11:02:13.000Z,Document Request,Phone,Open,17.4,3,false
INS-CS-000683,INS-CL-000910,INS-PL-008991,2026-08-12T09:29:26.000Z,Adjuster Contact,Chat,Open,20.5,,true
INS-CS-000684,INS-CL-000911,INS-PL-008992,2025-10-07T19:28:01.000Z,Payment Question,Mobile App,Closed,4.4,,false
