FacilityId,BusinessAccountId,FacilityType,CommitmentAmount,OutstandingBalance,UtilizationPct,RiskRating,MaturityDate,CovenantUtilizationMax
CB-FC-00001,CB-BA-00001,Equipment Finance,349627.62,168248.56,48.1,2-Pass,2027-02-05,80
CB-FC-00002,CB-BA-00002,Revolving Line of Credit,12573163.12,1090108.57,8.7,4-Watch,2028-10-02,85
CB-FC-00003,CB-BA-00002,Revolving Line of Credit,36661832.36,8393037.65,22.9,1-Pass,2030-05-24,85
CB-FC-00004,CB-BA-00004,Term Loan,1301440.1,838030.61,64.4,5-Substandard,2031-05-24,75
CB-FC-00005,CB-BA-00005,Revolving Line of Credit,1490520.04,1171644.82,78.6,2-Pass,2028-01-23,85
CB-FC-00006,CB-BA-00007,CRE Mortgage,2664059.48,473842.33,17.8,2-Pass,2027-11-03,85
CB-FC-00007,CB-BA-00009,Revolving Line of Credit,177474.98,26415.66,14.9,2-Pass,2027-03-11,90
CB-FC-00008,CB-BA-00011,Letter of Credit,5092631.5,1784605.12,35.0,3-Pass,2027-04-24,85
CB-FC-00009,CB-BA-00012,Equipment Finance,7624973.17,1348149.14,17.7,1-Pass,2027-07-16,90
CB-FC-00010,CB-BA-00012,CRE Mortgage,9223956.31,614938.38,6.7,2-Pass,2027-08-09,90
CB-FC-00011,CB-BA-00015,Letter of Credit,146024.64,92863.96,63.6,3-Pass,2031-05-11,85
CB-FC-00012,CB-BA-00019,Revolving Line of Credit,210722.34,116237.74,55.2,2-Pass,2031-05-11,75
CB-FC-00013,CB-BA-00020,Revolving Line of Credit,357065.86,2257.22,0.6,2-Pass,2031-04-14,90
CB-FC-00014,CB-BA-00020,CRE Mortgage,740710.74,384843.75,52.0,2-Pass,2030-09-28,85
CB-FC-00015,CB-BA-00024,Revolving Line of Credit,119323.74,27919.99,23.4,2-Pass,2028-06-12,80
CB-FC-00016,CB-BA-00025,Equipment Finance,182905.99,51677.44,28.3,2-Pass,2031-05-18,90
CB-FC-00017,CB-BA-00025,Equipment Finance,1084837.89,694424.94,64.0,3-Pass,2031-12-18,85
CB-FC-00018,CB-BA-00026,Letter of Credit,350324441.06,19847728.74,5.7,4-Watch,2027-01-05,75
CB-FC-00019,CB-BA-00029,Revolving Line of Credit,1193970.94,684066.68,57.3,3-Pass,2027-06-24,85
CB-FC-00020,CB-BA-00029,Letter of Credit,404775.72,168515.12,41.6,3-Pass,2030-09-08,80
CB-FC-00021,CB-BA-00032,CRE Mortgage,146438840.18,49093325.92,33.5,2-Pass,2028-02-21,80
CB-FC-00022,CB-BA-00034,Letter of Credit,6736448.62,3347364.98,49.7,2-Pass,2029-09-01,80
CB-FC-00023,CB-BA-00036,Term Loan,16677946.46,2179453.19,13.1,5-Substandard,2029-03-01,75
CB-FC-00024,CB-BA-00038,Letter of Credit,1107637.83,602118.62,54.4,3-Pass,2027-09-04,75
CB-FC-00025,CB-BA-00039,Revolving Line of Credit,47623582.48,37334180.14,78.4,1-Pass,2027-01-20,75
CB-FC-00026,CB-BA-00040,Equipment Finance,19777981.42,8476374.41,42.9,2-Pass,2030-06-17,80
CB-FC-00027,CB-BA-00040,Letter of Credit,35256309.51,13335286.43,37.8,1-Pass,2027-03-21,90
CB-FC-00028,CB-BA-00042,Equipment Finance,1599946.72,151275.78,9.5,3-Pass,2028-09-21,75
CB-FC-00029,CB-BA-00042,Term Loan,1277706.6,492726.28,38.6,3-Pass,2030-04-03,85
CB-FC-00030,CB-BA-00043,Equipment Finance,95590.81,18258.11,19.1,3-Pass,2030-11-22,75
CB-FC-00031,CB-BA-00044,CRE Mortgage,10228236.48,3891674.15,38.0,3-Pass,2031-10-25,85
CB-FC-00032,CB-BA-00046,Letter of Credit,1638927.44,175636.83,10.7,1-Pass,2030-04-19,90
CB-FC-00033,CB-BA-00048,Equipment Finance,588964.6,138732.83,23.6,3-Pass,2027-01-29,90
CB-FC-00034,CB-BA-00050,Equipment Finance,1128216.52,550814.52,48.8,3-Pass,2028-05-11,90
CB-FC-00035,CB-BA-00051,Letter of Credit,715148.17,377713.23,52.8,1-Pass,2027-02-13,75
CB-FC-00036,CB-BA-00052,Equipment Finance,546729.56,117605.54,21.5,1-Pass,2027-06-03,90
CB-FC-00037,CB-BA-00053,CRE Mortgage,168253436.63,36222357.81,21.5,1-Pass,2027-03-08,80
CB-FC-00038,CB-BA-00054,Letter of Credit,495296.9,324215.83,65.5,2-Pass,2031-09-18,85
CB-FC-00039,CB-BA-00055,Term Loan,4414783.16,1075970.3,24.4,1-Pass,2030-09-20,75
CB-FC-00040,CB-BA-00057,Letter of Credit,3472814.66,631345.99,18.2,3-Pass,2030-09-13,90
CB-FC-00041,CB-BA-00060,Revolving Line of Credit,1606546.23,334671.74,20.8,2-Pass,2030-07-16,85
CB-FC-00042,CB-BA-00061,CRE Mortgage,1293318.54,466090.65,36.0,2-Pass,2030-07-07,80
CB-FC-00043,CB-BA-00064,Equipment Finance,1396754.25,488576.09,35.0,3-Pass,2029-06-06,80
CB-FC-00044,CB-BA-00065,Revolving Line of Credit,3940240.98,1939482.16,49.2,2-Pass,2030-12-24,85
CB-FC-00045,CB-BA-00069,Term Loan,1583921.06,636526.34,40.2,5-Substandard,2026-12-24,80
CB-FC-00046,CB-BA-00072,Letter of Credit,292527430.75,112925943.64,38.6,4-Watch,2031-11-01,85
CB-FC-00047,CB-BA-00073,CRE Mortgage,1204995.02,512907.77,42.6,3-Pass,2031-10-14,80
CB-FC-00048,CB-BA-00075,Letter of Credit,15614173.38,11245301.04,72.0,3-Pass,2029-06-17,75
CB-FC-00049,CB-BA-00075,Letter of Credit,7967140.56,2373058.44,29.8,2-Pass,2028-10-05,80
CB-FC-00050,CB-BA-00076,CRE Mortgage,573750.14,472154.22,82.3,2-Pass,2028-01-23,90
CB-FC-00051,CB-BA-00076,Letter of Credit,976512.41,624278.59,63.9,4-Watch,2027-03-13,90
CB-FC-00052,CB-BA-00077,CRE Mortgage,535398.53,258107.71,48.2,2-Pass,2027-07-26,90
CB-FC-00053,CB-BA-00078,Term Loan,170255.51,106037.03,62.3,3-Pass,2026-09-01,75
CB-FC-00054,CB-BA-00078,Equipment Finance,635069.62,466574.82,73.5,2-Pass,2027-11-30,75
CB-FC-00055,CB-BA-00080,Letter of Credit,3445401.38,1164600.18,33.8,1-Pass,2028-06-23,85
CB-FC-00056,CB-BA-00081,Equipment Finance,37712000.87,14292991.04,37.9,3-Pass,2028-03-31,75
CB-FC-00057,CB-BA-00082,Revolving Line of Credit,874254.97,562575.49,64.3,5-Substandard,2027-12-26,80
CB-FC-00058,CB-BA-00084,Equipment Finance,1567664.73,883617.42,56.4,3-Pass,2028-03-29,75
CB-FC-00059,CB-BA-00085,Term Loan,24261981.07,4271086.82,17.6,1-Pass,2030-11-14,85
CB-FC-00060,CB-BA-00086,CRE Mortgage,169586.87,72775.69,42.9,2-Pass,2028-04-03,80
CB-FC-00061,CB-BA-00087,Term Loan,1504619.46,841638.61,55.9,4-Watch,2029-05-29,85
CB-FC-00062,CB-BA-00088,Letter of Credit,1021330.82,401329.87,39.3,4-Watch,2027-08-16,80
CB-FC-00063,CB-BA-00093,Equipment Finance,67727607.51,51212092.5,75.6,2-Pass,2029-11-03,85
CB-FC-00064,CB-BA-00094,Equipment Finance,13417378.61,6849845.93,51.1,1-Pass,2029-03-12,90
CB-FC-00065,CB-BA-00095,Letter of Credit,696487.73,455205.65,65.4,3-Pass,2031-06-27,75
CB-FC-00066,CB-BA-00097,CRE Mortgage,915673.82,517459.78,56.5,1-Pass,2031-06-30,80
CB-FC-00067,CB-BA-00097,Revolving Line of Credit,800329.22,472488.26,59.0,1-Pass,2031-10-31,75
CB-FC-00068,CB-BA-00099,Letter of Credit,658305.44,430691.37,65.4,4-Watch,2028-08-24,80
CB-FC-00069,CB-BA-00099,Term Loan,335435.45,231140.6,68.9,3-Pass,2030-02-05,75
CB-FC-00070,CB-BA-00100,Equipment Finance,240110.97,110559.93,46.0,1-Pass,2026-12-30,85
CB-FC-00071,CB-BA-00101,Revolving Line of Credit,824536.67,273951.28,33.2,1-Pass,2031-05-15,90
CB-FC-00072,CB-BA-00101,Letter of Credit,550670.51,125327.02,22.8,1-Pass,2031-04-30,90
CB-FC-00073,CB-BA-00104,CRE Mortgage,9227689.79,4828091.3,52.3,4-Watch,2029-03-17,85
CB-FC-00074,CB-BA-00110,Revolving Line of Credit,1524433.74,541290.81,35.5,1-Pass,2027-09-17,90
CB-FC-00075,CB-BA-00111,Term Loan,6414299.72,1981865.6,30.9,1-Pass,2028-08-25,75
CB-FC-00076,CB-BA-00113,Letter of Credit,648440.42,346578.24,53.4,2-Pass,2030-02-28,90
CB-FC-00077,CB-BA-00113,CRE Mortgage,1068107.88,303262.5,28.4,2-Pass,2029-06-22,80
CB-FC-00078,CB-BA-00116,Equipment Finance,669653.8,194093.23,29.0,2-Pass,2028-05-20,75
CB-FC-00079,CB-BA-00118,CRE Mortgage,1104622.94,761419.28,68.9,1-Pass,2030-11-25,85
CB-FC-00080,CB-BA-00119,Revolving Line of Credit,91354.29,12291.21,13.5,1-Pass,2031-10-05,80
CB-FC-00081,CB-BA-00119,CRE Mortgage,56791.46,28028.87,49.4,2-Pass,2031-06-08,90
CB-FC-00082,CB-BA-00120,CRE Mortgage,308249.91,1813.95,0.6,2-Pass,2027-05-12,90
CB-FC-00083,CB-BA-00123,Revolving Line of Credit,14931390.41,2048488.67,13.7,4-Watch,2027-01-10,80
CB-FC-00084,CB-BA-00124,Letter of Credit,219926.49,83822.69,38.1,1-Pass,2028-02-01,85
CB-FC-00085,CB-BA-00124,Term Loan,803735.76,547218.14,68.1,2-Pass,2030-03-20,90
CB-FC-00086,CB-BA-00125,Term Loan,360272.44,45988.96,12.8,3-Pass,2030-12-20,80
CB-FC-00087,CB-BA-00128,Equipment Finance,6322428.92,1056371.03,16.7,2-Pass,2029-11-14,75
CB-FC-00088,CB-BA-00128,Term Loan,6197192.06,1715991.86,27.7,3-Pass,2027-01-14,90
CB-FC-00089,CB-BA-00129,Revolving Line of Credit,3063794.71,1692835.47,55.3,2-Pass,2027-07-25,75
CB-FC-00090,CB-BA-00129,Equipment Finance,1324621.41,572100.99,43.2,1-Pass,2029-01-09,80
CB-FC-00091,CB-BA-00132,CRE Mortgage,351413.04,71278.58,20.3,3-Pass,2029-06-19,75
CB-FC-00092,CB-BA-00132,CRE Mortgage,2281959.2,1605939.04,70.4,3-Pass,2029-12-27,80
CB-FC-00093,CB-BA-00133,CRE Mortgage,54938828.52,11475040.11,20.9,3-Pass,2031-12-06,90
CB-FC-00094,CB-BA-00136,Equipment Finance,2973943.15,1951718.55,65.6,2-Pass,2030-09-22,85
CB-FC-00095,CB-BA-00139,Equipment Finance,133265573.1,80427369.75,60.4,3-Pass,2027-08-22,85
CB-FC-00096,CB-BA-00140,CRE Mortgage,842067.95,257794.02,30.6,4-Watch,2031-08-25,85
CB-FC-00097,CB-BA-00140,CRE Mortgage,351824.21,214256.59,60.9,2-Pass,2031-05-10,80
CB-FC-00098,CB-BA-00141,Equipment Finance,12362014.04,6575325.77,53.2,2-Pass,2029-04-01,75
CB-FC-00099,CB-BA-00142,Equipment Finance,8123481.77,6186165.99,76.2,3-Pass,2026-11-09,75
CB-FC-00100,CB-BA-00143,Revolving Line of Credit,344812.84,105221.43,30.5,2-Pass,2030-04-12,75
CB-FC-00101,CB-BA-00144,Revolving Line of Credit,297104104.2,62282377.1,21.0,5-Substandard,2027-02-21,75
CB-FC-00102,CB-BA-00144,CRE Mortgage,228639411.07,27415553.52,12.0,4-Watch,2026-11-12,75
CB-FC-00103,CB-BA-00146,Term Loan,25149968.92,14599024.29,58.0,2-Pass,2029-04-02,80
CB-FC-00104,CB-BA-00147,CRE Mortgage,22470331.59,14767686.14,65.7,5-Substandard,2027-09-01,85
CB-FC-00105,CB-BA-00147,Revolving Line of Credit,9636923.48,3152944.48,32.7,3-Pass,2028-12-11,90
CB-FC-00106,CB-BA-00148,CRE Mortgage,90055308.81,42759238.31,47.5,3-Pass,2027-08-15,85
CB-FC-00107,CB-BA-00148,Letter of Credit,179252620.28,44443580.56,24.8,3-Pass,2031-10-28,75
CB-FC-00108,CB-BA-00149,Term Loan,52717708.09,13202555.69,25.0,1-Pass,2029-06-26,75
CB-FC-00109,CB-BA-00150,CRE Mortgage,933018.96,559165.88,59.9,2-Pass,2027-12-24,90
CB-FC-00110,CB-BA-00151,Letter of Credit,545264.42,275194.84,50.5,2-Pass,2027-10-23,90
CB-FC-00111,CB-BA-00154,CRE Mortgage,372013.21,219704.62,59.1,2-Pass,2028-12-23,75
CB-FC-00112,CB-BA-00155,Equipment Finance,484458.23,323625.29,66.8,2-Pass,2026-09-02,85
CB-FC-00113,CB-BA-00155,Term Loan,247636.44,49900.5,20.2,2-Pass,2030-10-31,80
CB-FC-00114,CB-BA-00158,Term Loan,593980.71,293916.37,49.5,1-Pass,2030-01-15,80
CB-FC-00115,CB-BA-00159,Equipment Finance,261144.87,133253.42,51.0,1-Pass,2028-07-06,80
CB-FC-00116,CB-BA-00160,Revolving Line of Credit,133200.61,36820.33,27.6,2-Pass,2026-10-31,80
CB-FC-00117,CB-BA-00161,Term Loan,1340296.96,1018740.98,76.0,4-Watch,2028-07-04,85
CB-FC-00118,CB-BA-00162,Revolving Line of Credit,18539471.69,4046113.53,21.8,5-Substandard,2027-05-04,80
CB-FC-00119,CB-BA-00163,Letter of Credit,16179572.4,4586868.43,28.3,1-Pass,2031-12-26,90
CB-FC-00120,CB-BA-00164,Letter of Credit,1364975445.88,887513819.46,65.0,2-Pass,2028-08-16,80
CB-FC-00121,CB-BA-00165,Revolving Line of Credit,231116.3,29275.15,12.7,5-Substandard,2029-08-19,85
CB-FC-00122,CB-BA-00166,Letter of Credit,3366061.2,2478086.63,73.6,4-Watch,2029-06-09,80
CB-FC-00123,CB-BA-00166,Equipment Finance,5421538.91,1297324.8,23.9,5-Substandard,2031-08-13,90
CB-FC-00124,CB-BA-00168,Equipment Finance,137633043.27,88366256.57,64.2,4-Watch,2031-03-13,90
CB-FC-00125,CB-BA-00169,Revolving Line of Credit,18176836.16,8551303.95,47.0,2-Pass,2027-04-30,85
CB-FC-00126,CB-BA-00170,Term Loan,1271412.21,758253.32,59.6,1-Pass,2027-09-05,90
CB-FC-00127,CB-BA-00170,Revolving Line of Credit,1064600.88,230943.65,21.7,2-Pass,2030-07-12,90
CB-FC-00128,CB-BA-00171,Letter of Credit,268641286.0,91488199.03,34.1,2-Pass,2030-01-14,75
CB-FC-00129,CB-BA-00172,CRE Mortgage,40627416.84,25758858.31,63.4,2-Pass,2027-09-25,85
CB-FC-00130,CB-BA-00172,CRE Mortgage,40814438.06,5593234.34,13.7,2-Pass,2030-05-22,85
CB-FC-00131,CB-BA-00175,Letter of Credit,21476516.78,12511568.04,58.3,3-Pass,2028-04-07,75
CB-FC-00132,CB-BA-00175,Equipment Finance,36468459.53,26112666.11,71.6,4-Watch,2028-11-23,90
CB-FC-00133,CB-BA-00176,Equipment Finance,605668.59,180576.22,29.8,2-Pass,2030-08-21,90
CB-FC-00134,CB-BA-00181,Revolving Line of Credit,2631104.46,1455508.34,55.3,1-Pass,2028-08-07,75
CB-FC-00135,CB-BA-00182,Revolving Line of Credit,4815900.87,3150806.19,65.4,3-Pass,2030-10-16,80
CB-FC-00136,CB-BA-00183,Term Loan,8502468.32,1830931.61,21.5,1-Pass,2030-01-10,85
CB-FC-00137,CB-BA-00183,Equipment Finance,6123331.28,3239747.25,52.9,2-Pass,2028-12-05,90
CB-FC-00138,CB-BA-00184,Letter of Credit,16820704.77,11211350.83,66.7,2-Pass,2030-06-21,85
CB-FC-00139,CB-BA-00186,Term Loan,358618307.08,194179129.58,54.1,3-Pass,2027-11-27,85
CB-FC-00140,CB-BA-00187,Revolving Line of Credit,82845725.79,34289673.85,41.4,2-Pass,2029-02-06,75
CB-FC-00141,CB-BA-00189,Term Loan,26435316.66,3186930.02,12.1,1-Pass,2031-02-13,80
CB-FC-00142,CB-BA-00191,Equipment Finance,6317825.69,2508309.58,39.7,1-Pass,2027-02-22,75
CB-FC-00143,CB-BA-00192,Equipment Finance,5744742.34,2071418.27,36.1,3-Pass,2027-12-24,90
CB-FC-00144,CB-BA-00192,Term Loan,3428026.22,265433.28,7.7,3-Pass,2030-07-08,90
CB-FC-00145,CB-BA-00193,Equipment Finance,1299951.41,143683.3,11.1,3-Pass,2026-11-10,80
CB-FC-00146,CB-BA-00194,Revolving Line of Credit,1034440.01,76391.57,7.4,1-Pass,2026-12-07,90
CB-FC-00147,CB-BA-00195,CRE Mortgage,249283.57,162137.29,65.0,2-Pass,2029-03-29,75
CB-FC-00148,CB-BA-00195,Revolving Line of Credit,890711.0,422128.53,47.4,3-Pass,2031-12-14,90
CB-FC-00149,CB-BA-00196,Term Loan,28175429.34,14051432.69,49.9,2-Pass,2027-03-21,80
CB-FC-00150,CB-BA-00197,Revolving Line of Credit,17322617.82,10247844.93,59.2,1-Pass,2028-05-22,75
CB-FC-00151,CB-BA-00199,CRE Mortgage,24709513.01,11391227.1,46.1,1-Pass,2028-02-27,90
CB-FC-00152,CB-BA-00201,Revolving Line of Credit,329087.29,66135.65,20.1,3-Pass,2030-03-27,90
CB-FC-00153,CB-BA-00201,Revolving Line of Credit,368805.01,93560.17,25.4,2-Pass,2028-07-14,90
CB-FC-00154,CB-BA-00202,Equipment Finance,4215638.77,912056.34,21.6,4-Watch,2029-12-03,80
CB-FC-00155,CB-BA-00203,CRE Mortgage,21439324.91,2026387.0,9.5,2-Pass,2028-07-15,80
CB-FC-00156,CB-BA-00203,Term Loan,22032119.75,11887253.6,54.0,1-Pass,2028-08-25,85
CB-FC-00157,CB-BA-00204,Revolving Line of Credit,72587.56,47374.64,65.3,1-Pass,2027-02-28,75
CB-FC-00158,CB-BA-00204,Term Loan,208586.83,87291.74,41.8,2-Pass,2029-07-18,75
CB-FC-00159,CB-BA-00205,Letter of Credit,2593066.61,1455100.56,56.1,2-Pass,2029-08-23,75
CB-FC-00160,CB-BA-00205,Term Loan,1107458.11,310485.14,28.0,3-Pass,2030-04-27,80
CB-FC-00161,CB-BA-00206,Equipment Finance,14840122.75,11512736.56,77.6,1-Pass,2030-02-27,90
CB-FC-00162,CB-BA-00206,Revolving Line of Credit,9629521.85,2642600.08,27.4,3-Pass,2031-03-01,90
CB-FC-00163,CB-BA-00207,Revolving Line of Credit,2974235.21,1995706.32,67.1,2-Pass,2029-11-02,80
CB-FC-00164,CB-BA-00207,Equipment Finance,2341994.25,581185.92,24.8,2-Pass,2029-03-20,85
CB-FC-00165,CB-BA-00209,CRE Mortgage,230894.09,108082.84,46.8,2-Pass,2029-01-21,75
CB-FC-00166,CB-BA-00212,Term Loan,78413047.27,6246981.53,8.0,4-Watch,2027-03-27,85
CB-FC-00167,CB-BA-00213,CRE Mortgage,89685.83,21350.61,23.8,4-Watch,2031-04-19,90
CB-FC-00168,CB-BA-00213,Equipment Finance,130602.06,11965.06,9.2,5-Substandard,2027-11-15,80
CB-FC-00169,CB-BA-00214,Revolving Line of Credit,370291036.58,249822380.02,67.5,2-Pass,2027-11-16,75
CB-FC-00170,CB-BA-00214,Revolving Line of Credit,76288755.11,14214385.65,18.6,1-Pass,2031-10-04,85
CB-FC-00171,CB-BA-00215,CRE Mortgage,352202.37,4839.71,1.4,1-Pass,2031-10-24,90
CB-FC-00172,CB-BA-00216,Term Loan,1323226.62,663368.93,50.1,3-Pass,2030-09-27,90
CB-FC-00173,CB-BA-00218,Letter of Credit,446609.05,230636.3,51.6,1-Pass,2030-11-20,80
CB-FC-00174,CB-BA-00219,Equipment Finance,865877.37,197303.76,22.8,1-Pass,2028-03-19,75
CB-FC-00175,CB-BA-00223,Term Loan,31998258.8,17604648.52,55.0,1-Pass,2029-08-21,75
CB-FC-00176,CB-BA-00229,Equipment Finance,3051423.23,977641.8,32.0,2-Pass,2029-05-09,80
CB-FC-00177,CB-BA-00230,Letter of Credit,71153974.04,49458471.57,69.5,3-Pass,2027-03-04,90
CB-FC-00178,CB-BA-00232,Revolving Line of Credit,104493.94,33017.1,31.6,1-Pass,2027-04-28,80
CB-FC-00179,CB-BA-00234,Equipment Finance,14785846.76,563116.3,3.8,1-Pass,2029-09-06,85
CB-FC-00180,CB-BA-00234,CRE Mortgage,27418422.69,9558362.22,34.9,2-Pass,2030-02-10,75
CB-FC-00181,CB-BA-00236,CRE Mortgage,11264820.87,1699907.86,15.1,3-Pass,2029-05-12,80
CB-FC-00182,CB-BA-00238,Equipment Finance,10971725.85,4520799.39,41.2,1-Pass,2030-12-08,80
CB-FC-00183,CB-BA-00239,Letter of Credit,737911.29,328651.51,44.5,1-Pass,2031-04-21,75
CB-FC-00184,CB-BA-00241,Equipment Finance,1608662.16,525564.1,32.7,1-Pass,2026-11-29,85
CB-FC-00185,CB-BA-00241,Letter of Credit,1425050.46,911695.99,64.0,1-Pass,2028-09-27,90
CB-FC-00186,CB-BA-00242,Letter of Credit,1363355.52,389109.03,28.5,2-Pass,2027-02-14,85
CB-FC-00187,CB-BA-00244,Equipment Finance,1009905.08,395785.56,39.2,1-Pass,2031-07-27,75
CB-FC-00188,CB-BA-00245,Term Loan,29464959.37,21255885.47,72.1,5-Substandard,2030-02-28,80
CB-FC-00189,CB-BA-00245,Term Loan,14829749.42,6427619.48,43.3,1-Pass,2031-07-24,85
CB-FC-00190,CB-BA-00247,Letter of Credit,288907.11,95683.05,33.1,5-Substandard,2029-04-10,80
CB-FC-00191,CB-BA-00248,Term Loan,39597440.65,18268926.64,46.1,3-Pass,2028-07-29,90
CB-FC-00192,CB-BA-00249,Letter of Credit,827656.62,360403.83,43.5,4-Watch,2029-05-01,80
CB-FC-00193,CB-BA-00249,Revolving Line of Credit,922648.44,399240.77,43.3,4-Watch,2030-05-07,75
CB-FC-00194,CB-BA-00253,Letter of Credit,353474.49,16817.63,4.8,2-Pass,2027-06-07,75
CB-FC-00195,CB-BA-00254,Equipment Finance,755710.37,599768.23,79.4,1-Pass,2028-05-10,90
CB-FC-00196,CB-BA-00255,Revolving Line of Credit,41824654.7,23973314.37,57.3,1-Pass,2030-07-13,90
CB-FC-00197,CB-BA-00256,Equipment Finance,4789869.7,2655497.06,55.4,2-Pass,2030-02-20,75
CB-FC-00198,CB-BA-00257,Letter of Credit,457886.32,56840.96,12.4,5-Substandard,2029-01-29,80
CB-FC-00199,CB-BA-00258,CRE Mortgage,93217.38,16521.29,17.7,1-Pass,2027-08-13,75
CB-FC-00200,CB-BA-00259,Equipment Finance,11537823.66,1775556.47,15.4,1-Pass,2030-04-25,85
CB-FC-00201,CB-BA-00259,Letter of Credit,29093426.78,9959325.17,34.2,1-Pass,2029-03-19,85
CB-FC-00202,CB-BA-00260,CRE Mortgage,56575303.8,36366189.28,64.3,2-Pass,2029-09-21,85
CB-FC-00203,CB-BA-00260,Term Loan,93028165.35,53535795.12,57.5,3-Pass,2031-01-28,90
CB-FC-00204,CB-BA-00262,CRE Mortgage,12650610.53,1186670.09,9.4,2-Pass,2031-08-13,90
CB-FC-00205,CB-BA-00264,Equipment Finance,80244.57,34034.98,42.4,2-Pass,2030-06-14,85
CB-FC-00206,CB-BA-00265,CRE Mortgage,121598004.42,22093344.43,18.2,2-Pass,2026-10-16,85
CB-FC-00207,CB-BA-00266,Letter of Credit,903764.51,450981.4,49.9,5-Substandard,2027-02-18,80
CB-FC-00208,CB-BA-00269,Equipment Finance,117087.66,49777.06,42.5,2-Pass,2027-05-12,90
CB-FC-00209,CB-BA-00271,Letter of Credit,122955021.77,71359802.53,58.0,2-Pass,2030-03-07,75
CB-FC-00210,CB-BA-00272,Equipment Finance,18311302.08,3274219.49,17.9,3-Pass,2029-12-16,80
CB-FC-00211,CB-BA-00274,Equipment Finance,312306.34,93565.57,30.0,2-Pass,2026-11-20,85
CB-FC-00212,CB-BA-00275,CRE Mortgage,182692590.16,82821763.4,45.3,3-Pass,2030-01-11,85
CB-FC-00213,CB-BA-00277,Equipment Finance,17647197.88,11174739.52,63.3,2-Pass,2031-09-09,75
CB-FC-00214,CB-BA-00278,Term Loan,369502.59,166529.0,45.1,2-Pass,2030-12-02,80
CB-FC-00215,CB-BA-00279,Equipment Finance,51924537.17,12164799.49,23.4,2-Pass,2027-12-05,80
CB-FC-00216,CB-BA-00280,Letter of Credit,688992.84,162963.67,23.7,2-Pass,2027-08-12,85
CB-FC-00217,CB-BA-00281,Equipment Finance,9444669.55,1169044.56,12.4,3-Pass,2031-06-14,75
CB-FC-00218,CB-BA-00281,Equipment Finance,28048795.06,4201735.46,15.0,3-Pass,2027-07-01,80
CB-FC-00219,CB-BA-00282,Equipment Finance,235761.16,99904.1,42.4,1-Pass,2029-05-04,75
CB-FC-00220,CB-BA-00282,CRE Mortgage,685297.14,236376.36,34.5,2-Pass,2031-06-05,90
CB-FC-00221,CB-BA-00284,Equipment Finance,1096985.51,210230.39,19.2,3-Pass,2028-03-26,90
CB-FC-00222,CB-BA-00286,Term Loan,889555.59,109414.79,12.3,1-Pass,2029-06-18,85
CB-FC-00223,CB-BA-00288,Letter of Credit,8488258.44,4441275.71,52.3,1-Pass,2026-11-08,80
CB-FC-00224,CB-BA-00288,CRE Mortgage,18562042.67,6514884.58,35.1,2-Pass,2031-04-03,85
CB-FC-00225,CB-BA-00289,Letter of Credit,894731.57,233353.36,26.1,3-Pass,2027-04-11,85
CB-FC-00226,CB-BA-00290,Term Loan,7978835.43,1631928.36,20.5,2-Pass,2029-10-01,85
CB-FC-00227,CB-BA-00292,CRE Mortgage,414100.49,276051.75,66.7,1-Pass,2027-07-16,90
CB-FC-00228,CB-BA-00293,Term Loan,7771423.06,1087058.01,14.0,4-Watch,2030-10-16,80
CB-FC-00229,CB-BA-00295,Equipment Finance,1600118.73,483708.38,30.2,2-Pass,2027-05-02,75
CB-FC-00230,CB-BA-00297,Equipment Finance,244536575.93,54407075.4,22.2,2-Pass,2026-11-23,80
CB-FC-00231,CB-BA-00300,Equipment Finance,479806.7,290976.11,60.6,2-Pass,2030-09-18,90
CB-FC-00232,CB-BA-00302,Equipment Finance,2948695.16,771739.06,26.2,4-Watch,2027-01-05,90
CB-FC-00233,CB-BA-00303,Revolving Line of Credit,11994390.28,7327027.33,61.1,3-Pass,2029-09-16,75
CB-FC-00234,CB-BA-00304,Letter of Credit,1894023.42,964562.95,50.9,1-Pass,2029-06-17,85
CB-FC-00235,CB-BA-00306,CRE Mortgage,1518002.91,631490.21,41.6,2-Pass,2030-05-25,80
CB-FC-00236,CB-BA-00308,Letter of Credit,6266726.32,2599790.35,41.5,2-Pass,2026-12-01,75
CB-FC-00237,CB-BA-00309,CRE Mortgage,6851997.64,2774714.47,40.5,1-Pass,2029-11-11,90
CB-FC-00238,CB-BA-00309,CRE Mortgage,57531814.22,30014559.65,52.2,2-Pass,2031-03-01,75
CB-FC-00239,CB-BA-00311,Letter of Credit,333919.05,124741.14,37.4,1-Pass,2027-02-09,75
CB-FC-00240,CB-BA-00313,Term Loan,4054093.92,896128.01,22.1,3-Pass,2030-07-23,80
CB-FC-00241,CB-BA-00314,Term Loan,775820264.39,335574415.43,43.3,1-Pass,2029-12-24,80
CB-FC-00242,CB-BA-00316,Term Loan,6509941.59,2507773.06,38.5,1-Pass,2031-04-13,90
CB-FC-00243,CB-BA-00317,CRE Mortgage,3321500.78,2311144.66,69.6,2-Pass,2030-12-18,90
CB-FC-00244,CB-BA-00317,CRE Mortgage,12341258.24,4911323.73,39.8,1-Pass,2031-05-23,85
CB-FC-00245,CB-BA-00320,Equipment Finance,1444624.91,1051251.61,72.8,1-Pass,2026-10-21,85
CB-FC-00246,CB-BA-00321,Revolving Line of Credit,142168724.18,86521966.09,60.9,1-Pass,2028-04-28,90
CB-FC-00247,CB-BA-00322,Equipment Finance,3180455.15,1128274.53,35.5,1-Pass,2028-01-01,85
CB-FC-00248,CB-BA-00323,Letter of Credit,336600.72,274038.6,81.4,2-Pass,2031-08-20,85
CB-FC-00249,CB-BA-00325,Equipment Finance,1317505.95,108833.25,8.3,2-Pass,2031-06-22,75
CB-FC-00250,CB-BA-00328,Term Loan,301455.08,251848.84,83.5,2-Pass,2029-08-12,90
CB-FC-00251,CB-BA-00332,CRE Mortgage,1492845.56,230704.94,15.5,3-Pass,2026-12-22,75
CB-FC-00252,CB-BA-00332,Revolving Line of Credit,320448.75,257021.07,80.2,3-Pass,2031-10-19,75
CB-FC-00253,CB-BA-00333,CRE Mortgage,706698.8,417856.01,59.1,1-Pass,2029-11-27,80
CB-FC-00254,CB-BA-00334,CRE Mortgage,31510774.1,6170057.51,19.6,3-Pass,2027-04-16,85
CB-FC-00255,CB-BA-00335,Equipment Finance,720561.24,493277.94,68.5,2-Pass,2030-04-23,85
CB-FC-00256,CB-BA-00339,CRE Mortgage,532645.81,238584.92,44.8,1-Pass,2027-02-21,90
CB-FC-00257,CB-BA-00341,Letter of Credit,127300421.09,7508234.04,5.9,3-Pass,2029-02-04,90
CB-FC-00258,CB-BA-00342,Revolving Line of Credit,609490.9,154871.82,25.4,2-Pass,2030-02-25,85
CB-FC-00259,CB-BA-00343,Letter of Credit,4629472.98,50103.51,1.1,3-Pass,2030-01-05,85
CB-FC-00260,CB-BA-00343,Revolving Line of Credit,12214258.42,7194504.98,58.9,1-Pass,2031-10-16,80
CB-FC-00261,CB-BA-00345,CRE Mortgage,4685345.98,1838817.77,39.2,1-Pass,2027-11-03,75
CB-FC-00262,CB-BA-00347,Equipment Finance,1260475.06,530822.42,42.1,4-Watch,2031-11-25,80
CB-FC-00263,CB-BA-00347,Revolving Line of Credit,369312.85,119058.55,32.2,1-Pass,2029-12-04,75
CB-FC-00264,CB-BA-00348,Revolving Line of Credit,563659.59,186939.78,33.2,3-Pass,2030-01-10,75
CB-FC-00265,CB-BA-00348,Letter of Credit,226733.04,72836.05,32.1,3-Pass,2030-03-23,85
CB-FC-00266,CB-BA-00349,Revolving Line of Credit,151419.4,20102.49,13.3,1-Pass,2027-12-30,85
CB-FC-00267,CB-BA-00350,Term Loan,22390949.46,7419867.5,33.1,3-Pass,2028-06-23,90
CB-FC-00268,CB-BA-00350,Term Loan,15354126.44,5164891.67,33.6,1-Pass,2030-07-03,75
CB-FC-00269,CB-BA-00351,Revolving Line of Credit,19600859.44,12782355.44,65.2,4-Watch,2028-06-09,75
CB-FC-00270,CB-BA-00355,Term Loan,195321.33,60118.82,30.8,1-Pass,2029-07-21,90
CB-FC-00271,CB-BA-00355,Letter of Credit,107117.51,34065.71,31.8,1-Pass,2031-11-03,75
CB-FC-00272,CB-BA-00356,Equipment Finance,911942.33,335194.75,36.8,2-Pass,2027-02-28,85
CB-FC-00273,CB-BA-00356,CRE Mortgage,1702587.48,716087.9,42.1,1-Pass,2030-09-02,80
CB-FC-00274,CB-BA-00357,Term Loan,4382267.43,1343272.53,30.7,5-Substandard,2028-11-06,75
CB-FC-00275,CB-BA-00358,Term Loan,1429636.09,671712.43,47.0,2-Pass,2029-12-12,85
CB-FC-00276,CB-BA-00359,Revolving Line of Credit,24483699.97,7002927.44,28.6,2-Pass,2027-06-21,80
CB-FC-00277,CB-BA-00359,Term Loan,27579335.62,5633089.68,20.4,4-Watch,2027-02-11,75
CB-FC-00278,CB-BA-00361,Equipment Finance,3119853.88,999760.33,32.0,3-Pass,2026-09-20,90
CB-FC-00279,CB-BA-00362,Equipment Finance,15092507.78,3044213.28,20.2,2-Pass,2029-09-17,85
CB-FC-00280,CB-BA-00363,Term Loan,1425611.99,425438.24,29.8,2-Pass,2028-06-17,85
CB-FC-00281,CB-BA-00365,Equipment Finance,76185323.35,34627410.04,45.5,1-Pass,2030-12-22,85
CB-FC-00282,CB-BA-00366,Revolving Line of Credit,534595.88,308183.77,57.6,3-Pass,2027-10-03,90
CB-FC-00283,CB-BA-00368,Equipment Finance,4279114.82,1343087.49,31.4,1-Pass,2027-05-03,85
CB-FC-00284,CB-BA-00369,Term Loan,506058.97,289804.15,57.3,3-Pass,2029-08-13,90
CB-FC-00285,CB-BA-00373,Equipment Finance,182561.21,77766.32,42.6,4-Watch,2031-04-24,75
CB-FC-00286,CB-BA-00373,CRE Mortgage,422573.26,175506.76,41.5,2-Pass,2027-02-02,90
CB-FC-00287,CB-BA-00376,Letter of Credit,240697.59,180198.61,74.9,2-Pass,2028-12-08,85
CB-FC-00288,CB-BA-00377,Term Loan,1614236.21,45024.11,2.8,4-Watch,2031-10-06,85
CB-FC-00289,CB-BA-00379,Equipment Finance,2202605.04,1129374.33,51.3,2-Pass,2031-09-28,90
CB-FC-00290,CB-BA-00379,Letter of Credit,5988645.17,2750212.69,45.9,2-Pass,2030-11-06,75
CB-FC-00291,CB-BA-00381,Letter of Credit,3289356.63,978986.18,29.8,2-Pass,2030-06-25,90
CB-FC-00292,CB-BA-00383,CRE Mortgage,1361086.39,361927.99,26.6,1-Pass,2027-03-31,90
CB-FC-00293,CB-BA-00385,CRE Mortgage,7639672.09,4641344.04,60.8,2-Pass,2031-07-31,75
CB-FC-00294,CB-BA-00385,Letter of Credit,19562018.93,5472427.05,28.0,2-Pass,2029-06-17,85
CB-FC-00295,CB-BA-00389,Term Loan,556747.44,499027.55,89.6,4-Watch,2028-06-26,75
CB-FC-00296,CB-BA-00390,Term Loan,7799297.0,4043585.21,51.8,1-Pass,2029-08-03,75
CB-FC-00297,CB-BA-00391,Letter of Credit,17548082.27,5259854.02,30.0,2-Pass,2030-09-18,80
CB-FC-00298,CB-BA-00393,Equipment Finance,982181.99,233871.45,23.8,3-Pass,2031-07-01,90
CB-FC-00299,CB-BA-00394,Equipment Finance,92290343.55,25745232.53,27.9,2-Pass,2030-03-30,80
CB-FC-00300,CB-BA-00395,CRE Mortgage,10153343.32,788655.77,7.8,2-Pass,2031-08-02,90
CB-FC-00301,CB-BA-00395,Equipment Finance,17283728.09,9153485.21,53.0,5-Substandard,2030-10-12,80
CB-FC-00302,CB-BA-00396,Term Loan,399908.15,188832.23,47.2,3-Pass,2030-07-28,75
CB-FC-00303,CB-BA-00396,Term Loan,2018205.04,460928.49,22.8,2-Pass,2028-09-17,75
CB-FC-00304,CB-BA-00397,Revolving Line of Credit,261132005.59,167751103.13,64.2,3-Pass,2029-06-16,75
CB-FC-00305,CB-BA-00399,Term Loan,8986520.62,3320965.23,37.0,3-Pass,2028-01-14,80
CB-FC-00306,CB-BA-00399,Letter of Credit,18704286.15,3524972.92,18.8,2-Pass,2027-09-01,90
CB-FC-00307,CB-BA-00401,Revolving Line of Credit,1173539.52,636677.11,54.3,1-Pass,2030-07-14,80
CB-FC-00308,CB-BA-00402,CRE Mortgage,14417073.42,10077330.07,69.9,1-Pass,2027-08-07,80
CB-FC-00309,CB-BA-00404,Letter of Credit,590077.33,394563.68,66.9,2-Pass,2029-06-15,90
CB-FC-00310,CB-BA-00404,Equipment Finance,1062802.35,878004.39,82.6,3-Pass,2028-10-31,85
CB-FC-00311,CB-BA-00405,CRE Mortgage,1215881.36,82773.77,6.8,4-Watch,2030-01-06,85
CB-FC-00312,CB-BA-00405,Letter of Credit,1049803.68,476964.29,45.4,2-Pass,2030-01-10,85
CB-FC-00313,CB-BA-00406,CRE Mortgage,1668579.46,637631.03,38.2,1-Pass,2028-07-25,90
CB-FC-00314,CB-BA-00407,Equipment Finance,2236187.14,942430.95,42.1,3-Pass,2030-10-07,85
CB-FC-00315,CB-BA-00408,Revolving Line of Credit,656038.74,121967.3,18.6,2-Pass,2031-07-29,85
CB-FC-00316,CB-BA-00410,CRE Mortgage,900401.21,484063.91,53.8,3-Pass,2031-12-04,80
CB-FC-00317,CB-BA-00410,Equipment Finance,884587.37,392370.67,44.4,1-Pass,2028-06-27,80
CB-FC-00318,CB-BA-00411,Letter of Credit,37826668.38,16635507.35,44.0,4-Watch,2030-05-12,85
CB-FC-00319,CB-BA-00411,Letter of Credit,35632849.31,14457932.29,40.6,2-Pass,2031-03-04,80
CB-FC-00320,CB-BA-00412,Equipment Finance,34864164.14,16440309.91,47.2,3-Pass,2030-02-01,85
CB-FC-00321,CB-BA-00413,Term Loan,553784.54,278318.75,50.3,1-Pass,2030-09-17,75
CB-FC-00322,CB-BA-00415,CRE Mortgage,18417529.28,2884082.33,15.7,3-Pass,2031-10-14,90
CB-FC-00323,CB-BA-00416,Term Loan,34207065.08,15501023.69,45.3,2-Pass,2029-10-11,85
CB-FC-00324,CB-BA-00418,Revolving Line of Credit,2220030.48,1324092.49,59.6,4-Watch,2030-05-04,75
CB-FC-00325,CB-BA-00419,Term Loan,4939197.63,2038333.95,41.3,2-Pass,2030-03-20,90
CB-FC-00326,CB-BA-00420,Revolving Line of Credit,50000,18837.81,37.7,5-Substandard,2030-08-05,85
CB-FC-00327,CB-BA-00421,CRE Mortgage,492939.12,73015.77,14.8,3-Pass,2031-08-22,85
CB-FC-00328,CB-BA-00425,Term Loan,2902679.96,176197.18,6.1,5-Substandard,2026-11-19,85
CB-FC-00329,CB-BA-00426,Letter of Credit,10684778.59,2870398.71,26.9,3-Pass,2029-07-28,85
CB-FC-00330,CB-BA-00427,Revolving Line of Credit,1747362.49,659553.13,37.7,1-Pass,2027-08-24,90
CB-FC-00331,CB-BA-00429,Equipment Finance,340155.59,18976.21,5.6,2-Pass,2029-12-23,75
CB-FC-00332,CB-BA-00431,Revolving Line of Credit,974927.36,460177.46,47.2,4-Watch,2028-12-28,90
CB-FC-00333,CB-BA-00431,Term Loan,1067916.64,323852.65,30.3,2-Pass,2029-02-23,90
CB-FC-00334,CB-BA-00435,CRE Mortgage,18444351.18,5817792.12,31.5,2-Pass,2030-04-18,85
CB-FC-00335,CB-BA-00436,Letter of Credit,26806601.87,7406331.72,27.6,4-Watch,2028-12-31,75
CB-FC-00336,CB-BA-00438,Letter of Credit,51703254.15,18452021.45,35.7,2-Pass,2031-05-28,80
CB-FC-00337,CB-BA-00439,Revolving Line of Credit,707148.31,308083.93,43.6,3-Pass,2028-04-03,90
CB-FC-00338,CB-BA-00440,Letter of Credit,5174430.0,1090542.3,21.1,1-Pass,2030-04-21,85
CB-FC-00339,CB-BA-00440,Revolving Line of Credit,1203773.2,823010.89,68.4,3-Pass,2029-11-18,85
CB-FC-00340,CB-BA-00441,Equipment Finance,1313826.89,693402.9,52.8,3-Pass,2029-05-31,90
CB-FC-00341,CB-BA-00442,Term Loan,350705.94,66051.17,18.8,1-Pass,2031-08-14,85
CB-FC-00342,CB-BA-00443,Term Loan,935688.47,353695.55,37.8,1-Pass,2027-05-17,85
CB-FC-00343,CB-BA-00443,CRE Mortgage,4010392.16,2294571.78,57.2,2-Pass,2030-02-09,85
CB-FC-00344,CB-BA-00444,Letter of Credit,6256581.07,1363783.28,21.8,1-Pass,2030-05-26,80
CB-FC-00345,CB-BA-00444,CRE Mortgage,4943565.13,2330517.77,47.1,3-Pass,2027-03-08,80
CB-FC-00346,CB-BA-00445,Revolving Line of Credit,328403.95,36788.72,11.2,3-Pass,2027-02-23,75
CB-FC-00347,CB-BA-00446,Revolving Line of Credit,888039.2,524518.71,59.1,2-Pass,2029-09-28,80
CB-FC-00348,CB-BA-00447,CRE Mortgage,52075413.87,16231787.66,31.2,3-Pass,2028-03-25,90
CB-FC-00349,CB-BA-00448,Equipment Finance,6805705.52,4685909.35,68.9,1-Pass,2030-08-03,90
CB-FC-00350,CB-BA-00449,Term Loan,1666844.82,540070.77,32.4,2-Pass,2031-11-21,85
CB-FC-00351,CB-BA-00449,Equipment Finance,2621419.66,601283.47,22.9,2-Pass,2030-12-01,80
CB-FC-00352,CB-BA-00450,Letter of Credit,2458770.43,772511.9,31.4,4-Watch,2028-06-16,90
CB-FC-00353,CB-BA-00452,Letter of Credit,164466207.52,72014245.88,43.8,5-Substandard,2028-05-19,80
CB-FC-00354,CB-BA-00453,Revolving Line of Credit,169299830.4,25516612.4,15.1,1-Pass,2030-03-11,75
CB-FC-00355,CB-BA-00454,Letter of Credit,43796730.8,20813367.93,47.5,1-Pass,2029-01-18,75
CB-FC-00356,CB-BA-00455,Equipment Finance,79932029.74,10878281.1,13.6,3-Pass,2030-11-06,85
CB-FC-00357,CB-BA-00458,Term Loan,345426141.9,126227785.39,36.5,1-Pass,2027-04-17,90
CB-FC-00358,CB-BA-00460,Letter of Credit,1687461.42,401105.82,23.8,1-Pass,2028-06-13,90
CB-FC-00359,CB-BA-00461,Revolving Line of Credit,243494.85,82239.39,33.8,4-Watch,2031-10-08,80
CB-FC-00360,CB-BA-00462,Equipment Finance,18293154.85,1585087.28,8.7,2-Pass,2026-10-23,80
CB-FC-00361,CB-BA-00463,Term Loan,95082.52,49427.17,52.0,3-Pass,2027-02-25,75
CB-FC-00362,CB-BA-00466,Term Loan,86753421.49,26053223.46,30.0,5-Substandard,2030-09-08,80
CB-FC-00363,CB-BA-00466,Equipment Finance,182331580.18,84940425.27,46.6,2-Pass,2031-06-03,85
CB-FC-00364,CB-BA-00468,CRE Mortgage,3241738.34,1108149.67,34.2,2-Pass,2029-01-10,75
CB-FC-00365,CB-BA-00469,Revolving Line of Credit,281323.16,204938.89,72.8,2-Pass,2027-03-10,80
CB-FC-00366,CB-BA-00469,CRE Mortgage,704626.22,207010.26,29.4,3-Pass,2028-08-13,75
CB-FC-00367,CB-BA-00473,Revolving Line of Credit,2912724.9,1391594.88,47.8,3-Pass,2030-08-21,90
CB-FC-00368,CB-BA-00474,Letter of Credit,452024.66,38456.96,8.5,2-Pass,2030-07-21,90
CB-FC-00369,CB-BA-00477,Letter of Credit,3607542.46,433254.22,12.0,4-Watch,2028-11-10,75
CB-FC-00370,CB-BA-00478,Term Loan,12691916.83,2177081.42,17.2,3-Pass,2026-11-16,80
CB-FC-00371,CB-BA-00479,Equipment Finance,1810224.36,485540.8,26.8,3-Pass,2031-11-25,90
CB-FC-00372,CB-BA-00480,Letter of Credit,9925657.48,1582784.05,15.9,1-Pass,2029-09-17,80
CB-FC-00373,CB-BA-00481,CRE Mortgage,324450.8,42825.76,13.2,3-Pass,2029-05-21,90
CB-FC-00374,CB-BA-00481,Equipment Finance,2230921.92,1675459.38,75.1,2-Pass,2030-04-11,85
CB-FC-00375,CB-BA-00482,Revolving Line of Credit,863718.11,405836.31,47.0,2-Pass,2027-08-11,85
CB-FC-00376,CB-BA-00485,Revolving Line of Credit,47767309.0,12554053.64,26.3,2-Pass,2028-05-20,75
CB-FC-00377,CB-BA-00487,Letter of Credit,445079.45,47389.69,10.6,5-Substandard,2031-12-16,85
CB-FC-00378,CB-BA-00487,Equipment Finance,327575.81,129274.45,39.5,3-Pass,2030-05-14,75
CB-FC-00379,CB-BA-00488,Letter of Credit,37081672.3,12995101.76,35.0,2-Pass,2029-09-30,85
CB-FC-00380,CB-BA-00489,Revolving Line of Credit,612132.91,489317.99,79.9,2-Pass,2028-02-23,85
CB-FC-00381,CB-BA-00491,Equipment Finance,2550759.07,1916609.75,75.1,2-Pass,2027-10-21,85
CB-FC-00382,CB-BA-00491,CRE Mortgage,1299186.93,844851.89,65.0,2-Pass,2031-09-30,80
CB-FC-00383,CB-BA-00492,Letter of Credit,759623.11,328825.09,43.3,2-Pass,2029-03-06,75
CB-FC-00384,CB-BA-00493,Revolving Line of Credit,78389829.71,5202367.66,6.6,3-Pass,2030-01-16,85
CB-FC-00385,CB-BA-00493,CRE Mortgage,55377811.53,19963660.94,36.0,2-Pass,2029-03-09,80
CB-FC-00386,CB-BA-00494,Equipment Finance,381387.29,5140.83,1.3,1-Pass,2030-06-16,75
CB-FC-00387,CB-BA-00495,Letter of Credit,2326538.77,768334.02,33.0,1-Pass,2030-02-20,90
CB-FC-00388,CB-BA-00497,CRE Mortgage,382204.9,222534.13,58.2,1-Pass,2028-04-17,90
CB-FC-00389,CB-BA-00498,Revolving Line of Credit,342760.62,295257.38,86.1,2-Pass,2028-09-06,90
CB-FC-00390,CB-BA-00499,CRE Mortgage,458475.54,155520.41,33.9,2-Pass,2030-05-26,75
CB-FC-00391,CB-BA-00500,Term Loan,65076.21,23760.94,36.5,4-Watch,2028-07-07,80
CB-FC-00392,CB-BA-00502,Term Loan,897567.67,517815.8,57.7,4-Watch,2028-12-26,90
CB-FC-00393,CB-BA-00503,Revolving Line of Credit,1743924.11,1487411.36,85.3,3-Pass,2026-10-16,80
CB-FC-00394,CB-BA-00503,Revolving Line of Credit,4384202.78,915536.39,20.9,4-Watch,2026-09-10,90
CB-FC-00395,CB-BA-00508,Letter of Credit,605793.7,188058.46,31.0,4-Watch,2030-09-02,85
CB-FC-00396,CB-BA-00514,Letter of Credit,15220714.22,2051942.8,13.5,4-Watch,2031-01-03,90
CB-FC-00397,CB-BA-00515,Term Loan,170242.64,87440.58,51.4,2-Pass,2027-08-17,75
CB-FC-00398,CB-BA-00516,Letter of Credit,4373708.53,2656412.68,60.7,2-Pass,2028-02-07,85
CB-FC-00399,CB-BA-00517,Equipment Finance,233414.73,133343.49,57.1,1-Pass,2027-03-06,80
CB-FC-00400,CB-BA-00518,Term Loan,862139.01,545815.68,63.3,3-Pass,2030-04-22,90
CB-FC-00401,CB-BA-00518,Term Loan,535068.27,193782.64,36.2,2-Pass,2031-10-06,75
CB-FC-00402,CB-BA-00520,Equipment Finance,329386.08,32618.93,9.9,2-Pass,2028-09-04,75
CB-FC-00403,CB-BA-00520,CRE Mortgage,393109.23,41939.92,10.7,3-Pass,2026-11-07,80
CB-FC-00404,CB-BA-00521,CRE Mortgage,2675781.06,386786.04,14.5,2-Pass,2029-04-05,90
CB-FC-00405,CB-BA-00522,Equipment Finance,1329547.26,397777.38,29.9,1-Pass,2031-04-25,90
CB-FC-00406,CB-BA-00523,Letter of Credit,96460904.68,45240538.44,46.9,3-Pass,2030-12-30,75
CB-FC-00407,CB-BA-00526,Term Loan,124147.69,11606.77,9.3,2-Pass,2028-07-14,75
CB-FC-00408,CB-BA-00526,CRE Mortgage,121784.15,29586.91,24.3,3-Pass,2030-01-20,85
CB-FC-00409,CB-BA-00531,Term Loan,14672538.06,3660111.86,24.9,3-Pass,2027-09-06,85
CB-FC-00410,CB-BA-00531,Equipment Finance,8422668.62,1348215.35,16.0,3-Pass,2028-06-18,75
CB-FC-00411,CB-BA-00532,Equipment Finance,563834.9,304436.13,54.0,2-Pass,2026-11-30,85
CB-FC-00412,CB-BA-00533,Revolving Line of Credit,129040158.67,44196085.36,34.2,5-Substandard,2030-11-02,90
CB-FC-00413,CB-BA-00535,Letter of Credit,442423.19,55000.64,12.4,3-Pass,2031-09-28,75
CB-FC-00414,CB-BA-00535,Equipment Finance,401408.95,222316.98,55.4,1-Pass,2029-05-23,75
CB-FC-00415,CB-BA-00536,Term Loan,817096.89,276939.72,33.9,1-Pass,2027-05-21,85
CB-FC-00416,CB-BA-00537,Equipment Finance,6444066.09,5221244.97,81.0,2-Pass,2030-03-25,85
CB-FC-00417,CB-BA-00537,Letter of Credit,55949046.24,25136481.98,44.9,1-Pass,2030-08-05,90
CB-FC-00418,CB-BA-00538,CRE Mortgage,1265313.38,761985.24,60.2,2-Pass,2027-01-24,80
CB-FC-00419,CB-BA-00539,Equipment Finance,38645705.92,5201629.76,13.5,2-Pass,2029-09-13,90
CB-FC-00420,CB-BA-00540,Revolving Line of Credit,417550.48,88384.85,21.2,1-Pass,2027-12-27,80
CB-FC-00421,CB-BA-00542,CRE Mortgage,425515.04,116567.83,27.4,1-Pass,2026-12-11,80
CB-FC-00422,CB-BA-00542,Revolving Line of Credit,891245.26,166584.86,18.7,2-Pass,2028-08-30,90
CB-FC-00423,CB-BA-00547,Equipment Finance,14362417.55,2565606.31,17.9,3-Pass,2030-10-08,85
CB-FC-00424,CB-BA-00548,Equipment Finance,177958526.87,113266157.65,63.6,2-Pass,2027-10-07,90
CB-FC-00425,CB-BA-00550,Revolving Line of Credit,2537466.8,1624048.16,64.0,4-Watch,2031-09-16,80
CB-FC-00426,CB-BA-00552,CRE Mortgage,249949.14,37970.7,15.2,1-Pass,2026-09-16,75
CB-FC-00427,CB-BA-00554,Letter of Credit,620613.83,253863.08,40.9,2-Pass,2031-06-10,90
CB-FC-00428,CB-BA-00555,Term Loan,589027.12,265444.06,45.1,4-Watch,2031-06-17,80
CB-FC-00429,CB-BA-00558,Letter of Credit,6749758.36,2004727.3,29.7,2-Pass,2029-06-23,90
CB-FC-00430,CB-BA-00559,Term Loan,235307.23,106263.42,45.2,5-Substandard,2028-08-12,90
CB-FC-00431,CB-BA-00560,Term Loan,26469749.81,11077242.04,41.8,3-Pass,2031-03-27,75
CB-FC-00432,CB-BA-00562,Equipment Finance,477414.19,167546.7,35.1,2-Pass,2028-09-19,85
CB-FC-00433,CB-BA-00563,CRE Mortgage,4462519.38,870529.87,19.5,3-Pass,2030-10-30,75
CB-FC-00434,CB-BA-00563,Equipment Finance,5104466.64,677981.66,13.3,1-Pass,2031-07-07,80
CB-FC-00435,CB-BA-00564,Letter of Credit,137356.78,48041.75,35.0,1-Pass,2030-12-22,90
CB-FC-00436,CB-BA-00565,CRE Mortgage,4000299.85,883519.17,22.1,5-Substandard,2031-09-09,75
CB-FC-00437,CB-BA-00565,Revolving Line of Credit,9408970.32,5831947.73,62.0,2-Pass,2027-02-05,75
CB-FC-00438,CB-BA-00567,Letter of Credit,449869.62,178864.43,39.8,2-Pass,2030-01-11,80
CB-FC-00439,CB-BA-00567,Letter of Credit,1634540.3,1032129.24,63.1,3-Pass,2029-10-29,90
CB-FC-00440,CB-BA-00568,Term Loan,389124.35,178085.4,45.8,1-Pass,2031-07-29,75
CB-FC-00441,CB-BA-00569,Revolving Line of Credit,736080.27,525280.67,71.4,3-Pass,2031-01-15,90
CB-FC-00442,CB-BA-00570,Letter of Credit,938372.92,248249.1,26.5,2-Pass,2027-09-15,80
CB-FC-00443,CB-BA-00571,Revolving Line of Credit,8238738.4,5130966.84,62.3,3-Pass,2029-01-11,80
CB-FC-00444,CB-BA-00571,CRE Mortgage,7758971.61,2233185.81,28.8,5-Substandard,2029-01-01,75
CB-FC-00445,CB-BA-00573,Revolving Line of Credit,625611.7,201429.85,32.2,2-Pass,2027-04-24,80
CB-FC-00446,CB-BA-00573,Equipment Finance,285743.93,68751.57,24.1,2-Pass,2028-01-25,80
CB-FC-00447,CB-BA-00575,Letter of Credit,3914335.05,1473277.17,37.6,2-Pass,2030-08-13,90
CB-FC-00448,CB-BA-00576,Letter of Credit,5982892.25,170455.67,2.8,2-Pass,2027-12-10,85
CB-FC-00449,CB-BA-00577,CRE Mortgage,154444.4,41653.91,27.0,1-Pass,2029-10-12,80
CB-FC-00450,CB-BA-00577,Revolving Line of Credit,235158.12,98029.76,41.7,2-Pass,2026-09-08,80
CB-FC-00451,CB-BA-00578,Term Loan,11207303.75,3260335.55,29.1,1-Pass,2028-09-06,85
CB-FC-00452,CB-BA-00579,Letter of Credit,376875476.78,173379626.27,46.0,1-Pass,2031-02-12,75
CB-FC-00453,CB-BA-00580,CRE Mortgage,222908.6,79908.96,35.8,4-Watch,2030-09-11,75
CB-FC-00454,CB-BA-00580,Equipment Finance,245343.16,26593.09,10.8,2-Pass,2030-02-23,85
CB-FC-00455,CB-BA-00581,Revolving Line of Credit,612615.08,97757.3,16.0,1-Pass,2030-10-18,75
CB-FC-00456,CB-BA-00582,Revolving Line of Credit,111936.57,47990.87,42.9,2-Pass,2030-11-18,80
CB-FC-00457,CB-BA-00584,Equipment Finance,25926734.47,14957477.14,57.7,4-Watch,2028-09-07,85
CB-FC-00458,CB-BA-00585,Letter of Credit,1693848.0,144075.92,8.5,2-Pass,2028-01-17,90
CB-FC-00459,CB-BA-00585,Equipment Finance,6891599.26,2816674.78,40.9,1-Pass,2029-08-17,75
CB-FC-00460,CB-BA-00586,Term Loan,289388.99,49411.49,17.1,1-Pass,2031-05-15,85
CB-FC-00461,CB-BA-00588,CRE Mortgage,31793487.89,7476503.88,23.5,3-Pass,2028-05-15,90
CB-FC-00462,CB-BA-00589,CRE Mortgage,9743540.49,1320219.28,13.5,3-Pass,2027-05-03,80
CB-FC-00463,CB-BA-00591,Term Loan,173579050.94,52375792.56,30.2,1-Pass,2028-11-01,85
CB-FC-00464,CB-BA-00593,Term Loan,19877713.05,6063734.59,30.5,3-Pass,2030-10-22,85
CB-FC-00465,CB-BA-00594,Letter of Credit,1260522.76,606847.86,48.1,1-Pass,2028-02-25,90
CB-FC-00466,CB-BA-00594,Equipment Finance,642166.45,302909.05,47.2,2-Pass,2031-04-13,75
CB-FC-00467,CB-BA-00596,Revolving Line of Credit,4602732.4,3833474.57,83.3,2-Pass,2026-10-18,85
CB-FC-00468,CB-BA-00600,Equipment Finance,16794536.21,5628764.44,33.5,2-Pass,2028-10-31,75
