OnboardingId,BusinessAccountId,OnboardingType,StartDate,CompletedDate,CycleTimeDays,HasTreasuryProducts,DocumentsRequested,Status
CB-OB-00001,CB-BA-00001,New Relationship,2026-05-05,2026-06-13,39.7,true,3,Complete
CB-OB-00002,CB-BA-00004,Credit Facility,2025-03-01,2025-03-19,18.3,true,10,Complete
CB-OB-00003,CB-BA-00005,New Relationship,2025-05-20,2025-06-07,18.0,true,3,Complete
CB-OB-00004,CB-BA-00008,sFTP / ACH Setup,2026-04-14,2026-05-12,28.2,true,6,Complete
CB-OB-00005,CB-BA-00010,Treasury Add-On,2025-12-15,2026-02-08,55.6,false,12,Complete
CB-OB-00006,CB-BA-00011,New Relationship,2026-05-28,2026-06-10,13.8,true,6,Complete
CB-OB-00007,CB-BA-00012,sFTP / ACH Setup,2025-06-18,2025-07-01,13.4,true,6,Complete
CB-OB-00008,CB-BA-00016,New Relationship,2025-08-11,2025-08-27,16.8,true,10,Complete
CB-OB-00009,CB-BA-00018,sFTP / ACH Setup,2025-07-16,2025-08-21,36.4,false,4,Complete
CB-OB-00010,CB-BA-00020,Credit Facility,2025-01-20,2025-02-17,28.5,true,7,Complete
CB-OB-00011,CB-BA-00021,Credit Facility,2026-07-28,2026-08-08,12.0,true,6,Complete
CB-OB-00012,CB-BA-00022,Credit Facility,2026-07-21,2026-08-13,23.1,true,11,Complete
CB-OB-00013,CB-BA-00024,sFTP / ACH Setup,2026-04-23,2026-05-10,18.0,true,9,Complete
CB-OB-00014,CB-BA-00025,New Relationship,2025-06-27,2025-08-26,60.0,false,6,Complete
CB-OB-00015,CB-BA-00026,New Relationship,2025-10-27,2025-12-03,37.5,false,4,Complete
CB-OB-00016,CB-BA-00027,New Relationship,2025-05-28,2025-06-27,30.3,true,6,Complete
CB-OB-00017,CB-BA-00028,New Relationship,2025-05-04,2025-06-01,28.0,true,5,Complete
CB-OB-00018,CB-BA-00029,New Relationship,2025-11-21,2025-12-14,23.2,true,12,Complete
CB-OB-00019,CB-BA-00030,New Relationship,2026-07-20,2026-08-08,19.2,true,14,Complete
CB-OB-00020,CB-BA-00031,Credit Facility,2025-07-23,2025-08-13,21.7,true,10,Complete
CB-OB-00021,CB-BA-00034,sFTP / ACH Setup,2025-06-07,2025-07-31,55.0,false,10,Complete
CB-OB-00022,CB-BA-00035,sFTP / ACH Setup,2026-03-01,2026-04-01,31.8,false,5,Complete
CB-OB-00023,CB-BA-00037,New Relationship,2026-06-21,2026-07-12,21.3,true,11,Complete
CB-OB-00024,CB-BA-00038,sFTP / ACH Setup,2025-08-14,2025-09-06,23.8,true,9,Complete
CB-OB-00025,CB-BA-00039,sFTP / ACH Setup,2026-01-15,2026-02-16,32.3,false,14,Complete
CB-OB-00026,CB-BA-00040,Credit Facility,2025-07-19,2025-08-14,26.5,true,4,Complete
CB-OB-00027,CB-BA-00041,Credit Facility,2025-05-16,2025-06-14,29.7,false,14,Complete
CB-OB-00028,CB-BA-00043,New Relationship,2026-01-04,2026-01-23,19.3,true,4,Complete
CB-OB-00029,CB-BA-00044,Treasury Add-On,2025-11-02,2025-12-11,39.3,false,14,Complete
CB-OB-00030,CB-BA-00047,Credit Facility,2025-07-24,2025-08-20,27.0,true,10,Complete
CB-OB-00031,CB-BA-00048,Credit Facility,2025-08-26,2025-09-16,21.5,true,4,Complete
CB-OB-00032,CB-BA-00049,sFTP / ACH Setup,2026-07-05,2026-07-18,13.3,true,6,Complete
CB-OB-00033,CB-BA-00051,Treasury Add-On,2026-01-27,2026-02-24,28.6,true,5,Complete
CB-OB-00034,CB-BA-00052,sFTP / ACH Setup,2026-03-05,2026-04-07,33.2,false,10,Complete
CB-OB-00035,CB-BA-00055,New Relationship,2025-06-10,2025-06-27,17.2,true,14,Complete
CB-OB-00036,CB-BA-00057,sFTP / ACH Setup,2025-09-22,2025-10-17,25.7,true,14,Complete
CB-OB-00037,CB-BA-00058,sFTP / ACH Setup,2025-05-06,2025-05-29,23.6,true,11,Complete
CB-OB-00038,CB-BA-00059,sFTP / ACH Setup,2026-08-07,,32.3,false,8,In Progress
CB-OB-00039,CB-BA-00060,New Relationship,2026-03-16,2026-04-29,44.8,false,8,Complete
CB-OB-00040,CB-BA-00061,Treasury Add-On,2025-09-11,2025-09-20,9.8,true,5,Complete
CB-OB-00041,CB-BA-00063,sFTP / ACH Setup,2026-07-17,2026-08-01,15.8,true,9,Complete
CB-OB-00042,CB-BA-00064,New Relationship,2025-03-11,2025-04-30,50.2,true,9,Complete
CB-OB-00043,CB-BA-00065,New Relationship,2025-03-21,2025-04-15,26.0,true,13,Complete
CB-OB-00044,CB-BA-00066,Credit Facility,2026-04-21,2026-05-15,24.6,true,6,Complete
CB-OB-00045,CB-BA-00069,Treasury Add-On,2025-11-23,2025-12-24,31.6,true,6,Complete
CB-OB-00046,CB-BA-00070,Treasury Add-On,2025-10-05,2025-10-28,23.6,true,14,Complete
CB-OB-00047,CB-BA-00071,New Relationship,2025-06-09,2025-07-01,22.6,true,6,Complete
CB-OB-00048,CB-BA-00072,New Relationship,2026-03-16,2026-03-29,13.3,true,7,Complete
CB-OB-00049,CB-BA-00073,Treasury Add-On,2025-07-01,2025-07-19,18.5,true,12,Complete
CB-OB-00050,CB-BA-00074,Credit Facility,2026-04-23,2026-05-10,17.4,false,7,Complete
CB-OB-00051,CB-BA-00077,New Relationship,2025-02-23,2025-03-31,36.3,false,13,Complete
CB-OB-00052,CB-BA-00083,Treasury Add-On,2025-02-03,2025-03-05,30.5,true,13,Complete
CB-OB-00053,CB-BA-00087,New Relationship,2026-01-03,2026-01-13,10.3,true,3,Complete
CB-OB-00054,CB-BA-00089,sFTP / ACH Setup,2025-07-08,2025-08-04,27.4,true,13,Complete
CB-OB-00055,CB-BA-00090,Treasury Add-On,2026-04-30,2026-05-31,31.1,true,7,Complete
CB-OB-00056,CB-BA-00091,sFTP / ACH Setup,2026-01-12,2026-02-02,21.4,true,3,Complete
CB-OB-00057,CB-BA-00092,New Relationship,2025-03-08,2025-04-15,38.5,true,10,Complete
CB-OB-00058,CB-BA-00093,sFTP / ACH Setup,2026-02-08,2026-03-23,43.3,true,8,Complete
CB-OB-00059,CB-BA-00094,Credit Facility,2025-12-07,2026-01-05,29.5,true,5,Complete
CB-OB-00060,CB-BA-00096,New Relationship,2025-07-13,2025-08-24,42.7,false,14,Complete
CB-OB-00061,CB-BA-00097,Credit Facility,2025-12-27,2026-01-19,23.5,true,14,Complete
CB-OB-00062,CB-BA-00098,New Relationship,2026-06-11,2026-06-27,16.5,true,4,Complete
CB-OB-00063,CB-BA-00099,New Relationship,2025-01-18,2025-02-12,25.9,true,11,Complete
CB-OB-00064,CB-BA-00103,Credit Facility,2025-06-01,2025-07-16,45.3,false,13,Complete
CB-OB-00065,CB-BA-00104,New Relationship,2025-08-02,2025-09-06,35.4,true,7,Complete
CB-OB-00066,CB-BA-00106,sFTP / ACH Setup,2025-12-16,2026-02-19,65.5,true,7,Complete
CB-OB-00067,CB-BA-00107,New Relationship,2025-11-09,2025-11-23,15.0,true,12,Complete
CB-OB-00068,CB-BA-00110,Credit Facility,2025-04-20,2025-06-23,64.8,false,13,Complete
CB-OB-00069,CB-BA-00111,New Relationship,2026-06-07,2026-07-11,34.5,true,6,Complete
CB-OB-00070,CB-BA-00112,New Relationship,2026-08-14,,20.1,true,11,In Progress
CB-OB-00071,CB-BA-00113,Credit Facility,2025-03-06,2025-04-15,40.6,true,6,Complete
CB-OB-00072,CB-BA-00114,Credit Facility,2026-03-31,2026-04-27,27.8,true,8,Complete
CB-OB-00073,CB-BA-00115,sFTP / ACH Setup,2025-03-24,2025-04-11,18.9,true,4,Complete
CB-OB-00074,CB-BA-00116,New Relationship,2025-02-25,2025-03-23,26.9,true,6,Complete
CB-OB-00075,CB-BA-00117,New Relationship,2025-06-01,2025-06-29,29.0,true,7,Complete
CB-OB-00076,CB-BA-00118,Credit Facility,2026-07-05,2026-07-16,11.9,true,10,Complete
CB-OB-00077,CB-BA-00119,Treasury Add-On,2025-03-10,2025-03-22,12.5,true,10,Complete
CB-OB-00078,CB-BA-00120,New Relationship,2026-08-28,,23.0,true,11,In Progress
CB-OB-00079,CB-BA-00121,New Relationship,2025-02-06,2025-03-30,52.7,false,5,Complete
CB-OB-00080,CB-BA-00123,New Relationship,2026-01-14,2026-02-15,32.6,true,10,Complete
CB-OB-00081,CB-BA-00124,Credit Facility,2025-11-25,2025-12-09,14.9,true,9,Complete
CB-OB-00082,CB-BA-00125,sFTP / ACH Setup,2026-08-14,2026-08-31,17.3,true,9,Complete
CB-OB-00083,CB-BA-00129,Treasury Add-On,2025-01-18,2025-01-29,11.9,true,11,Complete
CB-OB-00084,CB-BA-00131,New Relationship,2025-08-15,2025-09-02,18.8,true,4,Complete
CB-OB-00085,CB-BA-00132,sFTP / ACH Setup,2025-04-09,2025-05-23,44.5,true,12,Complete
CB-OB-00086,CB-BA-00133,New Relationship,2026-04-12,2026-05-31,49.1,false,6,Complete
CB-OB-00087,CB-BA-00134,sFTP / ACH Setup,2026-07-23,2026-08-20,28.4,true,12,Complete
CB-OB-00088,CB-BA-00135,New Relationship,2025-12-30,2026-01-18,19.5,true,7,Complete
CB-OB-00089,CB-BA-00137,sFTP / ACH Setup,2025-10-11,2025-11-05,25.2,true,11,Complete
CB-OB-00090,CB-BA-00138,sFTP / ACH Setup,2025-06-03,2025-07-30,57.5,false,8,Complete
CB-OB-00091,CB-BA-00143,Treasury Add-On,2025-11-11,2025-12-06,25.1,false,14,Complete
CB-OB-00092,CB-BA-00144,New Relationship,2026-01-06,2026-01-23,17.6,true,4,Complete
CB-OB-00093,CB-BA-00145,Credit Facility,2025-07-19,2025-09-23,66.7,false,4,Complete
CB-OB-00094,CB-BA-00146,New Relationship,2025-07-27,2025-10-09,74.3,false,14,Complete
CB-OB-00095,CB-BA-00148,Treasury Add-On,2025-01-15,2025-01-27,12.9,true,8,Complete
CB-OB-00096,CB-BA-00149,sFTP / ACH Setup,2026-07-11,2026-07-26,15.3,true,12,Complete
CB-OB-00097,CB-BA-00150,sFTP / ACH Setup,2025-04-06,2025-06-25,80.8,false,9,Complete
CB-OB-00098,CB-BA-00151,sFTP / ACH Setup,2025-01-24,2025-02-18,25.5,true,11,Complete
CB-OB-00099,CB-BA-00153,New Relationship,2026-01-29,2026-02-10,12.5,true,7,Complete
CB-OB-00100,CB-BA-00154,sFTP / ACH Setup,2026-01-05,2026-03-03,57.6,false,5,Complete
CB-OB-00101,CB-BA-00160,sFTP / ACH Setup,2025-09-05,2025-10-31,57.0,false,7,Complete
CB-OB-00102,CB-BA-00161,Treasury Add-On,2026-02-02,2026-03-02,28.2,true,9,Complete
CB-OB-00103,CB-BA-00163,sFTP / ACH Setup,2025-06-26,2025-08-31,66.7,false,8,Complete
CB-OB-00104,CB-BA-00164,sFTP / ACH Setup,2025-04-09,2025-04-30,21.8,true,11,Complete
CB-OB-00105,CB-BA-00165,New Relationship,2025-03-05,2025-04-13,39.7,true,14,Complete
CB-OB-00106,CB-BA-00168,New Relationship,2026-04-15,2026-05-03,19.0,true,13,Complete
CB-OB-00107,CB-BA-00169,New Relationship,2026-02-16,2026-03-13,25.3,false,11,Complete
CB-OB-00108,CB-BA-00172,Credit Facility,2026-07-09,2026-07-24,15.7,true,6,Complete
CB-OB-00109,CB-BA-00175,Treasury Add-On,2025-01-24,2025-02-20,27.6,true,3,Complete
CB-OB-00110,CB-BA-00177,Treasury Add-On,2025-02-10,2025-03-29,47.4,false,6,Complete
CB-OB-00111,CB-BA-00179,New Relationship,2025-06-07,2025-06-19,12.8,true,8,Complete
CB-OB-00112,CB-BA-00181,Credit Facility,2026-08-13,2026-08-27,14.6,true,6,Complete
CB-OB-00113,CB-BA-00182,New Relationship,2025-06-15,2025-07-09,24.3,true,3,Complete
CB-OB-00114,CB-BA-00183,Credit Facility,2025-06-27,2025-08-05,39.6,false,8,Complete
CB-OB-00115,CB-BA-00184,Credit Facility,2025-09-04,2025-09-27,23.2,true,14,Complete
CB-OB-00116,CB-BA-00185,Treasury Add-On,2025-12-02,2025-12-15,13.3,true,10,Complete
CB-OB-00117,CB-BA-00188,Treasury Add-On,2026-08-07,2026-08-30,23.3,true,11,Complete
CB-OB-00118,CB-BA-00191,Credit Facility,2025-03-10,2025-04-13,34.0,false,9,Complete
CB-OB-00119,CB-BA-00192,Credit Facility,2026-06-22,2026-07-16,24.6,true,5,Complete
CB-OB-00120,CB-BA-00195,New Relationship,2026-03-17,2026-03-26,9.9,true,3,Complete
CB-OB-00121,CB-BA-00197,New Relationship,2025-06-05,2025-07-12,37.0,true,14,Complete
CB-OB-00122,CB-BA-00200,sFTP / ACH Setup,2025-10-20,2025-11-10,21.2,true,11,Complete
CB-OB-00123,CB-BA-00203,New Relationship,2025-01-29,2025-02-27,29.8,true,4,Complete
CB-OB-00124,CB-BA-00204,New Relationship,2025-11-14,2025-12-01,17.9,true,6,Complete
CB-OB-00125,CB-BA-00208,New Relationship,2025-11-05,2025-11-28,24.0,false,7,Complete
CB-OB-00126,CB-BA-00209,Treasury Add-On,2025-11-11,2025-12-06,25.8,true,7,Complete
CB-OB-00127,CB-BA-00211,New Relationship,2026-05-09,2026-05-28,19.8,true,5,Complete
CB-OB-00128,CB-BA-00213,sFTP / ACH Setup,2026-04-18,2026-05-04,16.6,true,5,Complete
CB-OB-00129,CB-BA-00214,Treasury Add-On,2026-05-24,2026-06-21,28.2,false,7,Complete
CB-OB-00130,CB-BA-00216,Credit Facility,2025-09-18,2025-11-21,64.2,true,5,Complete
CB-OB-00131,CB-BA-00218,Credit Facility,2025-08-15,2025-08-31,16.8,true,9,Complete
CB-OB-00132,CB-BA-00223,sFTP / ACH Setup,2026-05-19,2026-05-31,12.9,true,14,Complete
CB-OB-00133,CB-BA-00224,sFTP / ACH Setup,2025-12-15,2026-03-17,92.8,false,4,Complete
CB-OB-00134,CB-BA-00227,sFTP / ACH Setup,2025-06-20,2025-08-12,53.3,false,5,Complete
CB-OB-00135,CB-BA-00228,New Relationship,2026-01-15,2026-02-24,40.6,false,7,Complete
CB-OB-00136,CB-BA-00230,New Relationship,2026-01-08,2026-01-18,10.3,true,14,Complete
CB-OB-00137,CB-BA-00233,sFTP / ACH Setup,2025-09-07,2025-09-26,19.4,true,10,Complete
CB-OB-00138,CB-BA-00235,New Relationship,2025-02-12,2025-03-05,21.1,true,9,Complete
CB-OB-00139,CB-BA-00236,New Relationship,2025-02-15,2025-03-08,21.8,true,3,Complete
CB-OB-00140,CB-BA-00237,sFTP / ACH Setup,2026-02-21,2026-03-14,21.5,false,6,Complete
CB-OB-00141,CB-BA-00238,Treasury Add-On,2025-02-28,2025-03-11,11.5,true,10,Complete
CB-OB-00142,CB-BA-00239,Treasury Add-On,2025-05-19,2025-06-05,17.2,true,13,Complete
CB-OB-00143,CB-BA-00240,New Relationship,2026-04-27,2026-05-16,19.7,true,14,Complete
CB-OB-00144,CB-BA-00242,Treasury Add-On,2025-06-18,2025-07-07,19.9,true,5,Complete
CB-OB-00145,CB-BA-00245,Credit Facility,2026-07-18,,62.0,false,10,In Progress
CB-OB-00146,CB-BA-00248,Treasury Add-On,2025-05-08,2025-05-28,20.1,true,8,Complete
CB-OB-00147,CB-BA-00249,Credit Facility,2026-06-11,2026-07-06,25.4,true,3,Complete
CB-OB-00148,CB-BA-00251,Credit Facility,2025-05-24,2025-07-01,38.7,true,8,Complete
CB-OB-00149,CB-BA-00252,sFTP / ACH Setup,2025-11-19,2026-01-06,48.2,true,14,Complete
CB-OB-00150,CB-BA-00255,sFTP / ACH Setup,2025-02-18,2025-03-28,38.2,false,9,Complete
CB-OB-00151,CB-BA-00259,New Relationship,2025-10-18,2025-11-14,27.7,true,10,Complete
CB-OB-00152,CB-BA-00260,New Relationship,2025-05-07,2025-06-02,26.9,true,14,Complete
CB-OB-00153,CB-BA-00262,sFTP / ACH Setup,2025-07-21,2025-08-09,19.7,true,10,Complete
CB-OB-00154,CB-BA-00264,Credit Facility,2025-01-25,2025-02-23,29.8,true,8,Complete
CB-OB-00155,CB-BA-00266,sFTP / ACH Setup,2025-04-28,2025-05-28,30.3,false,5,Complete
CB-OB-00156,CB-BA-00267,New Relationship,2026-04-09,2026-04-27,18.3,true,7,Complete
CB-OB-00157,CB-BA-00268,Credit Facility,2026-04-23,2026-05-30,37.7,false,13,Complete
CB-OB-00158,CB-BA-00270,Treasury Add-On,2026-08-26,,37.5,true,8,In Progress
CB-OB-00159,CB-BA-00276,New Relationship,2025-02-28,2025-04-13,44.5,false,9,Complete
CB-OB-00160,CB-BA-00277,New Relationship,2025-12-19,2026-01-07,19.4,true,5,Complete
CB-OB-00161,CB-BA-00278,New Relationship,2025-04-15,2025-05-17,32.2,true,5,Complete
CB-OB-00162,CB-BA-00279,sFTP / ACH Setup,2025-11-21,2025-12-06,15.6,true,3,Complete
CB-OB-00163,CB-BA-00282,Treasury Add-On,2026-03-20,2026-04-04,15.3,true,13,Complete
CB-OB-00164,CB-BA-00283,Credit Facility,2026-02-10,2026-02-27,17.5,true,11,Complete
CB-OB-00165,CB-BA-00284,Credit Facility,2026-06-04,2026-07-01,27.1,true,3,Complete
CB-OB-00166,CB-BA-00287,New Relationship,2026-03-14,2026-04-01,18.6,false,12,Complete
CB-OB-00167,CB-BA-00288,Credit Facility,2025-10-21,2025-11-19,29.7,true,13,Complete
CB-OB-00168,CB-BA-00289,New Relationship,2026-07-07,2026-07-24,17.1,true,10,Complete
CB-OB-00169,CB-BA-00290,Credit Facility,2026-06-03,2026-07-03,30.8,false,3,Complete
CB-OB-00170,CB-BA-00292,Treasury Add-On,2026-06-16,2026-07-18,32.6,true,14,Complete
CB-OB-00171,CB-BA-00293,Credit Facility,2025-12-04,2026-02-04,62.4,false,9,Complete
CB-OB-00172,CB-BA-00296,sFTP / ACH Setup,2025-02-14,2025-02-25,11.5,true,14,Complete
CB-OB-00173,CB-BA-00297,Credit Facility,2025-03-07,2025-05-03,57.8,true,6,Complete
CB-OB-00174,CB-BA-00298,New Relationship,2025-04-07,2025-05-05,28.7,true,8,Complete
CB-OB-00175,CB-BA-00299,Credit Facility,2026-02-10,2026-02-24,14.2,true,11,Complete
CB-OB-00176,CB-BA-00301,sFTP / ACH Setup,2025-01-16,2025-03-31,74.4,false,14,Complete
CB-OB-00177,CB-BA-00303,New Relationship,2025-04-09,2025-05-11,32.4,false,10,Complete
CB-OB-00178,CB-BA-00306,sFTP / ACH Setup,2025-11-18,2025-11-30,12.3,true,8,Complete
CB-OB-00179,CB-BA-00311,sFTP / ACH Setup,2025-11-07,2025-12-12,35.6,true,6,Complete
CB-OB-00180,CB-BA-00312,sFTP / ACH Setup,2025-02-04,2025-03-14,38.9,false,10,Complete
CB-OB-00181,CB-BA-00313,New Relationship,2025-09-19,2025-11-12,54.9,false,6,Complete
CB-OB-00182,CB-BA-00315,sFTP / ACH Setup,2025-02-05,2025-02-18,13.6,true,8,Complete
CB-OB-00183,CB-BA-00316,New Relationship,2026-07-03,2026-07-27,24.6,true,4,Complete
CB-OB-00184,CB-BA-00317,sFTP / ACH Setup,2026-05-21,2026-06-03,13.8,true,13,Complete
CB-OB-00185,CB-BA-00318,Credit Facility,2026-06-24,2026-07-31,37.4,true,4,Complete
CB-OB-00186,CB-BA-00319,Treasury Add-On,2026-06-17,2026-06-26,9.3,true,5,Complete
CB-OB-00187,CB-BA-00320,Credit Facility,2025-09-26,2025-11-04,39.8,false,10,Complete
CB-OB-00188,CB-BA-00323,sFTP / ACH Setup,2025-06-20,2025-07-12,22.1,true,7,Complete
CB-OB-00189,CB-BA-00325,New Relationship,2025-09-11,2025-10-12,31.7,false,11,Complete
CB-OB-00190,CB-BA-00330,sFTP / ACH Setup,2026-08-26,,20.9,true,7,In Progress
CB-OB-00191,CB-BA-00331,New Relationship,2026-01-22,2026-03-01,38.9,false,4,Complete
CB-OB-00192,CB-BA-00332,New Relationship,2025-05-07,2025-05-26,19.1,true,7,Complete
CB-OB-00193,CB-BA-00333,sFTP / ACH Setup,2026-02-07,2026-03-05,26.2,true,11,Complete
CB-OB-00194,CB-BA-00334,New Relationship,2025-10-23,2025-11-25,33.6,true,4,Complete
CB-OB-00195,CB-BA-00336,sFTP / ACH Setup,2026-05-23,2026-07-05,43.5,false,7,Complete
CB-OB-00196,CB-BA-00340,New Relationship,2025-12-29,2026-01-11,13.8,true,14,Complete
CB-OB-00197,CB-BA-00341,Treasury Add-On,2025-02-13,2025-03-05,20.2,true,14,Complete
CB-OB-00198,CB-BA-00342,New Relationship,2025-10-30,2026-01-23,85.7,false,13,Complete
CB-OB-00199,CB-BA-00345,Treasury Add-On,2026-01-21,2026-02-16,26.0,true,9,Complete
CB-OB-00200,CB-BA-00346,New Relationship,2026-04-08,2026-05-25,47.3,false,6,Complete
CB-OB-00201,CB-BA-00347,New Relationship,2026-01-21,2026-01-30,9.6,true,4,Complete
CB-OB-00202,CB-BA-00348,Treasury Add-On,2026-01-06,2026-02-02,27.6,false,4,Complete
CB-OB-00203,CB-BA-00349,Treasury Add-On,2026-06-19,2026-06-27,8.7,true,6,Complete
CB-OB-00204,CB-BA-00353,sFTP / ACH Setup,2025-11-14,2025-12-12,29.0,false,6,Complete
CB-OB-00205,CB-BA-00354,New Relationship,2025-03-10,2025-03-30,20.1,false,3,Complete
CB-OB-00206,CB-BA-00355,New Relationship,2025-12-23,2026-01-21,29.4,true,11,Complete
CB-OB-00207,CB-BA-00356,New Relationship,2025-07-07,2025-07-30,23.6,true,7,Complete
CB-OB-00208,CB-BA-00359,sFTP / ACH Setup,2025-09-20,2025-10-03,13.1,true,7,Complete
CB-OB-00209,CB-BA-00360,New Relationship,2026-06-30,2026-07-22,22.7,true,11,Complete
CB-OB-00210,CB-BA-00362,sFTP / ACH Setup,2025-12-16,2026-02-27,73.8,false,4,Complete
CB-OB-00211,CB-BA-00365,New Relationship,2025-04-27,2025-05-10,13.7,true,4,Complete
CB-OB-00212,CB-BA-00366,New Relationship,2025-12-17,2025-12-24,7.5,true,11,Complete
CB-OB-00213,CB-BA-00367,sFTP / ACH Setup,2026-05-25,2026-06-09,15.0,true,3,Complete
CB-OB-00214,CB-BA-00369,sFTP / ACH Setup,2026-01-06,2026-02-16,42.0,false,3,Complete
CB-OB-00215,CB-BA-00370,New Relationship,2025-09-22,2025-10-21,29.0,true,14,Complete
CB-OB-00216,CB-BA-00371,New Relationship,2026-08-08,2026-08-25,17.1,true,9,Complete
CB-OB-00217,CB-BA-00372,Credit Facility,2025-11-24,2025-12-23,29.7,true,10,Complete
CB-OB-00218,CB-BA-00374,sFTP / ACH Setup,2026-03-14,2026-03-28,14.8,true,8,Complete
CB-OB-00219,CB-BA-00375,sFTP / ACH Setup,2025-01-13,2025-01-27,14.1,true,6,Complete
CB-OB-00220,CB-BA-00377,Treasury Add-On,2026-07-26,2026-08-13,18.7,true,6,Complete
CB-OB-00221,CB-BA-00379,sFTP / ACH Setup,2025-01-17,2025-02-16,30.3,true,7,Complete
CB-OB-00222,CB-BA-00380,Credit Facility,2026-07-21,2026-08-14,24.2,true,13,Complete
CB-OB-00223,CB-BA-00381,Credit Facility,2025-03-03,2025-03-20,17.2,true,3,Complete
CB-OB-00224,CB-BA-00382,Treasury Add-On,2025-10-31,2025-11-14,14.1,true,8,Complete
CB-OB-00225,CB-BA-00383,sFTP / ACH Setup,2025-10-22,2025-11-22,31.4,false,6,Complete
CB-OB-00226,CB-BA-00386,New Relationship,2025-06-26,2025-09-04,70.1,false,7,Complete
CB-OB-00227,CB-BA-00388,New Relationship,2026-08-17,,38.0,true,12,In Progress
CB-OB-00228,CB-BA-00395,New Relationship,2026-08-20,,33.7,true,11,In Progress
CB-OB-00229,CB-BA-00396,Credit Facility,2026-05-15,2026-06-02,18.1,false,7,Complete
CB-OB-00230,CB-BA-00397,Treasury Add-On,2026-04-21,2026-05-29,38.9,false,13,Complete
CB-OB-00231,CB-BA-00399,Treasury Add-On,2025-09-11,2025-10-29,48.1,false,13,Complete
CB-OB-00232,CB-BA-00400,New Relationship,2026-05-06,2026-06-06,31.3,false,7,Complete
CB-OB-00233,CB-BA-00401,sFTP / ACH Setup,2026-04-18,2026-05-03,15.1,true,5,Complete
CB-OB-00234,CB-BA-00402,Treasury Add-On,2026-03-31,2026-05-22,52.4,false,3,Complete
CB-OB-00235,CB-BA-00404,sFTP / ACH Setup,2025-02-19,2025-03-21,30.7,true,4,Complete
CB-OB-00236,CB-BA-00405,Treasury Add-On,2025-08-29,2025-09-15,17.4,true,11,Complete
CB-OB-00237,CB-BA-00406,New Relationship,2025-09-26,2025-10-13,17.2,true,7,Complete
CB-OB-00238,CB-BA-00408,Credit Facility,2025-10-15,2025-11-22,38.0,false,9,Complete
CB-OB-00239,CB-BA-00409,Treasury Add-On,2025-04-09,2025-05-20,41.2,false,4,Complete
CB-OB-00240,CB-BA-00410,sFTP / ACH Setup,2025-01-27,2025-02-23,27.4,true,5,Complete
CB-OB-00241,CB-BA-00411,New Relationship,2025-04-05,2025-04-27,22.5,true,11,Complete
CB-OB-00242,CB-BA-00412,Treasury Add-On,2025-01-02,2025-02-02,31.7,true,3,Complete
CB-OB-00243,CB-BA-00414,Credit Facility,2026-08-30,,18.2,true,13,In Progress
CB-OB-00244,CB-BA-00417,sFTP / ACH Setup,2025-12-10,2026-01-29,50.7,false,11,Complete
CB-OB-00245,CB-BA-00418,sFTP / ACH Setup,2026-06-01,2026-08-01,61.6,false,10,Complete
CB-OB-00246,CB-BA-00419,Treasury Add-On,2025-04-21,2025-06-23,63.8,false,8,Complete
CB-OB-00247,CB-BA-00420,sFTP / ACH Setup,2026-08-26,,22.2,true,7,In Progress
CB-OB-00248,CB-BA-00421,Credit Facility,2026-04-01,2026-04-15,14.2,true,11,Complete
CB-OB-00249,CB-BA-00423,New Relationship,2025-01-27,2025-02-11,15.0,true,5,Complete
CB-OB-00250,CB-BA-00426,Treasury Add-On,2026-02-23,2026-03-26,31.8,true,11,Complete
CB-OB-00251,CB-BA-00428,New Relationship,2025-10-10,2025-11-08,29.8,true,12,Complete
CB-OB-00252,CB-BA-00429,Credit Facility,2026-07-08,2026-07-20,12.3,true,13,Complete
CB-OB-00253,CB-BA-00432,sFTP / ACH Setup,2026-05-11,2026-06-02,22.3,true,14,Complete
CB-OB-00254,CB-BA-00436,Credit Facility,2026-08-25,,19.3,true,10,In Progress
CB-OB-00255,CB-BA-00438,sFTP / ACH Setup,2026-05-06,2026-05-20,14.9,true,14,Complete
CB-OB-00256,CB-BA-00440,sFTP / ACH Setup,2026-06-08,2026-06-28,20.8,true,3,Complete
CB-OB-00257,CB-BA-00441,New Relationship,2026-04-03,2026-04-23,20.1,true,8,Complete
CB-OB-00258,CB-BA-00442,New Relationship,2025-11-13,2025-12-09,26.1,true,8,Complete
CB-OB-00259,CB-BA-00444,Credit Facility,2026-04-22,2026-05-10,18.2,true,14,Complete
CB-OB-00260,CB-BA-00445,New Relationship,2025-07-08,2025-07-25,17.9,true,8,Complete
CB-OB-00261,CB-BA-00446,New Relationship,2025-10-02,2025-10-18,16.8,true,9,Complete
CB-OB-00262,CB-BA-00447,sFTP / ACH Setup,2025-11-24,2025-12-13,19.3,true,10,Complete
CB-OB-00263,CB-BA-00448,New Relationship,2025-01-26,2025-02-18,23.8,true,8,Complete
CB-OB-00264,CB-BA-00449,New Relationship,2025-03-30,2025-05-12,43.2,false,5,Complete
CB-OB-00265,CB-BA-00451,sFTP / ACH Setup,2025-05-09,2025-06-20,42.8,false,8,Complete
CB-OB-00266,CB-BA-00454,sFTP / ACH Setup,2025-03-01,2025-03-20,19.0,true,4,Complete
CB-OB-00267,CB-BA-00455,Treasury Add-On,2026-05-01,2026-05-24,23.3,true,10,Complete
CB-OB-00268,CB-BA-00457,Treasury Add-On,2026-01-15,2026-01-27,12.8,true,11,Complete
CB-OB-00269,CB-BA-00459,sFTP / ACH Setup,2026-04-17,2026-05-07,20.9,true,8,Complete
CB-OB-00270,CB-BA-00463,New Relationship,2025-01-19,2025-02-16,28.9,false,3,Complete
CB-OB-00271,CB-BA-00465,New Relationship,2025-11-04,2025-12-01,27.9,false,11,Complete
CB-OB-00272,CB-BA-00467,sFTP / ACH Setup,2025-12-22,2026-01-15,24.1,true,11,Complete
CB-OB-00273,CB-BA-00468,sFTP / ACH Setup,2025-11-17,2025-12-17,30.7,false,12,Complete
CB-OB-00274,CB-BA-00469,New Relationship,2025-02-02,2025-02-11,9.5,true,13,Complete
CB-OB-00275,CB-BA-00470,New Relationship,2025-09-05,2025-09-23,18.2,true,4,Complete
CB-OB-00276,CB-BA-00475,Treasury Add-On,2025-08-02,2025-08-20,18.6,false,6,Complete
CB-OB-00277,CB-BA-00477,New Relationship,2026-03-01,2026-04-09,39.8,true,8,Complete
CB-OB-00278,CB-BA-00478,New Relationship,2026-07-23,2026-08-09,17.6,true,10,Complete
CB-OB-00279,CB-BA-00481,sFTP / ACH Setup,2025-12-30,2026-01-11,12.2,true,7,Complete
CB-OB-00280,CB-BA-00482,Credit Facility,2025-02-17,2025-03-09,20.3,true,14,Complete
CB-OB-00281,CB-BA-00484,sFTP / ACH Setup,2026-04-14,2026-05-08,24.7,true,13,Complete
CB-OB-00282,CB-BA-00485,sFTP / ACH Setup,2025-09-26,2025-10-18,22.0,true,9,Complete
CB-OB-00283,CB-BA-00489,Treasury Add-On,2025-02-26,2025-03-19,21.7,true,7,Complete
CB-OB-00284,CB-BA-00492,sFTP / ACH Setup,2025-11-11,2025-12-06,25.5,true,10,Complete
CB-OB-00285,CB-BA-00493,Credit Facility,2026-01-11,2026-02-06,26.1,true,13,Complete
CB-OB-00286,CB-BA-00495,New Relationship,2025-02-09,2025-03-18,37.0,false,7,Complete
CB-OB-00287,CB-BA-00496,New Relationship,2026-07-27,2026-08-12,16.4,true,14,Complete
CB-OB-00288,CB-BA-00499,Credit Facility,2025-11-25,2025-12-08,13.7,true,4,Complete
CB-OB-00289,CB-BA-00501,Treasury Add-On,2025-11-08,2026-01-01,54.6,false,12,Complete
CB-OB-00290,CB-BA-00503,sFTP / ACH Setup,2026-04-24,2026-05-15,21.1,true,7,Complete
CB-OB-00291,CB-BA-00504,New Relationship,2026-03-22,2026-03-30,8.2,true,13,Complete
CB-OB-00292,CB-BA-00505,sFTP / ACH Setup,2025-04-22,2025-05-03,11.9,true,8,Complete
CB-OB-00293,CB-BA-00509,Treasury Add-On,2026-03-28,2026-04-09,12.8,true,9,Complete
CB-OB-00294,CB-BA-00510,New Relationship,2025-09-03,2025-09-16,13.7,true,9,Complete
CB-OB-00295,CB-BA-00512,sFTP / ACH Setup,2025-02-18,2025-03-01,11.4,true,10,Complete
CB-OB-00296,CB-BA-00514,Treasury Add-On,2025-07-24,2025-08-12,19.4,true,9,Complete
CB-OB-00297,CB-BA-00516,New Relationship,2025-11-29,2025-12-07,9.0,true,4,Complete
CB-OB-00298,CB-BA-00517,Credit Facility,2026-04-18,2026-05-19,31.3,false,7,Complete
CB-OB-00299,CB-BA-00518,New Relationship,2025-05-17,2025-07-01,45.8,true,12,Complete
CB-OB-00300,CB-BA-00521,sFTP / ACH Setup,2025-03-31,2025-05-17,47.8,false,9,Complete
CB-OB-00301,CB-BA-00524,Credit Facility,2025-05-02,2025-06-02,31.4,true,13,Complete
CB-OB-00302,CB-BA-00525,Treasury Add-On,2025-11-02,2025-11-25,23.3,true,4,Complete
CB-OB-00303,CB-BA-00526,sFTP / ACH Setup,2026-01-31,2026-02-18,18.9,true,3,Complete
CB-OB-00304,CB-BA-00530,New Relationship,2026-01-11,2026-02-07,27.4,true,8,Complete
CB-OB-00305,CB-BA-00531,sFTP / ACH Setup,2025-05-16,2025-06-06,21.7,true,5,Complete
CB-OB-00306,CB-BA-00533,sFTP / ACH Setup,2025-10-21,2025-10-31,10.3,true,12,Complete
CB-OB-00307,CB-BA-00536,New Relationship,2026-01-06,2026-01-17,11.4,true,5,Complete
CB-OB-00308,CB-BA-00537,New Relationship,2026-08-05,,27.7,true,12,In Progress
CB-OB-00309,CB-BA-00538,Credit Facility,2026-08-25,,20.0,true,9,In Progress
CB-OB-00310,CB-BA-00541,New Relationship,2025-03-09,2025-03-28,19.7,true,9,Complete
CB-OB-00311,CB-BA-00543,Credit Facility,2026-03-23,2026-04-21,29.1,true,8,Complete
CB-OB-00312,CB-BA-00544,sFTP / ACH Setup,2025-04-27,2025-05-22,25.0,true,8,Complete
CB-OB-00313,CB-BA-00546,sFTP / ACH Setup,2026-08-03,2026-08-27,24.3,true,3,Complete
CB-OB-00314,CB-BA-00548,Treasury Add-On,2025-01-28,2025-02-13,16.4,true,3,Complete
CB-OB-00315,CB-BA-00549,Credit Facility,2026-08-19,,27.7,false,12,In Progress
CB-OB-00316,CB-BA-00550,New Relationship,2026-08-19,,40.4,false,13,In Progress
CB-OB-00317,CB-BA-00552,New Relationship,2025-05-14,2025-06-04,21.6,true,8,Complete
CB-OB-00318,CB-BA-00553,Treasury Add-On,2025-12-22,2026-01-06,16.0,true,10,Complete
CB-OB-00319,CB-BA-00556,Credit Facility,2025-05-17,2025-06-10,24.1,true,4,Complete
CB-OB-00320,CB-BA-00557,New Relationship,2025-01-29,2025-02-18,20.9,true,9,Complete
CB-OB-00321,CB-BA-00558,New Relationship,2025-01-06,2025-01-20,14.7,true,12,Complete
CB-OB-00322,CB-BA-00560,New Relationship,2025-09-02,2025-10-02,30.7,true,5,Complete
CB-OB-00323,CB-BA-00562,New Relationship,2025-05-15,2025-06-07,23.0,true,4,Complete
CB-OB-00324,CB-BA-00563,sFTP / ACH Setup,2025-06-14,2025-07-02,18.1,true,11,Complete
CB-OB-00325,CB-BA-00565,Treasury Add-On,2026-03-31,2026-04-21,21.5,false,8,Complete
CB-OB-00326,CB-BA-00566,Treasury Add-On,2025-07-28,2025-08-12,15.8,true,11,Complete
CB-OB-00327,CB-BA-00567,Treasury Add-On,2025-02-25,2025-03-17,20.2,true,7,Complete
CB-OB-00328,CB-BA-00569,New Relationship,2025-11-20,2025-12-08,18.3,true,12,Complete
CB-OB-00329,CB-BA-00572,Treasury Add-On,2026-08-28,,31.3,true,10,In Progress
CB-OB-00330,CB-BA-00573,sFTP / ACH Setup,2025-10-21,2025-11-19,29.4,false,12,Complete
CB-OB-00331,CB-BA-00574,Credit Facility,2025-09-09,2025-10-01,23.0,true,14,Complete
CB-OB-00332,CB-BA-00575,Treasury Add-On,2025-03-03,2025-03-21,18.4,true,3,Complete
CB-OB-00333,CB-BA-00576,sFTP / ACH Setup,2025-09-10,2025-11-12,63.7,false,13,Complete
CB-OB-00334,CB-BA-00577,Credit Facility,2025-03-02,2025-04-04,33.3,true,9,Complete
CB-OB-00335,CB-BA-00578,Credit Facility,2026-01-15,2026-01-23,9.0,true,14,Complete
CB-OB-00336,CB-BA-00582,sFTP / ACH Setup,2025-04-28,2025-05-18,20.7,true,14,Complete
CB-OB-00337,CB-BA-00583,New Relationship,2025-12-22,2026-01-05,14.7,true,10,Complete
CB-OB-00338,CB-BA-00584,sFTP / ACH Setup,2026-05-31,2026-06-19,19.5,true,6,Complete
CB-OB-00339,CB-BA-00586,Credit Facility,2025-04-04,2025-05-22,48.5,false,10,Complete
CB-OB-00340,CB-BA-00587,sFTP / ACH Setup,2026-07-12,,52.5,false,12,In Progress
CB-OB-00341,CB-BA-00588,Credit Facility,2025-03-11,2025-04-02,22.1,true,12,Complete
CB-OB-00342,CB-BA-00590,New Relationship,2026-04-25,2026-05-12,17.7,true,6,Complete
CB-OB-00343,CB-BA-00592,sFTP / ACH Setup,2025-07-01,2025-07-23,22.4,true,14,Complete
CB-OB-00344,CB-BA-00593,sFTP / ACH Setup,2025-05-17,2025-06-07,21.6,true,13,Complete
CB-OB-00345,CB-BA-00594,sFTP / ACH Setup,2025-12-26,2026-02-17,53.1,false,10,Complete
CB-OB-00346,CB-BA-00595,New Relationship,2025-05-08,2025-06-03,26.2,true,14,Complete
CB-OB-00347,CB-BA-00596,New Relationship,2025-03-05,2025-03-21,16.3,true,9,Complete
CB-OB-00348,CB-BA-00597,sFTP / ACH Setup,2026-04-09,2026-04-28,19.2,true,13,Complete
CB-OB-00349,CB-BA-00600,New Relationship,2025-02-01,2025-02-18,17.9,true,10,Complete
