CaseId,BusinessAccountId,CreatedDate,CaseType,Channel,Status,HandleTimeMinutes,AgentId,CSAT,AgentforceHandled
CB-CS-000001,CB-BA-00001,2026-07-30T18:08:02.000Z,Access Management,Chat,Closed,27.7,E-0094,,false
CB-CS-000002,CB-BA-00002,2026-07-08T18:16:10.000Z,sFTP Connectivity,Chat,Open,4.4,E-0089,,false
CB-CS-000003,CB-BA-00008,2026-06-05T17:49:25.000Z,Positive Pay Exception,Email,Escalated,21.3,E-0067,1,false
CB-CS-000004,CB-BA-00010,2026-02-21T11:22:51.000Z,Access Management,Phone,Open,5.2,E-0086,,true
CB-CS-000005,CB-BA-00011,2025-06-22T08:59:12.000Z,Positive Pay Exception,Email,Escalated,16.4,E-0091,5,true
CB-CS-000006,CB-BA-00012,2025-05-07T12:19:48.000Z,Access Management,Email,Escalated,10.5,E-0064,,false
CB-CS-000007,CB-BA-00012,2025-05-29T09:12:59.000Z,Access Management,Email,Closed,12.3,E-0108,3,true
CB-CS-000008,CB-BA-00013,2026-03-31T18:00:15.000Z,Access Management,Phone,Closed,6.4,E-0073,2,false
CB-CS-000009,CB-BA-00016,2026-02-05T16:00:20.000Z,Wire Inquiry,Phone,Open,47.6,E-0105,1,true
CB-CS-000010,CB-BA-00018,2024-11-30T16:48:21.000Z,Access Management,Portal,Closed,15.0,E-0101,3,false
CB-CS-000011,CB-BA-00018,2025-07-22T13:58:14.000Z,Statement Request,Portal,Open,13.5,E-0070,,false
CB-CS-000012,CB-BA-00019,2025-12-09T10:12:21.000Z,Statement Request,Phone,Closed,17.0,E-0112,1,false
CB-CS-000013,CB-BA-00020,2025-08-01T08:44:02.000Z,Positive Pay Exception,Email,Closed,16.1,E-0102,,false
CB-CS-000014,CB-BA-00024,2026-08-13T19:19:46.000Z,Wire Inquiry,Portal,Escalated,30.0,E-0081,,false
CB-CS-000015,CB-BA-00028,2026-06-18T17:36:15.000Z,Statement Request,Email,Closed,23.9,E-0089,,true
CB-CS-000016,CB-BA-00028,2026-05-19T09:03:10.000Z,Wire Inquiry,Chat,Closed,13.0,E-0111,,false
CB-CS-000017,CB-BA-00029,2024-10-08T12:55:49.000Z,Access Management,Chat,Escalated,16.5,E-0088,,false
CB-CS-000018,CB-BA-00029,2025-12-01T18:32:08.000Z,Statement Request,Phone,Closed,15.8,E-0103,,false
CB-CS-000019,CB-BA-00033,2026-01-30T07:09:17.000Z,Wire Inquiry,Email,Open,15.3,E-0125,2,false
CB-CS-000020,CB-BA-00033,2024-10-03T14:43:06.000Z,Access Management,Email,Escalated,21.9,E-0096,,false
CB-CS-000021,CB-BA-00033,2025-08-02T10:48:56.000Z,Access Management,Portal,Escalated,3.1,E-0070,,false
CB-CS-000022,CB-BA-00034,2026-04-12T12:48:12.000Z,ACH File Rejection,Email,Closed,46.8,E-0081,,false
CB-CS-000023,CB-BA-00037,2025-02-16T19:25:07.000Z,Statement Request,Phone,Closed,17.6,E-0076,,false
CB-CS-000024,CB-BA-00037,2025-04-29T13:33:04.000Z,Positive Pay Exception,Chat,Escalated,15.0,E-0105,,false
CB-CS-000025,CB-BA-00038,2025-04-05T13:46:02.000Z,ACH File Rejection,Email,Closed,21.7,E-0083,3,false
CB-CS-000026,CB-BA-00038,2025-09-13T19:15:18.000Z,Statement Request,Phone,Escalated,13.8,E-0089,4,true
CB-CS-000027,CB-BA-00039,2024-11-19T18:42:03.000Z,Statement Request,Chat,Closed,13.2,E-0081,,false
CB-CS-000028,CB-BA-00039,2025-07-20T17:29:37.000Z,sFTP Connectivity,Chat,Escalated,8.5,E-0138,,false
CB-CS-000029,CB-BA-00040,2025-09-12T10:40:53.000Z,Access Management,Chat,Closed,9.5,E-0081,3,false
CB-CS-000030,CB-BA-00041,2024-11-15T16:08:26.000Z,Statement Request,Phone,Closed,22.5,E-0139,1,false
CB-CS-000031,CB-BA-00043,2026-01-21T16:02:40.000Z,Positive Pay Exception,Portal,Closed,19.4,E-0125,3,false
CB-CS-000032,CB-BA-00044,2025-01-08T14:35:30.000Z,Positive Pay Exception,Email,Closed,27.8,E-0095,,false
CB-CS-000033,CB-BA-00044,2026-05-04T17:48:40.000Z,Access Management,Chat,Closed,32.0,E-0123,,false
CB-CS-000034,CB-BA-00044,2025-05-13T11:55:43.000Z,Access Management,Portal,Escalated,7.4,E-0093,5,true
CB-CS-000035,CB-BA-00047,2026-06-24T18:05:55.000Z,Wire Inquiry,Phone,Closed,13.0,E-0139,5,true
CB-CS-000036,CB-BA-00049,2025-11-30T09:02:05.000Z,ACH File Rejection,Portal,Closed,17.3,E-0074,,true
CB-CS-000037,CB-BA-00050,2025-09-07T09:35:52.000Z,Statement Request,Chat,Open,15.7,E-0080,4,false
CB-CS-000038,CB-BA-00052,2025-06-11T10:59:44.000Z,Positive Pay Exception,Phone,Closed,14.4,E-0084,3,false
CB-CS-000039,CB-BA-00053,2024-12-02T11:34:37.000Z,Access Management,Email,Closed,19.4,E-0095,,false
CB-CS-000040,CB-BA-00053,2025-09-14T10:45:19.000Z,Wire Inquiry,Phone,Closed,17.2,E-0124,,false
CB-CS-000041,CB-BA-00053,2026-01-29T15:58:05.000Z,Wire Inquiry,Email,Closed,6.8,E-0086,2,true
CB-CS-000042,CB-BA-00054,2025-04-01T13:31:51.000Z,ACH File Rejection,Chat,Open,12.0,E-0093,,true
CB-CS-000043,CB-BA-00057,2026-05-11T16:49:59.000Z,sFTP Connectivity,Email,Closed,39.1,E-0125,,true
CB-CS-000044,CB-BA-00057,2025-06-14T19:36:45.000Z,sFTP Connectivity,Email,Closed,12.2,E-0128,,false
CB-CS-000045,CB-BA-00057,2026-01-24T13:01:30.000Z,ACH File Rejection,Chat,Closed,17.8,E-0115,,false
CB-CS-000046,CB-BA-00059,2026-04-26T08:23:52.000Z,Positive Pay Exception,Portal,Closed,30.2,E-0133,,false
CB-CS-000047,CB-BA-00059,2025-05-23T07:56:50.000Z,ACH File Rejection,Portal,Closed,6.8,E-0089,,false
CB-CS-000048,CB-BA-00060,2025-08-17T07:53:13.000Z,Access Management,Chat,Closed,13.1,E-0075,,true
CB-CS-000049,CB-BA-00060,2024-09-27T18:27:07.000Z,Access Management,Portal,Escalated,25.0,E-0075,1,true
CB-CS-000050,CB-BA-00062,2025-11-26T09:14:30.000Z,ACH File Rejection,Email,Closed,9.0,E-0099,,true
CB-CS-000051,CB-BA-00063,2026-05-29T09:39:58.000Z,ACH File Rejection,Email,Escalated,31.5,E-0111,,false
CB-CS-000052,CB-BA-00063,2026-01-09T18:26:51.000Z,Wire Inquiry,Portal,Closed,19.3,E-0119,,false
CB-CS-000053,CB-BA-00064,2025-04-19T15:51:18.000Z,Wire Inquiry,Chat,Closed,27.6,E-0099,,false
CB-CS-000054,CB-BA-00067,2025-01-01T14:57:58.000Z,Positive Pay Exception,Email,Closed,15.6,E-0062,,true
CB-CS-000055,CB-BA-00069,2026-08-15T14:21:31.000Z,Access Management,Portal,Open,8.7,E-0063,,false
CB-CS-000056,CB-BA-00070,2026-08-16T13:31:56.000Z,ACH File Rejection,Email,Escalated,24.3,E-0072,5,false
CB-CS-000057,CB-BA-00071,2026-04-01T14:02:40.000Z,Wire Inquiry,Email,Closed,9.0,E-0122,2,true
CB-CS-000058,CB-BA-00072,2026-05-29T14:21:46.000Z,Statement Request,Phone,Escalated,7.3,E-0071,1,true
CB-CS-000059,CB-BA-00075,2025-03-27T14:28:04.000Z,sFTP Connectivity,Portal,Open,3.1,E-0095,3,false
CB-CS-000060,CB-BA-00076,2024-10-05T15:36:19.000Z,Access Management,Chat,Open,24.2,E-0129,,false
CB-CS-000061,CB-BA-00076,2025-07-14T17:53:49.000Z,Access Management,Portal,Escalated,18.9,E-0123,5,false
CB-CS-000062,CB-BA-00077,2026-08-08T11:39:40.000Z,Positive Pay Exception,Email,Closed,21.8,E-0078,4,false
CB-CS-000063,CB-BA-00077,2025-08-22T12:26:42.000Z,Positive Pay Exception,Portal,Escalated,7.8,E-0083,,false
CB-CS-000064,CB-BA-00077,2026-05-01T16:48:49.000Z,Positive Pay Exception,Portal,Escalated,23.5,E-0097,,false
CB-CS-000065,CB-BA-00078,2025-12-03T12:39:20.000Z,Access Management,Portal,Escalated,20.3,E-0062,,false
CB-CS-000066,CB-BA-00079,2024-11-22T08:27:08.000Z,Wire Inquiry,Phone,Closed,53.1,E-0135,1,false
CB-CS-000067,CB-BA-00079,2025-09-29T14:43:25.000Z,Wire Inquiry,Email,Escalated,18.0,E-0130,,false
CB-CS-000068,CB-BA-00080,2026-02-16T16:38:58.000Z,Access Management,Phone,Open,11.2,E-0102,,false
CB-CS-000069,CB-BA-00081,2025-09-21T11:36:48.000Z,Wire Inquiry,Portal,Open,16.5,E-0121,,true
CB-CS-000070,CB-BA-00084,2026-03-09T07:32:03.000Z,Wire Inquiry,Portal,Closed,19.6,E-0131,,false
CB-CS-000071,CB-BA-00085,2026-01-04T16:57:47.000Z,Statement Request,Portal,Open,15.4,E-0113,5,false
CB-CS-000072,CB-BA-00089,2026-07-25T09:45:23.000Z,Statement Request,Portal,Closed,35.6,E-0123,,false
CB-CS-000073,CB-BA-00091,2025-09-10T08:43:54.000Z,sFTP Connectivity,Phone,Closed,7.9,E-0076,,false
CB-CS-000074,CB-BA-00091,2026-02-27T07:08:59.000Z,Access Management,Chat,Open,4.7,E-0092,1,false
CB-CS-000075,CB-BA-00091,2026-05-24T13:37:31.000Z,ACH File Rejection,Portal,Closed,5.5,E-0097,1,false
CB-CS-000076,CB-BA-00092,2025-03-02T15:17:17.000Z,Statement Request,Chat,Escalated,20.7,E-0081,5,false
CB-CS-000077,CB-BA-00094,2024-11-29T19:46:00.000Z,Wire Inquiry,Portal,Escalated,29.5,E-0085,,false
CB-CS-000078,CB-BA-00096,2026-07-05T13:11:44.000Z,Wire Inquiry,Portal,Closed,21.7,E-0100,,false
CB-CS-000079,CB-BA-00096,2025-09-05T16:50:03.000Z,Statement Request,Phone,Escalated,4.1,E-0090,,true
CB-CS-000080,CB-BA-00097,2025-05-11T11:45:18.000Z,sFTP Connectivity,Email,Closed,13.0,E-0126,5,false
CB-CS-000081,CB-BA-00097,2025-09-29T11:29:23.000Z,Statement Request,Chat,Escalated,9.9,E-0088,,true
CB-CS-000082,CB-BA-00098,2025-01-26T13:14:56.000Z,sFTP Connectivity,Email,Escalated,19.3,E-0103,,false
CB-CS-000083,CB-BA-00099,2025-03-09T09:02:27.000Z,Wire Inquiry,Portal,Closed,15.9,E-0128,,true
CB-CS-000084,CB-BA-00100,2025-11-25T14:08:45.000Z,Statement Request,Email,Closed,15.3,E-0093,2,false
CB-CS-000085,CB-BA-00100,2024-12-10T17:01:33.000Z,Wire Inquiry,Email,Open,9.4,E-0107,5,true
CB-CS-000086,CB-BA-00102,2025-03-24T19:12:03.000Z,Statement Request,Email,Closed,16.0,E-0099,1,false
CB-CS-000087,CB-BA-00102,2026-01-18T07:14:48.000Z,sFTP Connectivity,Portal,Open,3.5,E-0066,3,false
CB-CS-000088,CB-BA-00102,2026-08-30T14:47:04.000Z,Wire Inquiry,Phone,Escalated,17.9,E-0138,,false
CB-CS-000089,CB-BA-00103,2026-01-01T07:04:37.000Z,Statement Request,Chat,Open,14.2,E-0129,,false
CB-CS-000090,CB-BA-00104,2025-08-31T07:26:39.000Z,ACH File Rejection,Chat,Open,15.6,E-0103,5,false
CB-CS-000091,CB-BA-00105,2024-09-18T10:43:56.000Z,Statement Request,Chat,Closed,18.2,E-0083,5,true
CB-CS-000092,CB-BA-00105,2025-10-26T09:07:31.000Z,Statement Request,Portal,Closed,54.8,E-0135,,false
CB-CS-000093,CB-BA-00105,2025-06-07T08:12:50.000Z,ACH File Rejection,Email,Closed,7.9,E-0081,2,true
CB-CS-000094,CB-BA-00106,2024-10-09T15:56:01.000Z,sFTP Connectivity,Portal,Closed,30.9,E-0062,,false
CB-CS-000095,CB-BA-00110,2026-07-21T15:13:58.000Z,ACH File Rejection,Portal,Closed,13.7,E-0140,,true
CB-CS-000096,CB-BA-00110,2026-02-14T18:52:02.000Z,sFTP Connectivity,Chat,Closed,10.4,E-0090,,false
CB-CS-000097,CB-BA-00111,2024-09-16T11:25:16.000Z,Access Management,Chat,Open,4.6,E-0069,3,false
CB-CS-000098,CB-BA-00111,2025-04-29T08:46:18.000Z,sFTP Connectivity,Phone,Closed,12.1,E-0113,,true
CB-CS-000099,CB-BA-00111,2024-09-11T14:40:02.000Z,sFTP Connectivity,Portal,Closed,12.1,E-0139,5,true
CB-CS-000100,CB-BA-00114,2026-04-27T14:55:32.000Z,Access Management,Email,Closed,25.0,E-0105,4,true
CB-CS-000101,CB-BA-00115,2025-01-10T19:28:13.000Z,ACH File Rejection,Portal,Open,10.9,E-0104,4,true
CB-CS-000102,CB-BA-00115,2025-01-02T13:50:11.000Z,Access Management,Portal,Closed,6.4,E-0131,2,false
CB-CS-000103,CB-BA-00116,2026-01-05T14:01:18.000Z,ACH File Rejection,Email,Escalated,11.2,E-0139,4,false
CB-CS-000104,CB-BA-00117,2026-01-05T15:05:45.000Z,sFTP Connectivity,Email,Escalated,11.3,E-0103,1,true
CB-CS-000105,CB-BA-00120,2026-01-26T12:55:10.000Z,sFTP Connectivity,Email,Escalated,11.4,E-0096,,false
CB-CS-000106,CB-BA-00120,2026-03-04T17:45:14.000Z,sFTP Connectivity,Phone,Closed,21.4,E-0097,,false
CB-CS-000107,CB-BA-00124,2026-02-08T12:18:27.000Z,ACH File Rejection,Email,Escalated,7.9,E-0070,,false
CB-CS-000108,CB-BA-00124,2024-12-15T07:00:28.000Z,Wire Inquiry,Chat,Escalated,21.0,E-0116,3,false
CB-CS-000109,CB-BA-00125,2024-11-18T12:10:07.000Z,Access Management,Email,Closed,15.1,E-0134,,true
CB-CS-000110,CB-BA-00130,2026-07-27T14:50:44.000Z,Access Management,Chat,Open,11.5,E-0082,,false
CB-CS-000111,CB-BA-00131,2025-01-15T18:20:44.000Z,Statement Request,Email,Escalated,13.8,E-0072,,true
CB-CS-000112,CB-BA-00134,2025-11-06T15:42:23.000Z,sFTP Connectivity,Phone,Closed,41.8,E-0096,4,false
CB-CS-000113,CB-BA-00134,2026-06-21T10:55:12.000Z,Access Management,Phone,Escalated,55.4,E-0124,,true
CB-CS-000114,CB-BA-00134,2025-11-20T16:11:17.000Z,Positive Pay Exception,Chat,Closed,8.0,E-0093,,false
CB-CS-000115,CB-BA-00136,2026-07-08T08:43:44.000Z,ACH File Rejection,Portal,Closed,58.0,E-0063,,true
CB-CS-000116,CB-BA-00138,2026-06-23T07:47:05.000Z,Wire Inquiry,Email,Escalated,24.4,E-0079,2,false
CB-CS-000117,CB-BA-00140,2024-12-27T12:13:22.000Z,Positive Pay Exception,Portal,Open,14.6,E-0083,1,false
CB-CS-000118,CB-BA-00141,2025-04-07T18:22:17.000Z,Positive Pay Exception,Phone,Closed,18.6,E-0133,,false
CB-CS-000119,CB-BA-00141,2025-01-27T07:47:35.000Z,Access Management,Phone,Closed,14.2,E-0140,,true
CB-CS-000120,CB-BA-00142,2026-07-25T07:57:50.000Z,ACH File Rejection,Portal,Closed,15.4,E-0102,,false
CB-CS-000121,CB-BA-00142,2025-05-27T08:15:19.000Z,Statement Request,Phone,Closed,10.3,E-0106,4,false
CB-CS-000122,CB-BA-00146,2024-09-22T15:59:28.000Z,Wire Inquiry,Portal,Closed,5.8,E-0115,,false
CB-CS-000123,CB-BA-00148,2026-01-25T14:49:58.000Z,sFTP Connectivity,Email,Escalated,30.1,E-0085,,true
CB-CS-000124,CB-BA-00148,2025-07-25T18:33:01.000Z,ACH File Rejection,Email,Escalated,15.3,E-0094,2,true
CB-CS-000125,CB-BA-00150,2025-01-19T13:29:07.000Z,Access Management,Email,Open,17.8,E-0073,,false
CB-CS-000126,CB-BA-00153,2026-04-29T07:23:54.000Z,Statement Request,Chat,Closed,10.2,E-0095,2,false
CB-CS-000127,CB-BA-00154,2025-07-30T10:27:06.000Z,Positive Pay Exception,Chat,Escalated,5.3,E-0130,2,true
CB-CS-000128,CB-BA-00154,2024-09-24T09:55:17.000Z,ACH File Rejection,Phone,Closed,31.9,E-0075,,false
CB-CS-000129,CB-BA-00157,2025-09-14T08:25:01.000Z,Access Management,Portal,Closed,6.3,E-0086,5,false
CB-CS-000130,CB-BA-00158,2026-05-04T13:28:25.000Z,Statement Request,Phone,Closed,20.0,E-0073,,false
CB-CS-000131,CB-BA-00158,2025-02-15T17:43:14.000Z,ACH File Rejection,Email,Open,18.8,E-0133,,true
CB-CS-000132,CB-BA-00160,2026-01-27T16:19:03.000Z,Wire Inquiry,Email,Escalated,7.3,E-0139,,false
CB-CS-000133,CB-BA-00162,2026-08-17T10:06:43.000Z,Statement Request,Phone,Escalated,26.1,E-0108,1,false
CB-CS-000134,CB-BA-00162,2024-09-19T07:36:36.000Z,ACH File Rejection,Portal,Escalated,38.2,E-0111,,false
CB-CS-000135,CB-BA-00165,2026-05-23T11:12:45.000Z,ACH File Rejection,Chat,Open,11.3,E-0079,1,false
CB-CS-000136,CB-BA-00166,2024-11-19T11:24:50.000Z,ACH File Rejection,Chat,Open,17.7,E-0106,2,true
CB-CS-000137,CB-BA-00166,2025-12-10T09:14:00.000Z,Wire Inquiry,Chat,Open,6.3,E-0086,,false
CB-CS-000138,CB-BA-00166,2026-03-07T14:00:41.000Z,ACH File Rejection,Chat,Closed,7.2,E-0065,,false
CB-CS-000139,CB-BA-00167,2024-10-14T10:44:19.000Z,Access Management,Phone,Escalated,24.9,E-0105,,false
CB-CS-000140,CB-BA-00168,2025-11-28T18:15:36.000Z,Statement Request,Chat,Closed,20.8,E-0065,1,false
CB-CS-000141,CB-BA-00169,2024-11-08T10:30:35.000Z,Wire Inquiry,Email,Closed,27.0,E-0103,,false
CB-CS-000142,CB-BA-00170,2025-01-21T09:38:32.000Z,ACH File Rejection,Portal,Open,54.5,E-0119,,false
CB-CS-000143,CB-BA-00172,2025-05-25T08:09:02.000Z,Wire Inquiry,Chat,Escalated,38.9,E-0104,,true
CB-CS-000144,CB-BA-00173,2024-11-15T18:01:22.000Z,Positive Pay Exception,Chat,Escalated,6.1,E-0070,,false
CB-CS-000145,CB-BA-00174,2024-10-19T16:33:05.000Z,sFTP Connectivity,Email,Closed,17.1,E-0131,4,false
CB-CS-000146,CB-BA-00174,2024-10-16T15:22:48.000Z,sFTP Connectivity,Phone,Escalated,14.1,E-0116,1,false
CB-CS-000147,CB-BA-00176,2026-03-04T17:44:39.000Z,sFTP Connectivity,Phone,Closed,15.9,E-0065,2,false
CB-CS-000148,CB-BA-00176,2025-11-17T09:25:41.000Z,Statement Request,Chat,Closed,47.1,E-0064,5,false
CB-CS-000149,CB-BA-00178,2026-02-09T17:19:30.000Z,Statement Request,Email,Open,16.6,E-0082,3,true
CB-CS-000150,CB-BA-00178,2026-03-02T12:42:00.000Z,sFTP Connectivity,Email,Closed,13.9,E-0065,2,true
CB-CS-000151,CB-BA-00178,2025-08-24T17:00:24.000Z,sFTP Connectivity,Portal,Escalated,30.0,E-0133,,true
CB-CS-000152,CB-BA-00179,2026-07-16T12:59:36.000Z,Statement Request,Chat,Closed,5.7,E-0092,2,false
CB-CS-000153,CB-BA-00180,2026-02-22T09:44:20.000Z,Statement Request,Phone,Escalated,8.0,E-0097,1,false
CB-CS-000154,CB-BA-00180,2024-09-09T18:21:43.000Z,Wire Inquiry,Phone,Open,22.8,E-0102,,false
CB-CS-000155,CB-BA-00180,2024-10-09T16:58:23.000Z,ACH File Rejection,Chat,Escalated,5.7,E-0112,,true
CB-CS-000156,CB-BA-00182,2025-06-18T13:09:19.000Z,Positive Pay Exception,Email,Open,7.8,E-0086,,false
CB-CS-000157,CB-BA-00183,2026-08-01T14:23:41.000Z,ACH File Rejection,Phone,Closed,12.1,E-0093,5,false
CB-CS-000158,CB-BA-00185,2025-12-17T17:32:18.000Z,Wire Inquiry,Chat,Closed,12.9,E-0067,,false
CB-CS-000159,CB-BA-00186,2024-09-17T13:19:47.000Z,Wire Inquiry,Chat,Closed,17.7,E-0082,3,false
CB-CS-000160,CB-BA-00187,2025-03-06T18:24:47.000Z,Positive Pay Exception,Portal,Open,12.5,E-0093,,true
CB-CS-000161,CB-BA-00187,2026-06-27T14:26:07.000Z,sFTP Connectivity,Phone,Open,10.9,E-0122,1,false
CB-CS-000162,CB-BA-00189,2026-03-24T07:10:31.000Z,Wire Inquiry,Email,Closed,74.4,E-0083,4,true
CB-CS-000163,CB-BA-00190,2026-07-23T18:17:49.000Z,Access Management,Email,Closed,10.9,E-0078,1,false
CB-CS-000164,CB-BA-00190,2024-09-29T07:50:16.000Z,Access Management,Portal,Closed,8.4,E-0078,1,false
CB-CS-000165,CB-BA-00190,2024-11-18T08:41:56.000Z,sFTP Connectivity,Portal,Closed,18.3,E-0131,3,true
CB-CS-000166,CB-BA-00191,2025-10-19T14:36:27.000Z,sFTP Connectivity,Chat,Open,4.1,E-0119,,false
CB-CS-000167,CB-BA-00191,2025-01-11T07:03:57.000Z,Statement Request,Portal,Closed,10.8,E-0132,5,true
CB-CS-000168,CB-BA-00194,2026-06-28T13:58:12.000Z,sFTP Connectivity,Portal,Closed,6.5,E-0113,5,true
CB-CS-000169,CB-BA-00194,2025-06-06T10:52:24.000Z,Wire Inquiry,Phone,Escalated,15.0,E-0073,,false
CB-CS-000170,CB-BA-00196,2026-06-18T09:41:24.000Z,Positive Pay Exception,Portal,Closed,9.5,E-0073,5,false
CB-CS-000171,CB-BA-00197,2024-11-17T16:19:10.000Z,sFTP Connectivity,Chat,Closed,16.6,E-0062,,false
CB-CS-000172,CB-BA-00197,2025-09-15T16:42:34.000Z,Positive Pay Exception,Chat,Closed,4.3,E-0085,5,true
CB-CS-000173,CB-BA-00200,2025-02-19T09:12:06.000Z,sFTP Connectivity,Email,Closed,14.4,E-0127,1,true
CB-CS-000174,CB-BA-00201,2026-03-02T11:22:54.000Z,sFTP Connectivity,Portal,Closed,45.3,E-0078,,false
CB-CS-000175,CB-BA-00201,2025-09-14T17:17:48.000Z,ACH File Rejection,Portal,Open,12.2,E-0072,,false
CB-CS-000176,CB-BA-00202,2025-05-29T07:26:51.000Z,Positive Pay Exception,Phone,Closed,13.3,E-0084,,false
CB-CS-000177,CB-BA-00204,2025-02-06T19:50:45.000Z,ACH File Rejection,Email,Closed,14.1,E-0105,3,true
CB-CS-000178,CB-BA-00205,2025-10-06T17:46:40.000Z,Statement Request,Chat,Escalated,8.5,E-0099,,false
CB-CS-000179,CB-BA-00209,2025-01-08T16:28:57.000Z,Positive Pay Exception,Phone,Closed,3.3,E-0129,1,false
CB-CS-000180,CB-BA-00209,2025-08-29T14:07:40.000Z,sFTP Connectivity,Email,Open,14.9,E-0115,1,false
CB-CS-000181,CB-BA-00213,2026-04-18T18:14:15.000Z,sFTP Connectivity,Phone,Closed,38.4,E-0092,2,false
CB-CS-000182,CB-BA-00214,2025-07-11T09:54:51.000Z,Wire Inquiry,Phone,Escalated,6.1,E-0095,,true
CB-CS-000183,CB-BA-00215,2026-05-04T11:58:47.000Z,Wire Inquiry,Chat,Closed,9.9,E-0074,5,false
CB-CS-000184,CB-BA-00215,2025-07-25T15:38:16.000Z,Positive Pay Exception,Portal,Closed,8.3,E-0105,,false
CB-CS-000185,CB-BA-00215,2026-03-05T12:52:06.000Z,Statement Request,Chat,Closed,7.7,E-0084,5,false
CB-CS-000186,CB-BA-00216,2026-04-06T13:11:18.000Z,Access Management,Portal,Closed,9.8,E-0075,1,true
CB-CS-000187,CB-BA-00218,2026-02-03T18:26:04.000Z,Statement Request,Phone,Closed,12.7,E-0105,4,false
CB-CS-000188,CB-BA-00219,2026-03-03T18:26:53.000Z,sFTP Connectivity,Portal,Closed,5.8,E-0110,,false
CB-CS-000189,CB-BA-00220,2025-08-28T10:00:28.000Z,ACH File Rejection,Portal,Escalated,72.1,E-0066,,false
CB-CS-000190,CB-BA-00220,2024-12-20T08:43:47.000Z,sFTP Connectivity,Portal,Open,37.6,E-0119,4,true
CB-CS-000191,CB-BA-00223,2024-09-06T18:09:24.000Z,Wire Inquiry,Chat,Closed,14.9,E-0074,1,false
CB-CS-000192,CB-BA-00224,2024-09-30T18:31:10.000Z,Access Management,Phone,Closed,11.7,E-0137,3,false
CB-CS-000193,CB-BA-00227,2026-06-16T09:07:37.000Z,Wire Inquiry,Portal,Open,16.7,E-0110,,false
CB-CS-000194,CB-BA-00229,2024-09-19T08:59:07.000Z,Wire Inquiry,Email,Escalated,16.5,E-0125,5,true
CB-CS-000195,CB-BA-00229,2025-10-14T19:04:56.000Z,Statement Request,Email,Open,9.9,E-0081,,false
CB-CS-000196,CB-BA-00230,2025-12-12T09:35:53.000Z,sFTP Connectivity,Portal,Escalated,7.6,E-0076,2,true
CB-CS-000197,CB-BA-00231,2025-10-22T07:54:17.000Z,Statement Request,Chat,Closed,18.3,E-0118,3,false
CB-CS-000198,CB-BA-00234,2025-08-13T17:42:28.000Z,Wire Inquiry,Chat,Closed,19.6,E-0087,,false
CB-CS-000199,CB-BA-00234,2024-09-06T10:01:23.000Z,Statement Request,Portal,Open,34.4,E-0079,,false
CB-CS-000200,CB-BA-00237,2026-07-29T07:27:17.000Z,sFTP Connectivity,Chat,Closed,11.0,E-0072,5,false
CB-CS-000201,CB-BA-00237,2025-08-01T08:03:37.000Z,Wire Inquiry,Chat,Closed,17.9,E-0115,1,false
CB-CS-000202,CB-BA-00238,2025-02-21T12:00:05.000Z,Access Management,Phone,Closed,14.9,E-0117,,true
CB-CS-000203,CB-BA-00240,2025-11-22T09:38:42.000Z,Statement Request,Chat,Closed,29.4,E-0076,,true
CB-CS-000204,CB-BA-00240,2026-02-21T14:05:06.000Z,Wire Inquiry,Phone,Escalated,43.0,E-0065,,true
CB-CS-000205,CB-BA-00241,2026-06-03T08:35:02.000Z,Wire Inquiry,Phone,Closed,7.7,E-0110,1,false
CB-CS-000206,CB-BA-00244,2026-07-23T07:49:12.000Z,Statement Request,Chat,Open,8.1,E-0134,1,false
CB-CS-000207,CB-BA-00245,2026-02-17T18:40:09.000Z,Access Management,Chat,Escalated,10.8,E-0138,3,false
CB-CS-000208,CB-BA-00246,2025-10-24T07:58:56.000Z,sFTP Connectivity,Chat,Closed,23.9,E-0083,1,false
CB-CS-000209,CB-BA-00246,2025-10-01T14:13:25.000Z,sFTP Connectivity,Email,Open,23.3,E-0066,4,false
CB-CS-000210,CB-BA-00246,2026-03-14T13:19:15.000Z,Wire Inquiry,Email,Closed,9.6,E-0107,,false
CB-CS-000211,CB-BA-00247,2026-08-01T12:44:28.000Z,Access Management,Portal,Closed,91.9,E-0120,,false
CB-CS-000212,CB-BA-00247,2024-11-01T14:14:45.000Z,ACH File Rejection,Email,Closed,12.4,E-0139,3,true
CB-CS-000213,CB-BA-00247,2026-08-27T08:48:54.000Z,Statement Request,Phone,Closed,19.8,E-0102,4,false
CB-CS-000214,CB-BA-00248,2025-10-07T15:53:44.000Z,Positive Pay Exception,Phone,Closed,17.9,E-0077,1,false
CB-CS-000215,CB-BA-00248,2024-09-19T19:59:57.000Z,Wire Inquiry,Chat,Closed,6.1,E-0099,,true
CB-CS-000216,CB-BA-00249,2024-09-26T08:03:21.000Z,Statement Request,Chat,Open,13.0,E-0097,2,true
CB-CS-000217,CB-BA-00249,2026-01-11T13:25:41.000Z,sFTP Connectivity,Chat,Escalated,27.2,E-0084,,false
CB-CS-000218,CB-BA-00251,2025-11-04T07:00:20.000Z,sFTP Connectivity,Phone,Open,12.8,E-0127,4,false
CB-CS-000219,CB-BA-00255,2025-07-04T08:06:12.000Z,Access Management,Email,Closed,11.1,E-0124,3,false
CB-CS-000220,CB-BA-00255,2025-10-26T09:38:12.000Z,Wire Inquiry,Chat,Closed,8.9,E-0118,5,true
CB-CS-000221,CB-BA-00256,2026-03-23T09:31:40.000Z,Positive Pay Exception,Portal,Escalated,15.6,E-0072,,false
CB-CS-000222,CB-BA-00256,2025-09-28T15:49:22.000Z,ACH File Rejection,Phone,Closed,16.8,E-0080,,false
CB-CS-000223,CB-BA-00256,2025-10-30T10:17:00.000Z,Access Management,Phone,Escalated,13.0,E-0077,3,false
CB-CS-000224,CB-BA-00257,2025-03-16T16:11:22.000Z,Wire Inquiry,Portal,Closed,19.7,E-0128,3,true
CB-CS-000225,CB-BA-00258,2026-08-18T10:33:10.000Z,ACH File Rejection,Portal,Closed,28.2,E-0113,,false
CB-CS-000226,CB-BA-00261,2025-05-05T09:26:13.000Z,sFTP Connectivity,Phone,Closed,8.7,E-0091,2,false
CB-CS-000227,CB-BA-00261,2025-04-30T07:32:47.000Z,Statement Request,Portal,Closed,43.4,E-0069,1,false
CB-CS-000228,CB-BA-00262,2025-03-15T08:27:24.000Z,sFTP Connectivity,Chat,Open,16.7,E-0139,,false
CB-CS-000229,CB-BA-00263,2024-09-08T09:36:11.000Z,Statement Request,Email,Open,58.0,E-0061,5,false
CB-CS-000230,CB-BA-00263,2026-04-08T10:11:48.000Z,Access Management,Phone,Escalated,84.2,E-0137,,true
CB-CS-000231,CB-BA-00265,2025-02-16T14:53:01.000Z,Positive Pay Exception,Chat,Open,9.5,E-0108,,true
CB-CS-000232,CB-BA-00266,2024-09-08T16:25:03.000Z,Access Management,Phone,Closed,12.0,E-0067,5,false
CB-CS-000233,CB-BA-00266,2025-11-09T17:57:11.000Z,Statement Request,Portal,Closed,13.9,E-0130,,false
CB-CS-000234,CB-BA-00268,2025-01-19T09:40:07.000Z,Wire Inquiry,Chat,Open,10.9,E-0093,,false
CB-CS-000235,CB-BA-00268,2025-11-19T19:23:02.000Z,ACH File Rejection,Phone,Closed,16.4,E-0080,,false
CB-CS-000236,CB-BA-00272,2026-06-16T18:26:05.000Z,Access Management,Email,Escalated,18.8,E-0093,2,false
CB-CS-000237,CB-BA-00272,2025-03-05T17:40:12.000Z,sFTP Connectivity,Chat,Open,23.8,E-0113,3,false
CB-CS-000238,CB-BA-00272,2025-05-30T18:11:55.000Z,sFTP Connectivity,Chat,Closed,12.8,E-0122,,false
CB-CS-000239,CB-BA-00273,2025-03-27T16:04:13.000Z,Positive Pay Exception,Portal,Closed,19.8,E-0106,1,false
CB-CS-000240,CB-BA-00273,2024-10-07T07:45:48.000Z,Access Management,Portal,Closed,16.7,E-0111,,false
CB-CS-000241,CB-BA-00278,2025-08-27T12:21:58.000Z,Access Management,Email,Open,8.8,E-0066,,true
CB-CS-000242,CB-BA-00278,2025-01-22T14:50:42.000Z,ACH File Rejection,Portal,Closed,21.3,E-0106,,false
CB-CS-000243,CB-BA-00279,2024-09-25T18:26:09.000Z,Wire Inquiry,Phone,Closed,15.0,E-0133,,false
CB-CS-000244,CB-BA-00281,2025-03-04T14:13:29.000Z,Statement Request,Portal,Open,4.6,E-0061,,false
CB-CS-000245,CB-BA-00281,2025-05-29T13:03:28.000Z,Positive Pay Exception,Email,Closed,37.7,E-0125,,false
CB-CS-000246,CB-BA-00283,2026-02-28T12:25:15.000Z,sFTP Connectivity,Chat,Escalated,33.0,E-0122,3,false
CB-CS-000247,CB-BA-00285,2026-08-05T13:39:26.000Z,ACH File Rejection,Portal,Closed,7.1,E-0092,,false
CB-CS-000248,CB-BA-00293,2025-03-06T12:05:28.000Z,Access Management,Portal,Closed,14.5,E-0083,5,false
CB-CS-000249,CB-BA-00293,2026-05-02T15:27:42.000Z,Positive Pay Exception,Phone,Open,20.2,E-0100,,true
CB-CS-000250,CB-BA-00294,2026-06-17T07:47:43.000Z,sFTP Connectivity,Portal,Closed,43.1,E-0117,,false
CB-CS-000251,CB-BA-00294,2026-07-04T16:34:04.000Z,Access Management,Email,Closed,19.3,E-0097,1,false
CB-CS-000252,CB-BA-00295,2025-05-11T17:12:04.000Z,Wire Inquiry,Chat,Closed,17.3,E-0137,,false
CB-CS-000253,CB-BA-00298,2024-10-17T08:25:41.000Z,Access Management,Portal,Open,18.7,E-0138,,false
CB-CS-000254,CB-BA-00300,2025-05-20T17:03:45.000Z,Wire Inquiry,Chat,Open,4.6,E-0123,,false
CB-CS-000255,CB-BA-00301,2026-03-24T12:43:00.000Z,Positive Pay Exception,Portal,Closed,4.5,E-0072,4,true
CB-CS-000256,CB-BA-00302,2024-12-12T07:05:11.000Z,Statement Request,Phone,Closed,3.3,E-0140,4,true
CB-CS-000257,CB-BA-00303,2025-04-25T19:12:49.000Z,Wire Inquiry,Chat,Closed,6.7,E-0081,,false
CB-CS-000258,CB-BA-00304,2024-09-14T09:02:42.000Z,sFTP Connectivity,Chat,Escalated,40.3,E-0084,,false
CB-CS-000259,CB-BA-00305,2024-09-12T10:50:51.000Z,Statement Request,Phone,Closed,7.0,E-0101,2,true
CB-CS-000260,CB-BA-00305,2025-09-30T14:01:18.000Z,Access Management,Portal,Closed,11.6,E-0092,4,false
CB-CS-000261,CB-BA-00305,2025-07-25T17:30:30.000Z,Access Management,Chat,Escalated,13.5,E-0140,,true
CB-CS-000262,CB-BA-00306,2025-09-30T07:06:02.000Z,Positive Pay Exception,Phone,Open,19.8,E-0108,,false
CB-CS-000263,CB-BA-00307,2025-01-25T12:27:57.000Z,Wire Inquiry,Email,Escalated,13.6,E-0092,2,false
CB-CS-000264,CB-BA-00308,2025-01-02T14:24:10.000Z,Positive Pay Exception,Phone,Closed,56.9,E-0115,1,false
CB-CS-000265,CB-BA-00309,2026-01-21T10:01:44.000Z,Access Management,Portal,Closed,12.9,E-0106,,false
CB-CS-000266,CB-BA-00311,2025-01-20T19:53:38.000Z,Statement Request,Portal,Open,27.0,E-0079,,false
CB-CS-000267,CB-BA-00312,2026-05-11T16:07:08.000Z,Positive Pay Exception,Portal,Closed,9.6,E-0138,,false
CB-CS-000268,CB-BA-00312,2026-03-17T11:30:12.000Z,Positive Pay Exception,Chat,Open,11.5,E-0097,,false
CB-CS-000269,CB-BA-00314,2026-03-25T14:36:53.000Z,sFTP Connectivity,Email,Closed,23.6,E-0080,2,false
CB-CS-000270,CB-BA-00315,2026-08-09T12:40:26.000Z,ACH File Rejection,Phone,Escalated,23.9,E-0126,,false
CB-CS-000271,CB-BA-00315,2025-03-08T14:01:39.000Z,Statement Request,Portal,Closed,9.0,E-0116,3,true
CB-CS-000272,CB-BA-00316,2024-11-17T13:15:35.000Z,Wire Inquiry,Phone,Escalated,14.7,E-0089,,false
CB-CS-000273,CB-BA-00317,2025-08-21T07:21:16.000Z,Statement Request,Chat,Escalated,19.9,E-0064,4,false
CB-CS-000274,CB-BA-00318,2025-06-22T15:12:19.000Z,sFTP Connectivity,Portal,Closed,7.8,E-0067,5,false
CB-CS-000275,CB-BA-00320,2025-07-09T18:23:31.000Z,Positive Pay Exception,Phone,Open,21.1,E-0107,5,true
CB-CS-000276,CB-BA-00320,2026-05-21T18:05:14.000Z,Wire Inquiry,Chat,Closed,20.9,E-0077,5,false
CB-CS-000277,CB-BA-00320,2026-01-10T11:02:04.000Z,Positive Pay Exception,Chat,Closed,13.3,E-0113,,false
CB-CS-000278,CB-BA-00321,2025-02-18T07:22:18.000Z,Wire Inquiry,Chat,Escalated,38.5,E-0093,2,false
CB-CS-000279,CB-BA-00322,2025-09-21T14:38:59.000Z,Positive Pay Exception,Email,Closed,7.8,E-0133,,false
CB-CS-000280,CB-BA-00327,2025-11-04T16:32:30.000Z,sFTP Connectivity,Phone,Escalated,8.2,E-0084,,false
CB-CS-000281,CB-BA-00328,2025-11-22T14:31:54.000Z,Wire Inquiry,Email,Escalated,5.3,E-0080,5,false
CB-CS-000282,CB-BA-00328,2024-11-28T09:13:53.000Z,Access Management,Email,Closed,10.3,E-0080,,false
CB-CS-000283,CB-BA-00328,2025-12-07T08:05:34.000Z,ACH File Rejection,Portal,Closed,8.7,E-0073,3,false
CB-CS-000284,CB-BA-00329,2026-07-09T17:44:14.000Z,Statement Request,Portal,Closed,18.0,E-0067,,false
CB-CS-000285,CB-BA-00330,2024-10-04T07:47:50.000Z,ACH File Rejection,Portal,Closed,16.5,E-0067,,false
CB-CS-000286,CB-BA-00331,2025-06-04T11:56:57.000Z,Access Management,Portal,Closed,4.5,E-0074,,true
CB-CS-000287,CB-BA-00333,2026-03-09T14:39:52.000Z,Positive Pay Exception,Phone,Closed,9.3,E-0082,,false
CB-CS-000288,CB-BA-00333,2026-01-26T07:32:25.000Z,Positive Pay Exception,Phone,Closed,23.7,E-0090,4,false
CB-CS-000289,CB-BA-00334,2025-02-27T17:12:11.000Z,sFTP Connectivity,Email,Open,25.8,E-0084,,true
CB-CS-000290,CB-BA-00336,2026-06-24T15:54:32.000Z,Access Management,Phone,Escalated,21.9,E-0074,2,false
CB-CS-000291,CB-BA-00337,2026-05-12T17:29:27.000Z,Positive Pay Exception,Email,Closed,39.3,E-0131,,false
CB-CS-000292,CB-BA-00337,2025-03-21T15:57:27.000Z,sFTP Connectivity,Portal,Closed,8.4,E-0138,,false
CB-CS-000293,CB-BA-00338,2025-09-07T13:58:05.000Z,Wire Inquiry,Portal,Closed,7.8,E-0127,,false
CB-CS-000294,CB-BA-00338,2025-12-07T18:18:38.000Z,Access Management,Portal,Escalated,17.5,E-0096,,false
CB-CS-000295,CB-BA-00339,2025-12-30T18:16:21.000Z,Statement Request,Email,Open,49.0,E-0085,1,false
CB-CS-000296,CB-BA-00340,2025-01-12T10:42:33.000Z,Access Management,Chat,Closed,6.8,E-0070,5,false
CB-CS-000297,CB-BA-00341,2026-05-04T17:43:00.000Z,ACH File Rejection,Chat,Closed,19.8,E-0075,4,false
CB-CS-000298,CB-BA-00341,2025-01-19T13:38:37.000Z,Statement Request,Portal,Escalated,16.2,E-0069,5,false
CB-CS-000299,CB-BA-00342,2026-07-31T16:31:31.000Z,sFTP Connectivity,Phone,Closed,22.3,E-0087,5,true
CB-CS-000300,CB-BA-00342,2026-07-31T14:37:03.000Z,Positive Pay Exception,Chat,Closed,17.3,E-0085,,false
CB-CS-000301,CB-BA-00343,2026-02-28T16:24:05.000Z,sFTP Connectivity,Email,Closed,16.8,E-0090,,false
CB-CS-000302,CB-BA-00343,2026-02-10T14:19:36.000Z,Statement Request,Email,Escalated,20.8,E-0080,4,false
CB-CS-000303,CB-BA-00343,2026-08-21T13:44:29.000Z,Access Management,Portal,Escalated,5.4,E-0098,,true
CB-CS-000304,CB-BA-00344,2025-01-06T09:49:39.000Z,Access Management,Portal,Escalated,7.8,E-0090,,false
CB-CS-000305,CB-BA-00345,2025-06-15T10:33:50.000Z,Wire Inquiry,Portal,Closed,22.5,E-0107,,true
CB-CS-000306,CB-BA-00345,2025-09-12T19:47:51.000Z,Access Management,Portal,Closed,15.8,E-0084,,false
CB-CS-000307,CB-BA-00345,2025-08-05T10:22:08.000Z,Statement Request,Chat,Closed,15.5,E-0136,,false
CB-CS-000308,CB-BA-00347,2025-07-23T19:27:38.000Z,ACH File Rejection,Phone,Closed,13.6,E-0086,2,true
CB-CS-000309,CB-BA-00348,2024-10-29T18:34:02.000Z,Wire Inquiry,Portal,Closed,9.6,E-0066,3,false
CB-CS-000310,CB-BA-00349,2025-12-04T14:07:55.000Z,Access Management,Email,Closed,5.5,E-0128,2,false
CB-CS-000311,CB-BA-00354,2024-09-11T15:54:00.000Z,Wire Inquiry,Email,Closed,9.3,E-0093,,false
CB-CS-000312,CB-BA-00356,2024-11-02T11:37:36.000Z,ACH File Rejection,Email,Open,25.2,E-0131,,false
CB-CS-000313,CB-BA-00357,2024-12-17T19:20:14.000Z,Wire Inquiry,Email,Closed,37.5,E-0101,5,true
CB-CS-000314,CB-BA-00359,2026-07-12T07:29:17.000Z,Wire Inquiry,Email,Closed,17.6,E-0104,3,true
CB-CS-000315,CB-BA-00359,2024-09-04T18:39:47.000Z,Access Management,Email,Closed,11.9,E-0092,,false
CB-CS-000316,CB-BA-00360,2026-06-15T14:53:05.000Z,Statement Request,Chat,Closed,8.1,E-0136,3,false
CB-CS-000317,CB-BA-00362,2025-02-25T15:39:58.000Z,Positive Pay Exception,Chat,Open,59.6,E-0074,,true
CB-CS-000318,CB-BA-00362,2025-03-10T16:14:32.000Z,Wire Inquiry,Chat,Open,10.4,E-0137,1,true
CB-CS-000319,CB-BA-00363,2025-04-17T12:36:34.000Z,Wire Inquiry,Chat,Closed,27.2,E-0110,,false
CB-CS-000320,CB-BA-00364,2024-10-04T10:41:39.000Z,Access Management,Email,Closed,9.4,E-0095,,false
CB-CS-000321,CB-BA-00365,2026-06-02T10:44:32.000Z,Statement Request,Email,Closed,17.3,E-0078,4,false
CB-CS-000322,CB-BA-00366,2025-08-13T18:29:35.000Z,ACH File Rejection,Portal,Open,15.7,E-0139,,false
CB-CS-000323,CB-BA-00367,2025-02-08T11:55:20.000Z,Positive Pay Exception,Phone,Open,14.5,E-0139,,false
CB-CS-000324,CB-BA-00368,2026-07-21T07:30:04.000Z,ACH File Rejection,Portal,Closed,20.9,E-0119,3,false
CB-CS-000325,CB-BA-00371,2026-04-28T19:58:03.000Z,Wire Inquiry,Chat,Open,8.5,E-0095,,true
CB-CS-000326,CB-BA-00372,2026-08-06T15:44:26.000Z,Positive Pay Exception,Chat,Closed,25.8,E-0094,,false
CB-CS-000327,CB-BA-00373,2025-02-11T09:31:15.000Z,ACH File Rejection,Portal,Closed,9.8,E-0125,5,false
CB-CS-000328,CB-BA-00373,2025-10-26T09:29:46.000Z,Access Management,Portal,Closed,10.7,E-0120,,false
CB-CS-000329,CB-BA-00374,2025-12-29T17:09:18.000Z,Wire Inquiry,Chat,Closed,21.5,E-0108,,false
CB-CS-000330,CB-BA-00375,2025-11-16T11:29:08.000Z,sFTP Connectivity,Email,Open,7.4,E-0109,3,false
CB-CS-000331,CB-BA-00376,2025-06-04T07:05:34.000Z,Positive Pay Exception,Phone,Closed,13.7,E-0063,,false
CB-CS-000332,CB-BA-00378,2026-04-04T10:50:19.000Z,Access Management,Phone,Closed,16.6,E-0088,,false
CB-CS-000333,CB-BA-00379,2026-03-28T17:14:17.000Z,Positive Pay Exception,Email,Closed,18.0,E-0119,5,true
CB-CS-000334,CB-BA-00380,2025-11-02T18:22:03.000Z,Positive Pay Exception,Email,Open,22.4,E-0063,2,true
CB-CS-000335,CB-BA-00383,2025-10-25T15:08:11.000Z,sFTP Connectivity,Phone,Closed,14.2,E-0126,3,false
CB-CS-000336,CB-BA-00383,2026-01-08T13:06:40.000Z,Positive Pay Exception,Email,Closed,19.4,E-0100,,false
CB-CS-000337,CB-BA-00384,2024-10-28T19:13:21.000Z,Positive Pay Exception,Chat,Closed,38.4,E-0082,2,false
CB-CS-000338,CB-BA-00385,2025-06-04T14:46:46.000Z,ACH File Rejection,Portal,Closed,4.6,E-0087,4,false
CB-CS-000339,CB-BA-00385,2026-04-16T07:07:51.000Z,Access Management,Email,Closed,33.3,E-0122,,false
CB-CS-000340,CB-BA-00386,2025-09-20T08:50:09.000Z,Wire Inquiry,Chat,Escalated,18.6,E-0100,,false
CB-CS-000341,CB-BA-00386,2025-03-15T13:21:11.000Z,Positive Pay Exception,Phone,Open,10.1,E-0106,5,true
CB-CS-000342,CB-BA-00390,2026-06-16T09:57:25.000Z,Positive Pay Exception,Email,Closed,9.5,E-0128,3,false
CB-CS-000343,CB-BA-00390,2024-12-12T16:16:12.000Z,Access Management,Email,Closed,15.9,E-0065,,false
CB-CS-000344,CB-BA-00395,2024-09-12T19:07:35.000Z,Statement Request,Portal,Closed,7.4,E-0082,2,false
CB-CS-000345,CB-BA-00397,2025-09-19T14:37:52.000Z,ACH File Rejection,Email,Open,7.8,E-0084,,false
CB-CS-000346,CB-BA-00398,2024-09-03T13:02:43.000Z,sFTP Connectivity,Chat,Closed,7.7,E-0082,,true
CB-CS-000347,CB-BA-00399,2024-09-18T16:37:32.000Z,Statement Request,Phone,Closed,22.3,E-0084,,false
CB-CS-000348,CB-BA-00400,2026-04-13T09:52:53.000Z,Positive Pay Exception,Portal,Closed,10.5,E-0084,,true
CB-CS-000349,CB-BA-00401,2025-10-13T13:24:28.000Z,Positive Pay Exception,Portal,Escalated,17.1,E-0098,,false
CB-CS-000350,CB-BA-00405,2026-07-29T07:20:47.000Z,sFTP Connectivity,Chat,Closed,16.4,E-0102,,false
CB-CS-000351,CB-BA-00405,2025-02-27T13:53:56.000Z,Access Management,Portal,Escalated,18.7,E-0105,,true
CB-CS-000352,CB-BA-00406,2025-06-19T08:20:41.000Z,ACH File Rejection,Portal,Closed,11.1,E-0097,1,true
CB-CS-000353,CB-BA-00406,2026-08-14T16:02:24.000Z,Statement Request,Phone,Closed,38.4,E-0076,,true
CB-CS-000354,CB-BA-00410,2026-06-10T11:43:35.000Z,Wire Inquiry,Phone,Closed,9.7,E-0117,5,false
CB-CS-000355,CB-BA-00412,2025-09-20T15:24:01.000Z,sFTP Connectivity,Email,Closed,7.2,E-0117,2,false
CB-CS-000356,CB-BA-00412,2025-07-27T12:13:40.000Z,Wire Inquiry,Portal,Closed,9.6,E-0061,5,true
CB-CS-000357,CB-BA-00414,2026-04-28T09:10:33.000Z,Access Management,Phone,Escalated,4.5,E-0099,3,true
CB-CS-000358,CB-BA-00415,2025-03-10T12:41:30.000Z,Wire Inquiry,Portal,Closed,15.4,E-0080,4,false
CB-CS-000359,CB-BA-00415,2026-05-11T10:02:31.000Z,Statement Request,Email,Closed,7.0,E-0098,3,false
CB-CS-000360,CB-BA-00415,2025-05-24T11:12:04.000Z,Positive Pay Exception,Email,Escalated,9.4,E-0081,,false
CB-CS-000361,CB-BA-00417,2026-08-15T16:34:09.000Z,Access Management,Phone,Open,15.7,E-0140,,false
CB-CS-000362,CB-BA-00418,2026-02-10T14:33:43.000Z,Positive Pay Exception,Email,Closed,10.2,E-0115,1,false
CB-CS-000363,CB-BA-00420,2025-09-20T18:16:02.000Z,Wire Inquiry,Portal,Open,21.8,E-0074,,false
CB-CS-000364,CB-BA-00421,2026-08-25T09:46:10.000Z,Statement Request,Portal,Open,12.5,E-0071,4,false
CB-CS-000365,CB-BA-00421,2025-08-22T11:20:28.000Z,Wire Inquiry,Chat,Closed,31.0,E-0139,,true
CB-CS-000366,CB-BA-00422,2025-08-31T07:20:15.000Z,Wire Inquiry,Portal,Closed,10.3,E-0111,,false
CB-CS-000367,CB-BA-00423,2026-08-30T17:20:10.000Z,Wire Inquiry,Chat,Closed,18.4,E-0123,,false
CB-CS-000368,CB-BA-00428,2025-08-06T13:21:31.000Z,Statement Request,Chat,Closed,18.9,E-0075,4,true
CB-CS-000369,CB-BA-00428,2026-03-12T09:40:13.000Z,Access Management,Portal,Escalated,9.8,E-0079,,false
CB-CS-000370,CB-BA-00430,2025-02-17T10:51:11.000Z,Positive Pay Exception,Email,Escalated,27.8,E-0072,,false
CB-CS-000371,CB-BA-00433,2025-09-21T18:18:51.000Z,Wire Inquiry,Phone,Closed,15.3,E-0098,,false
CB-CS-000372,CB-BA-00435,2025-01-21T18:29:13.000Z,Wire Inquiry,Email,Escalated,18.6,E-0113,4,false
CB-CS-000373,CB-BA-00435,2025-10-09T10:15:41.000Z,ACH File Rejection,Email,Closed,13.3,E-0071,,true
CB-CS-000374,CB-BA-00436,2025-09-18T18:16:45.000Z,sFTP Connectivity,Phone,Closed,19.8,E-0116,,false
CB-CS-000375,CB-BA-00437,2026-08-21T17:41:24.000Z,Positive Pay Exception,Email,Escalated,22.7,E-0131,,true
CB-CS-000376,CB-BA-00437,2026-08-23T09:13:45.000Z,Positive Pay Exception,Portal,Open,13.0,E-0140,1,false
CB-CS-000377,CB-BA-00439,2025-08-06T15:45:51.000Z,sFTP Connectivity,Phone,Open,36.8,E-0081,,true
CB-CS-000378,CB-BA-00440,2026-07-30T08:37:30.000Z,ACH File Rejection,Chat,Closed,22.1,E-0097,,true
CB-CS-000379,CB-BA-00441,2025-06-27T10:00:30.000Z,sFTP Connectivity,Chat,Closed,28.8,E-0080,2,true
CB-CS-000380,CB-BA-00443,2025-09-23T10:30:47.000Z,Positive Pay Exception,Email,Closed,33.9,E-0123,4,true
CB-CS-000381,CB-BA-00446,2026-04-04T14:55:47.000Z,Positive Pay Exception,Portal,Closed,18.7,E-0084,,true
CB-CS-000382,CB-BA-00449,2024-11-11T07:13:41.000Z,Wire Inquiry,Chat,Open,27.1,E-0114,,false
CB-CS-000383,CB-BA-00450,2025-06-01T13:43:41.000Z,Access Management,Chat,Open,12.9,E-0122,,false
CB-CS-000384,CB-BA-00450,2025-08-25T10:52:19.000Z,Wire Inquiry,Chat,Escalated,7.5,E-0117,,false
CB-CS-000385,CB-BA-00452,2025-03-14T08:52:51.000Z,sFTP Connectivity,Chat,Closed,8.9,E-0106,2,true
CB-CS-000386,CB-BA-00452,2025-09-17T07:29:36.000Z,sFTP Connectivity,Email,Open,25.3,E-0112,2,true
CB-CS-000387,CB-BA-00454,2025-02-17T10:05:53.000Z,Wire Inquiry,Email,Closed,10.1,E-0113,,false
CB-CS-000388,CB-BA-00455,2025-03-15T10:53:01.000Z,Access Management,Email,Escalated,36.6,E-0071,3,false
CB-CS-000389,CB-BA-00455,2024-11-03T19:22:04.000Z,Positive Pay Exception,Phone,Escalated,20.7,E-0133,,false
CB-CS-000390,CB-BA-00461,2025-06-10T11:55:24.000Z,Positive Pay Exception,Chat,Closed,6.8,E-0084,,false
CB-CS-000391,CB-BA-00463,2025-09-14T08:27:40.000Z,Access Management,Phone,Open,25.7,E-0129,,false
CB-CS-000392,CB-BA-00463,2026-05-17T17:44:24.000Z,Wire Inquiry,Email,Escalated,43.2,E-0089,3,false
CB-CS-000393,CB-BA-00463,2025-11-24T16:57:47.000Z,Wire Inquiry,Phone,Escalated,11.0,E-0069,,false
CB-CS-000394,CB-BA-00464,2026-05-06T16:12:13.000Z,Statement Request,Chat,Closed,5.3,E-0134,,false
CB-CS-000395,CB-BA-00465,2026-05-31T16:57:39.000Z,Statement Request,Chat,Closed,23.7,E-0067,,false
CB-CS-000396,CB-BA-00467,2025-01-06T17:46:57.000Z,Positive Pay Exception,Phone,Escalated,43.4,E-0085,1,false
CB-CS-000397,CB-BA-00469,2024-12-29T07:54:13.000Z,Statement Request,Email,Closed,7.4,E-0131,2,true
CB-CS-000398,CB-BA-00469,2026-02-03T07:10:00.000Z,ACH File Rejection,Phone,Escalated,43.5,E-0129,,true
CB-CS-000399,CB-BA-00471,2025-07-19T17:53:57.000Z,Positive Pay Exception,Phone,Closed,10.1,E-0063,,false
CB-CS-000400,CB-BA-00471,2026-08-02T12:28:21.000Z,Statement Request,Email,Open,4.1,E-0077,,false
CB-CS-000401,CB-BA-00475,2024-10-29T17:23:10.000Z,sFTP Connectivity,Chat,Closed,22.7,E-0116,3,false
CB-CS-000402,CB-BA-00475,2025-09-26T17:42:35.000Z,Statement Request,Portal,Escalated,7.3,E-0115,,false
CB-CS-000403,CB-BA-00476,2025-04-14T17:31:56.000Z,Access Management,Portal,Closed,13.0,E-0062,1,false
CB-CS-000404,CB-BA-00476,2026-02-10T15:45:19.000Z,Access Management,Phone,Closed,31.5,E-0101,1,false
CB-CS-000405,CB-BA-00477,2026-02-26T10:36:45.000Z,sFTP Connectivity,Phone,Escalated,11.4,E-0084,1,false
CB-CS-000406,CB-BA-00478,2025-08-18T11:19:25.000Z,Positive Pay Exception,Phone,Open,9.3,E-0100,,false
CB-CS-000407,CB-BA-00479,2025-01-05T09:08:31.000Z,Wire Inquiry,Email,Closed,17.4,E-0109,,true
CB-CS-000408,CB-BA-00481,2026-01-03T15:05:32.000Z,Wire Inquiry,Phone,Closed,24.0,E-0123,,false
CB-CS-000409,CB-BA-00482,2026-02-13T18:36:13.000Z,Wire Inquiry,Portal,Escalated,10.1,E-0088,4,false
CB-CS-000410,CB-BA-00486,2026-07-24T11:57:43.000Z,Wire Inquiry,Email,Closed,30.2,E-0112,,false
CB-CS-000411,CB-BA-00486,2025-02-27T13:29:41.000Z,Statement Request,Portal,Open,16.6,E-0104,1,false
CB-CS-000412,CB-BA-00488,2026-01-15T10:39:07.000Z,Access Management,Chat,Closed,18.1,E-0062,2,false
CB-CS-000413,CB-BA-00488,2025-11-10T16:10:55.000Z,Access Management,Email,Closed,24.6,E-0097,,false
CB-CS-000414,CB-BA-00490,2026-01-15T18:51:17.000Z,Positive Pay Exception,Chat,Closed,8.2,E-0132,,false
CB-CS-000415,CB-BA-00491,2026-03-19T07:38:06.000Z,Positive Pay Exception,Portal,Closed,13.3,E-0113,1,false
CB-CS-000416,CB-BA-00492,2024-12-18T18:27:35.000Z,Access Management,Phone,Closed,13.0,E-0097,,false
CB-CS-000417,CB-BA-00492,2026-02-03T10:07:18.000Z,Statement Request,Chat,Closed,22.8,E-0069,,false
CB-CS-000418,CB-BA-00495,2024-12-17T07:15:25.000Z,Statement Request,Portal,Closed,14.4,E-0130,5,true
CB-CS-000419,CB-BA-00496,2025-07-05T10:59:24.000Z,sFTP Connectivity,Phone,Closed,33.8,E-0116,,false
CB-CS-000420,CB-BA-00496,2026-05-03T18:26:18.000Z,Positive Pay Exception,Email,Escalated,3.6,E-0084,3,false
CB-CS-000421,CB-BA-00496,2025-02-11T10:04:24.000Z,Wire Inquiry,Email,Closed,11.7,E-0121,2,false
CB-CS-000422,CB-BA-00497,2026-05-23T12:16:03.000Z,Statement Request,Email,Open,9.2,E-0065,2,false
CB-CS-000423,CB-BA-00497,2025-04-16T07:07:15.000Z,Wire Inquiry,Portal,Escalated,9.9,E-0140,,false
CB-CS-000424,CB-BA-00498,2025-11-08T18:32:25.000Z,Access Management,Phone,Closed,15.3,E-0087,,false
CB-CS-000425,CB-BA-00499,2026-08-29T13:53:44.000Z,ACH File Rejection,Chat,Closed,34.5,E-0073,,false
CB-CS-000426,CB-BA-00500,2026-06-29T08:57:14.000Z,Access Management,Email,Closed,6.3,E-0130,4,false
CB-CS-000427,CB-BA-00500,2025-10-27T13:51:08.000Z,sFTP Connectivity,Chat,Closed,15.2,E-0109,,false
CB-CS-000428,CB-BA-00500,2026-07-19T11:43:28.000Z,ACH File Rejection,Chat,Closed,9.1,E-0072,,false
CB-CS-000429,CB-BA-00503,2026-02-04T12:00:07.000Z,Access Management,Portal,Open,16.0,E-0139,,false
CB-CS-000430,CB-BA-00504,2024-12-09T18:09:07.000Z,ACH File Rejection,Chat,Closed,16.4,E-0097,4,false
CB-CS-000431,CB-BA-00504,2025-04-17T13:42:11.000Z,Access Management,Phone,Open,8.2,E-0101,2,false
CB-CS-000432,CB-BA-00506,2026-01-20T12:54:29.000Z,Wire Inquiry,Email,Open,5.0,E-0137,4,false
CB-CS-000433,CB-BA-00506,2025-04-20T17:57:15.000Z,sFTP Connectivity,Email,Closed,21.9,E-0065,1,false
CB-CS-000434,CB-BA-00507,2026-08-27T08:51:06.000Z,Positive Pay Exception,Email,Closed,30.9,E-0134,1,true
CB-CS-000435,CB-BA-00508,2025-04-16T13:38:37.000Z,ACH File Rejection,Email,Closed,11.6,E-0112,,false
CB-CS-000436,CB-BA-00513,2025-05-30T14:55:19.000Z,Access Management,Phone,Escalated,11.5,E-0127,2,false
CB-CS-000437,CB-BA-00514,2025-05-10T17:01:51.000Z,Statement Request,Chat,Open,82.1,E-0098,,false
CB-CS-000438,CB-BA-00521,2026-04-02T17:09:29.000Z,Wire Inquiry,Chat,Closed,14.0,E-0104,,false
CB-CS-000439,CB-BA-00521,2025-05-01T15:27:59.000Z,Positive Pay Exception,Email,Open,15.2,E-0087,,false
CB-CS-000440,CB-BA-00523,2025-01-17T17:48:55.000Z,Access Management,Portal,Closed,15.8,E-0107,,false
CB-CS-000441,CB-BA-00524,2025-12-07T18:35:56.000Z,Statement Request,Phone,Closed,12.2,E-0076,1,true
CB-CS-000442,CB-BA-00525,2025-09-11T19:56:43.000Z,ACH File Rejection,Chat,Closed,28.2,E-0110,,false
CB-CS-000443,CB-BA-00525,2026-02-25T18:55:55.000Z,Positive Pay Exception,Portal,Closed,9.0,E-0103,3,true
CB-CS-000444,CB-BA-00528,2025-09-09T07:28:34.000Z,sFTP Connectivity,Portal,Closed,16.0,E-0094,1,false
CB-CS-000445,CB-BA-00528,2025-07-12T12:27:27.000Z,Statement Request,Portal,Closed,5.2,E-0120,3,false
CB-CS-000446,CB-BA-00528,2025-11-08T16:10:07.000Z,ACH File Rejection,Chat,Escalated,23.7,E-0110,,true
CB-CS-000447,CB-BA-00529,2026-02-15T13:52:15.000Z,Wire Inquiry,Chat,Open,35.4,E-0112,,false
CB-CS-000448,CB-BA-00529,2025-03-11T18:05:14.000Z,Statement Request,Email,Open,7.3,E-0105,,false
CB-CS-000449,CB-BA-00533,2026-06-19T08:46:04.000Z,Statement Request,Phone,Closed,3.0,E-0132,1,true
CB-CS-000450,CB-BA-00533,2024-11-28T12:07:25.000Z,sFTP Connectivity,Email,Escalated,9.8,E-0064,3,false
CB-CS-000451,CB-BA-00534,2026-08-13T15:41:39.000Z,ACH File Rejection,Phone,Escalated,22.3,E-0077,,false
CB-CS-000452,CB-BA-00534,2025-05-19T15:56:26.000Z,ACH File Rejection,Chat,Escalated,14.8,E-0069,,false
CB-CS-000453,CB-BA-00535,2025-05-14T07:27:45.000Z,Wire Inquiry,Chat,Open,30.9,E-0078,,false
CB-CS-000454,CB-BA-00535,2024-12-13T10:40:58.000Z,Statement Request,Chat,Closed,6.0,E-0083,,false
CB-CS-000455,CB-BA-00536,2024-09-23T14:03:12.000Z,Access Management,Phone,Closed,35.3,E-0071,,false
CB-CS-000456,CB-BA-00538,2025-05-09T18:38:07.000Z,ACH File Rejection,Chat,Closed,21.9,E-0120,,false
CB-CS-000457,CB-BA-00539,2025-10-20T11:14:46.000Z,Positive Pay Exception,Chat,Closed,9.9,E-0098,,false
CB-CS-000458,CB-BA-00540,2025-11-09T09:49:55.000Z,Statement Request,Portal,Escalated,3.8,E-0121,2,true
CB-CS-000459,CB-BA-00541,2026-02-18T11:54:59.000Z,Statement Request,Portal,Closed,24.9,E-0121,,false
CB-CS-000460,CB-BA-00541,2026-05-01T19:17:48.000Z,ACH File Rejection,Phone,Open,7.1,E-0071,,false
CB-CS-000461,CB-BA-00542,2026-04-06T18:59:56.000Z,sFTP Connectivity,Portal,Closed,23.2,E-0061,,false
CB-CS-000462,CB-BA-00545,2025-04-20T12:07:49.000Z,Access Management,Phone,Closed,9.9,E-0099,3,false
CB-CS-000463,CB-BA-00545,2026-03-28T10:46:21.000Z,Access Management,Chat,Escalated,22.3,E-0125,1,false
CB-CS-000464,CB-BA-00548,2024-09-14T09:59:18.000Z,Positive Pay Exception,Email,Open,4.9,E-0133,,true
CB-CS-000465,CB-BA-00548,2026-07-22T11:29:05.000Z,Statement Request,Phone,Escalated,14.8,E-0062,4,false
CB-CS-000466,CB-BA-00549,2025-10-05T11:43:50.000Z,sFTP Connectivity,Phone,Closed,8.4,E-0135,,true
CB-CS-000467,CB-BA-00552,2024-12-26T09:11:47.000Z,ACH File Rejection,Phone,Closed,6.7,E-0080,,false
CB-CS-000468,CB-BA-00553,2026-01-30T09:31:25.000Z,Wire Inquiry,Chat,Closed,10.5,E-0107,,false
CB-CS-000469,CB-BA-00553,2026-08-05T12:36:30.000Z,Access Management,Chat,Closed,23.0,E-0128,,false
CB-CS-000470,CB-BA-00553,2025-08-13T10:41:22.000Z,ACH File Rejection,Chat,Closed,13.5,E-0097,5,false
CB-CS-000471,CB-BA-00554,2025-07-14T07:45:10.000Z,ACH File Rejection,Chat,Closed,16.7,E-0110,,true
CB-CS-000472,CB-BA-00556,2025-04-18T19:02:00.000Z,sFTP Connectivity,Phone,Open,58.3,E-0137,,false
CB-CS-000473,CB-BA-00556,2025-12-31T12:39:28.000Z,Wire Inquiry,Portal,Open,10.0,E-0069,,false
CB-CS-000474,CB-BA-00556,2025-11-13T11:34:30.000Z,ACH File Rejection,Email,Closed,19.8,E-0083,1,true
CB-CS-000475,CB-BA-00564,2026-06-09T11:40:26.000Z,Access Management,Chat,Closed,21.7,E-0110,1,true
CB-CS-000476,CB-BA-00565,2026-03-30T11:14:19.000Z,Statement Request,Chat,Escalated,22.6,E-0093,2,false
CB-CS-000477,CB-BA-00566,2025-01-31T18:02:05.000Z,Positive Pay Exception,Phone,Escalated,14.9,E-0104,,false
CB-CS-000478,CB-BA-00567,2026-07-17T08:25:09.000Z,Access Management,Email,Closed,7.1,E-0073,,true
CB-CS-000479,CB-BA-00567,2025-11-22T16:55:31.000Z,sFTP Connectivity,Email,Closed,11.8,E-0112,1,false
CB-CS-000480,CB-BA-00568,2024-12-20T07:48:11.000Z,Positive Pay Exception,Email,Closed,10.5,E-0104,,true
CB-CS-000481,CB-BA-00570,2024-11-02T11:11:22.000Z,Access Management,Portal,Closed,18.1,E-0071,,false
CB-CS-000482,CB-BA-00571,2025-04-08T17:54:14.000Z,Wire Inquiry,Chat,Escalated,57.2,E-0103,2,true
CB-CS-000483,CB-BA-00572,2026-03-29T18:12:27.000Z,Wire Inquiry,Phone,Closed,6.8,E-0118,,false
CB-CS-000484,CB-BA-00573,2025-03-16T16:13:11.000Z,Access Management,Chat,Closed,5.8,E-0105,1,false
CB-CS-000485,CB-BA-00573,2026-03-04T13:22:00.000Z,ACH File Rejection,Phone,Closed,17.8,E-0068,,false
CB-CS-000486,CB-BA-00574,2025-12-19T10:00:34.000Z,Statement Request,Portal,Closed,15.4,E-0123,5,false
CB-CS-000487,CB-BA-00576,2024-11-19T19:06:23.000Z,Statement Request,Email,Open,5.8,E-0077,5,true
CB-CS-000488,CB-BA-00576,2026-01-16T09:04:49.000Z,Access Management,Portal,Escalated,17.3,E-0140,,false
CB-CS-000489,CB-BA-00577,2026-02-19T16:17:47.000Z,Wire Inquiry,Chat,Closed,10.4,E-0062,,false
CB-CS-000490,CB-BA-00579,2024-10-11T13:44:29.000Z,Positive Pay Exception,Email,Closed,20.2,E-0131,,false
CB-CS-000491,CB-BA-00579,2026-04-09T12:30:56.000Z,Positive Pay Exception,Chat,Closed,34.0,E-0083,,false
CB-CS-000492,CB-BA-00580,2025-12-11T08:08:59.000Z,ACH File Rejection,Portal,Closed,6.9,E-0138,2,false
CB-CS-000493,CB-BA-00580,2025-09-03T11:16:39.000Z,Access Management,Portal,Closed,12.3,E-0064,,true
CB-CS-000494,CB-BA-00581,2024-11-03T16:33:09.000Z,Wire Inquiry,Portal,Closed,26.7,E-0107,2,false
CB-CS-000495,CB-BA-00583,2026-02-22T09:09:08.000Z,sFTP Connectivity,Portal,Escalated,50.7,E-0095,,false
CB-CS-000496,CB-BA-00585,2026-05-09T18:22:02.000Z,sFTP Connectivity,Chat,Open,10.1,E-0062,4,true
CB-CS-000497,CB-BA-00587,2025-03-15T09:48:08.000Z,Access Management,Chat,Open,9.2,E-0082,,false
CB-CS-000498,CB-BA-00587,2025-03-29T14:56:23.000Z,ACH File Rejection,Chat,Closed,21.7,E-0064,4,false
CB-CS-000499,CB-BA-00588,2025-01-13T13:24:55.000Z,Access Management,Chat,Open,31.8,E-0065,,true
CB-CS-000500,CB-BA-00588,2025-09-23T18:04:52.000Z,sFTP Connectivity,Phone,Open,9.5,E-0084,1,false
CB-CS-000501,CB-BA-00589,2026-03-07T16:09:49.000Z,Statement Request,Portal,Closed,14.6,E-0111,,false
CB-CS-000502,CB-BA-00591,2024-11-12T07:07:58.000Z,Wire Inquiry,Portal,Closed,8.4,E-0093,,false
CB-CS-000503,CB-BA-00592,2026-08-09T17:15:10.000Z,Wire Inquiry,Chat,Open,17.4,E-0086,1,false
CB-CS-000504,CB-BA-00594,2025-06-10T13:48:31.000Z,Access Management,Chat,Open,10.6,E-0079,,true
CB-CS-000505,CB-BA-00594,2025-01-16T13:33:15.000Z,Positive Pay Exception,Chat,Open,14.9,E-0119,4,false
CB-CS-000506,CB-BA-00594,2026-02-02T12:25:17.000Z,Access Management,Portal,Escalated,6.0,E-0106,1,false
CB-CS-000507,CB-BA-00595,2025-05-19T13:34:44.000Z,ACH File Rejection,Phone,Closed,6.9,E-0101,,true
CB-CS-000508,CB-BA-00596,2026-07-27T17:24:18.000Z,Access Management,Chat,Closed,11.5,E-0127,,true
CB-CS-000509,CB-BA-00596,2025-12-28T11:22:17.000Z,Wire Inquiry,Chat,Closed,21.4,E-0101,,false
CB-CS-000510,CB-BA-00597,2024-09-25T08:05:36.000Z,ACH File Rejection,Phone,Closed,13.8,E-0080,,false
CB-CS-000511,CB-BA-00599,2026-08-16T16:17:35.000Z,Wire Inquiry,Chat,Closed,26.3,E-0099,3,true
CB-CS-000512,CB-BA-00600,2026-04-11T17:53:06.000Z,ACH File Rejection,Phone,Closed,21.1,E-0137,,false
