EnrollmentId,BusinessAccountId,ProductName,EnrolledDate,MonthlyVolume,Status
CB-TP-00001,CB-BA-00001,ACH Origination,2020-02-22,267072.98,Active
CB-TP-00002,CB-BA-00001,Commercial Card,2022-11-04,78191.89,Pending
CB-TP-00003,CB-BA-00001,Merchant Services,2021-03-08,491491.22,Active
CB-TP-00004,CB-BA-00002,Positive Pay,2025-09-01,234128.31,Active
CB-TP-00005,CB-BA-00002,ACH Origination,2026-07-07,329463.65,Active
CB-TP-00006,CB-BA-00003,Merchant Services,2019-11-18,21540.9,Active
CB-TP-00007,CB-BA-00003,Sweep Account,2022-11-19,92306.31,Cancelled
CB-TP-00008,CB-BA-00003,ACH Origination,2020-09-24,50419.22,Active
CB-TP-00009,CB-BA-00004,Commercial Card,2018-10-18,55887.46,Active
CB-TP-00010,CB-BA-00004,Positive Pay,2019-03-20,132786.51,Pending
CB-TP-00011,CB-BA-00005,Wire Services,2025-02-08,267631.45,Active
CB-TP-00012,CB-BA-00005,Commercial Card,2020-01-25,1804378.89,Active
CB-TP-00013,CB-BA-00005,sFTP File Delivery,2020-09-05,655972.48,Active
CB-TP-00014,CB-BA-00006,Lockbox,2020-07-08,197157.22,Active
CB-TP-00015,CB-BA-00006,Wire Services,2023-08-16,31860.57,Cancelled
CB-TP-00016,CB-BA-00007,Lockbox,2025-09-27,415444.02,Active
CB-TP-00017,CB-BA-00008,Positive Pay,2026-03-18,2877068.91,Active
CB-TP-00018,CB-BA-00008,Commercial Card,2026-07-10,150051.96,Cancelled
CB-TP-00019,CB-BA-00008,Lockbox,2021-09-29,105851.1,Cancelled
CB-TP-00020,CB-BA-00011,sFTP File Delivery,2023-07-09,510373.75,Active
CB-TP-00021,CB-BA-00012,sFTP File Delivery,2022-08-11,48750.05,Active
CB-TP-00022,CB-BA-00012,Positive Pay,2026-06-01,97722.25,Active
CB-TP-00023,CB-BA-00012,Merchant Services,2025-04-09,228615.23,Active
CB-TP-00024,CB-BA-00013,Merchant Services,2021-01-08,102630.41,Active
CB-TP-00025,CB-BA-00014,ACH Origination,2024-07-10,83196.12,Active
CB-TP-00026,CB-BA-00015,Commercial Card,2024-10-20,54316.48,Pending
CB-TP-00027,CB-BA-00015,Sweep Account,2018-07-04,48984.59,Pending
CB-TP-00028,CB-BA-00015,Lockbox,2023-10-09,60369.92,Active
CB-TP-00029,CB-BA-00015,Positive Pay,2018-11-14,1304186.94,Active
CB-TP-00030,CB-BA-00016,Wire Services,2025-07-02,128557.71,Active
CB-TP-00031,CB-BA-00019,sFTP File Delivery,2020-06-26,186318.82,Active
CB-TP-00032,CB-BA-00020,Merchant Services,2020-09-30,75743.64,Active
CB-TP-00033,CB-BA-00020,Lockbox,2026-07-26,49054.84,Active
CB-TP-00034,CB-BA-00020,Wire Services,2026-04-28,174851.17,Active
CB-TP-00035,CB-BA-00020,Commercial Card,2023-01-28,329859.67,Cancelled
CB-TP-00036,CB-BA-00021,Merchant Services,2018-03-22,611091.47,Pending
CB-TP-00037,CB-BA-00021,ACH Origination,2024-02-16,4812.51,Cancelled
CB-TP-00038,CB-BA-00021,Sweep Account,2025-10-04,119361.33,Active
CB-TP-00039,CB-BA-00021,Positive Pay,2025-10-13,282786.84,Active
CB-TP-00040,CB-BA-00022,Lockbox,2018-12-02,248060.72,Active
CB-TP-00041,CB-BA-00022,ACH Origination,2022-04-26,668404.65,Cancelled
CB-TP-00042,CB-BA-00023,Sweep Account,2026-06-19,224949.0,Active
CB-TP-00043,CB-BA-00023,sFTP File Delivery,2022-03-15,33044.92,Active
CB-TP-00044,CB-BA-00024,Commercial Card,2023-06-17,147336.1,Pending
CB-TP-00045,CB-BA-00024,sFTP File Delivery,2023-12-11,223765.59,Active
CB-TP-00046,CB-BA-00027,ACH Origination,2020-11-11,645913.58,Active
CB-TP-00047,CB-BA-00027,Sweep Account,2019-09-04,220364.48,Active
CB-TP-00048,CB-BA-00027,Wire Services,2025-05-11,427796.75,Active
CB-TP-00049,CB-BA-00028,Commercial Card,2020-01-18,1555752.15,Pending
CB-TP-00050,CB-BA-00029,sFTP File Delivery,2024-07-07,2136609.46,Active
CB-TP-00051,CB-BA-00029,Merchant Services,2024-03-17,73100.56,Active
CB-TP-00052,CB-BA-00029,ACH Origination,2024-09-08,448770.73,Active
CB-TP-00053,CB-BA-00030,Sweep Account,2024-04-05,203955.01,Cancelled
CB-TP-00054,CB-BA-00031,Merchant Services,2022-11-01,88030.64,Active
CB-TP-00055,CB-BA-00032,Lockbox,2024-12-08,416501.3,Active
CB-TP-00056,CB-BA-00032,Commercial Card,2018-05-10,49932.5,Active
CB-TP-00057,CB-BA-00032,Positive Pay,2024-07-18,108164.23,Pending
CB-TP-00058,CB-BA-00032,sFTP File Delivery,2021-08-09,112561.95,Cancelled
CB-TP-00059,CB-BA-00033,Merchant Services,2022-08-05,28628.39,Active
CB-TP-00060,CB-BA-00033,Positive Pay,2024-02-10,175233.86,Cancelled
CB-TP-00061,CB-BA-00033,Wire Services,2024-03-06,189784.49,Pending
CB-TP-00062,CB-BA-00033,Lockbox,2020-10-26,2051602.77,Active
CB-TP-00063,CB-BA-00036,Positive Pay,2021-09-25,244576.47,Cancelled
CB-TP-00064,CB-BA-00037,sFTP File Delivery,2018-10-22,1281723.44,Active
CB-TP-00065,CB-BA-00037,Positive Pay,2024-06-30,124434.34,Active
CB-TP-00066,CB-BA-00038,Lockbox,2019-12-20,957238.18,Active
CB-TP-00067,CB-BA-00038,sFTP File Delivery,2019-03-30,248616.57,Cancelled
CB-TP-00068,CB-BA-00038,ACH Origination,2018-12-08,1036592.55,Pending
CB-TP-00069,CB-BA-00038,Positive Pay,2022-06-15,444194.19,Cancelled
CB-TP-00070,CB-BA-00040,Sweep Account,2020-07-02,128347.29,Pending
CB-TP-00071,CB-BA-00040,Lockbox,2026-06-28,23730.13,Active
CB-TP-00072,CB-BA-00042,Commercial Card,2023-10-12,924650.89,Pending
CB-TP-00073,CB-BA-00042,ACH Origination,2018-06-04,495804.77,Active
CB-TP-00074,CB-BA-00042,Lockbox,2020-03-18,12994.27,Active
CB-TP-00075,CB-BA-00043,Positive Pay,2019-11-21,591706.19,Cancelled
CB-TP-00076,CB-BA-00043,sFTP File Delivery,2018-10-22,63028.82,Active
CB-TP-00077,CB-BA-00045,Positive Pay,2018-12-30,232549.73,Cancelled
CB-TP-00078,CB-BA-00045,Sweep Account,2018-04-06,134297.69,Pending
CB-TP-00079,CB-BA-00046,ACH Origination,2023-12-03,372564.89,Pending
CB-TP-00080,CB-BA-00047,ACH Origination,2022-10-22,111919.16,Active
CB-TP-00081,CB-BA-00047,Sweep Account,2022-03-29,252868.26,Active
CB-TP-00082,CB-BA-00048,Sweep Account,2025-07-30,1028373.11,Active
CB-TP-00083,CB-BA-00048,Positive Pay,2019-05-29,49960.09,Pending
CB-TP-00084,CB-BA-00048,Commercial Card,2019-07-23,381148.16,Pending
CB-TP-00085,CB-BA-00049,Wire Services,2019-04-04,1045349.34,Active
CB-TP-00086,CB-BA-00050,Lockbox,2022-12-22,29284.44,Pending
CB-TP-00087,CB-BA-00050,Positive Pay,2021-12-14,16082.8,Cancelled
CB-TP-00088,CB-BA-00051,ACH Origination,2019-01-23,239473.13,Active
CB-TP-00089,CB-BA-00051,Commercial Card,2024-05-06,186865.94,Pending
CB-TP-00090,CB-BA-00054,Merchant Services,2026-02-04,650010.81,Active
CB-TP-00091,CB-BA-00054,Sweep Account,2022-12-11,95566.92,Active
CB-TP-00092,CB-BA-00055,Lockbox,2019-03-30,440365.56,Active
CB-TP-00093,CB-BA-00055,Wire Services,2018-07-03,14235.1,Active
CB-TP-00094,CB-BA-00057,sFTP File Delivery,2021-07-16,119276.16,Pending
CB-TP-00095,CB-BA-00058,sFTP File Delivery,2026-02-02,22987.65,Active
CB-TP-00096,CB-BA-00058,Lockbox,2025-10-20,38672.86,Active
CB-TP-00097,CB-BA-00058,Wire Services,2019-05-15,28383.28,Active
CB-TP-00098,CB-BA-00058,Positive Pay,2025-12-09,174762.17,Active
CB-TP-00099,CB-BA-00061,Lockbox,2019-01-11,60060.6,Active
CB-TP-00100,CB-BA-00062,Positive Pay,2021-06-28,144912.55,Active
CB-TP-00101,CB-BA-00062,sFTP File Delivery,2023-02-23,117420.23,Active
CB-TP-00102,CB-BA-00063,Lockbox,2019-06-21,85394.47,Cancelled
CB-TP-00103,CB-BA-00063,Merchant Services,2024-05-15,314276.45,Active
CB-TP-00104,CB-BA-00064,Sweep Account,2021-05-22,117366.7,Active
CB-TP-00105,CB-BA-00064,Lockbox,2026-05-06,450507.79,Active
CB-TP-00106,CB-BA-00065,Lockbox,2022-10-08,2199369.86,Active
CB-TP-00107,CB-BA-00066,Sweep Account,2022-05-31,124125.79,Active
CB-TP-00108,CB-BA-00069,Sweep Account,2021-03-27,148974.78,Pending
CB-TP-00109,CB-BA-00070,Lockbox,2018-12-25,226234.82,Cancelled
CB-TP-00110,CB-BA-00071,Commercial Card,2024-10-22,111616.67,Cancelled
CB-TP-00111,CB-BA-00072,Lockbox,2021-05-30,145190.56,Pending
CB-TP-00112,CB-BA-00072,Commercial Card,2018-06-03,91541.55,Active
CB-TP-00113,CB-BA-00072,Wire Services,2026-03-18,447951.04,Active
CB-TP-00114,CB-BA-00073,Sweep Account,2018-01-11,50285.1,Active
CB-TP-00115,CB-BA-00075,ACH Origination,2024-10-16,43859.27,Active
CB-TP-00116,CB-BA-00075,Lockbox,2025-01-31,95188.89,Active
CB-TP-00117,CB-BA-00076,Wire Services,2025-04-29,448295.32,Pending
CB-TP-00118,CB-BA-00076,Sweep Account,2024-05-12,2743368.96,Cancelled
CB-TP-00119,CB-BA-00078,Commercial Card,2021-05-02,340181.14,Pending
CB-TP-00120,CB-BA-00080,Commercial Card,2020-08-23,115592.87,Active
CB-TP-00121,CB-BA-00080,Sweep Account,2025-10-28,41160.75,Active
CB-TP-00122,CB-BA-00082,Merchant Services,2026-05-18,639933.48,Active
CB-TP-00123,CB-BA-00082,Sweep Account,2021-09-07,70666.51,Active
CB-TP-00124,CB-BA-00083,ACH Origination,2023-05-28,277735.19,Active
CB-TP-00125,CB-BA-00084,Wire Services,2023-08-30,44781.33,Cancelled
CB-TP-00126,CB-BA-00085,ACH Origination,2019-01-24,26664.86,Active
CB-TP-00127,CB-BA-00086,Merchant Services,2018-07-29,421431.08,Active
CB-TP-00128,CB-BA-00086,Lockbox,2025-08-29,506184.07,Active
CB-TP-00129,CB-BA-00086,sFTP File Delivery,2019-01-01,1647863.33,Active
CB-TP-00130,CB-BA-00087,Wire Services,2021-02-22,89582.24,Cancelled
CB-TP-00131,CB-BA-00088,Merchant Services,2019-04-28,24225.11,Active
CB-TP-00132,CB-BA-00088,ACH Origination,2022-06-10,145002.03,Active
CB-TP-00133,CB-BA-00089,Sweep Account,2019-04-28,75937.91,Active
CB-TP-00134,CB-BA-00089,Positive Pay,2018-01-13,157020.62,Pending
CB-TP-00135,CB-BA-00089,Merchant Services,2021-11-03,10139.59,Active
CB-TP-00136,CB-BA-00090,ACH Origination,2018-08-08,320329.88,Active
CB-TP-00137,CB-BA-00090,Sweep Account,2022-08-09,28418.96,Cancelled
CB-TP-00138,CB-BA-00090,sFTP File Delivery,2020-07-24,79098.45,Pending
CB-TP-00139,CB-BA-00091,Sweep Account,2021-04-29,43653.38,Active
CB-TP-00140,CB-BA-00091,Wire Services,2023-01-04,37778.09,Active
CB-TP-00141,CB-BA-00091,ACH Origination,2018-05-22,106822.56,Active
CB-TP-00142,CB-BA-00092,Lockbox,2023-09-14,73603.02,Active
CB-TP-00143,CB-BA-00093,Sweep Account,2023-11-27,368253.88,Active
CB-TP-00144,CB-BA-00093,Wire Services,2018-06-09,132959.59,Cancelled
CB-TP-00145,CB-BA-00093,Lockbox,2021-01-01,58512.75,Active
CB-TP-00146,CB-BA-00094,ACH Origination,2025-01-21,204706.76,Active
CB-TP-00147,CB-BA-00095,ACH Origination,2021-09-11,179465.7,Cancelled
CB-TP-00148,CB-BA-00097,Lockbox,2020-08-08,1727439.01,Active
CB-TP-00149,CB-BA-00097,Positive Pay,2021-03-16,70489.73,Active
CB-TP-00150,CB-BA-00098,Wire Services,2019-08-03,82562.12,Active
CB-TP-00151,CB-BA-00098,Merchant Services,2021-05-10,4122321.5,Active
CB-TP-00152,CB-BA-00099,Commercial Card,2026-01-28,115497.69,Pending
CB-TP-00153,CB-BA-00099,Wire Services,2023-05-12,417074.93,Pending
CB-TP-00154,CB-BA-00099,Merchant Services,2018-09-05,1515787.69,Pending
CB-TP-00155,CB-BA-00099,Positive Pay,2018-06-12,270918.72,Cancelled
CB-TP-00156,CB-BA-00100,Sweep Account,2018-07-08,42021.11,Active
CB-TP-00157,CB-BA-00100,sFTP File Delivery,2024-11-24,154677.34,Cancelled
CB-TP-00158,CB-BA-00100,Commercial Card,2026-05-07,79484.72,Pending
CB-TP-00159,CB-BA-00101,sFTP File Delivery,2020-06-04,3075019.42,Active
CB-TP-00160,CB-BA-00101,Wire Services,2024-07-10,32267.36,Active
CB-TP-00161,CB-BA-00102,ACH Origination,2019-07-08,1270127.0,Active
CB-TP-00162,CB-BA-00104,Merchant Services,2024-03-25,164382.62,Active
CB-TP-00163,CB-BA-00105,Lockbox,2026-02-25,121145.92,Cancelled
CB-TP-00164,CB-BA-00105,Sweep Account,2020-02-11,142597.42,Active
CB-TP-00165,CB-BA-00105,sFTP File Delivery,2022-12-15,326105.16,Active
CB-TP-00166,CB-BA-00106,Sweep Account,2025-10-29,281692.21,Cancelled
CB-TP-00167,CB-BA-00106,Lockbox,2023-08-20,496707.54,Cancelled
CB-TP-00168,CB-BA-00107,Merchant Services,2021-07-04,500099.2,Pending
CB-TP-00169,CB-BA-00107,Lockbox,2025-02-01,164610.07,Active
CB-TP-00170,CB-BA-00109,sFTP File Delivery,2019-07-16,546190.74,Active
CB-TP-00171,CB-BA-00111,Positive Pay,2024-04-25,106086.88,Active
CB-TP-00172,CB-BA-00112,Merchant Services,2024-02-13,514802.18,Cancelled
CB-TP-00173,CB-BA-00113,ACH Origination,2024-09-08,59529.22,Pending
CB-TP-00174,CB-BA-00114,Sweep Account,2019-05-08,2324683.84,Active
CB-TP-00175,CB-BA-00114,ACH Origination,2025-04-14,550624.89,Cancelled
CB-TP-00176,CB-BA-00115,sFTP File Delivery,2021-09-23,296422.59,Active
CB-TP-00177,CB-BA-00116,Commercial Card,2020-04-22,26845.84,Cancelled
CB-TP-00178,CB-BA-00117,Merchant Services,2019-12-22,41835.01,Pending
CB-TP-00179,CB-BA-00117,sFTP File Delivery,2025-07-15,883670.12,Active
CB-TP-00180,CB-BA-00117,Positive Pay,2025-04-12,272043.84,Pending
CB-TP-00181,CB-BA-00117,Commercial Card,2021-03-02,470997.56,Active
CB-TP-00182,CB-BA-00118,Positive Pay,2019-04-23,33714.37,Active
CB-TP-00183,CB-BA-00118,Merchant Services,2019-10-08,388838.94,Active
CB-TP-00184,CB-BA-00119,Lockbox,2019-07-09,6295.83,Pending
CB-TP-00185,CB-BA-00119,Positive Pay,2026-03-03,340690.63,Cancelled
CB-TP-00186,CB-BA-00120,Positive Pay,2024-09-11,77364.57,Cancelled
CB-TP-00187,CB-BA-00120,Wire Services,2026-07-24,83131.69,Pending
CB-TP-00188,CB-BA-00122,Lockbox,2021-04-29,912464.53,Active
CB-TP-00189,CB-BA-00123,ACH Origination,2021-04-14,697083.84,Active
CB-TP-00190,CB-BA-00124,Sweep Account,2022-01-17,218140.55,Active
CB-TP-00191,CB-BA-00124,Commercial Card,2018-11-14,672345.19,Active
CB-TP-00192,CB-BA-00124,Positive Pay,2021-07-15,95588.35,Active
CB-TP-00193,CB-BA-00125,Lockbox,2024-05-12,274682.43,Active
CB-TP-00194,CB-BA-00125,Merchant Services,2021-05-17,1066569.79,Active
CB-TP-00195,CB-BA-00126,Positive Pay,2022-12-03,57528.89,Cancelled
CB-TP-00196,CB-BA-00126,Wire Services,2023-07-04,181165.28,Active
CB-TP-00197,CB-BA-00126,Sweep Account,2025-08-01,150918.55,Active
CB-TP-00198,CB-BA-00128,ACH Origination,2024-10-08,320248.6,Active
CB-TP-00199,CB-BA-00128,Lockbox,2020-06-29,338603.41,Cancelled
CB-TP-00200,CB-BA-00128,Sweep Account,2025-05-10,190991.0,Pending
CB-TP-00201,CB-BA-00129,sFTP File Delivery,2025-05-28,12194.75,Active
CB-TP-00202,CB-BA-00129,Merchant Services,2020-01-22,102585.4,Cancelled
CB-TP-00203,CB-BA-00130,Commercial Card,2021-04-24,96960.37,Active
CB-TP-00204,CB-BA-00131,Positive Pay,2025-03-27,236286.33,Pending
CB-TP-00205,CB-BA-00132,Merchant Services,2025-10-02,395633.74,Active
CB-TP-00206,CB-BA-00134,Merchant Services,2022-08-26,134031.27,Cancelled
CB-TP-00207,CB-BA-00134,Positive Pay,2025-02-14,1923309.27,Cancelled
CB-TP-00208,CB-BA-00134,ACH Origination,2018-12-22,275954.36,Active
CB-TP-00209,CB-BA-00134,Wire Services,2019-01-12,1410063.7,Active
CB-TP-00210,CB-BA-00135,sFTP File Delivery,2021-10-05,87837.68,Active
CB-TP-00211,CB-BA-00135,Positive Pay,2019-02-18,327531.81,Active
CB-TP-00212,CB-BA-00135,Sweep Account,2021-06-03,114730.56,Active
CB-TP-00213,CB-BA-00136,Merchant Services,2021-02-25,234014.52,Active
CB-TP-00214,CB-BA-00136,sFTP File Delivery,2022-01-21,95552.22,Active
CB-TP-00215,CB-BA-00136,Commercial Card,2019-11-10,100002.81,Active
CB-TP-00216,CB-BA-00136,Wire Services,2020-12-30,21739.26,Pending
CB-TP-00217,CB-BA-00137,sFTP File Delivery,2026-06-12,48330.74,Active
CB-TP-00218,CB-BA-00137,Sweep Account,2023-03-13,340153.37,Active
CB-TP-00219,CB-BA-00139,Wire Services,2025-09-01,328849.68,Pending
CB-TP-00220,CB-BA-00139,ACH Origination,2020-09-12,202043.68,Active
CB-TP-00221,CB-BA-00140,Positive Pay,2022-07-04,140211.99,Active
CB-TP-00222,CB-BA-00140,Commercial Card,2022-07-03,56222.74,Active
CB-TP-00223,CB-BA-00140,Sweep Account,2024-06-18,68791.75,Active
CB-TP-00224,CB-BA-00141,Lockbox,2026-05-12,22260.34,Active
CB-TP-00225,CB-BA-00141,Sweep Account,2024-02-18,19550.51,Active
CB-TP-00226,CB-BA-00141,Positive Pay,2024-07-12,139171.31,Active
CB-TP-00227,CB-BA-00144,Commercial Card,2018-04-13,178146.45,Pending
CB-TP-00228,CB-BA-00144,Lockbox,2024-09-14,156664.3,Active
CB-TP-00229,CB-BA-00147,Sweep Account,2024-12-21,124166.35,Cancelled
CB-TP-00230,CB-BA-00148,Sweep Account,2023-03-22,51405.62,Cancelled
CB-TP-00231,CB-BA-00149,sFTP File Delivery,2021-12-11,23473.51,Cancelled
CB-TP-00232,CB-BA-00149,ACH Origination,2022-05-07,162750.74,Pending
CB-TP-00233,CB-BA-00151,sFTP File Delivery,2023-01-17,26015.8,Cancelled
CB-TP-00234,CB-BA-00152,Sweep Account,2022-11-13,264776.22,Active
CB-TP-00235,CB-BA-00153,ACH Origination,2022-02-12,304703.25,Cancelled
CB-TP-00236,CB-BA-00153,Wire Services,2022-05-28,856342.71,Active
CB-TP-00237,CB-BA-00153,Merchant Services,2018-08-07,23137.18,Active
CB-TP-00238,CB-BA-00156,Commercial Card,2018-11-16,79759.35,Cancelled
CB-TP-00239,CB-BA-00156,Wire Services,2021-04-22,21652.83,Active
CB-TP-00240,CB-BA-00157,ACH Origination,2021-04-01,779434.91,Active
CB-TP-00241,CB-BA-00157,Lockbox,2024-10-28,265443.04,Active
CB-TP-00242,CB-BA-00158,Commercial Card,2025-05-27,138607.02,Active
CB-TP-00243,CB-BA-00158,Lockbox,2024-07-26,263557.25,Active
CB-TP-00244,CB-BA-00158,ACH Origination,2025-11-11,89874.95,Active
CB-TP-00245,CB-BA-00161,Sweep Account,2020-09-11,615112.55,Active
CB-TP-00246,CB-BA-00161,Positive Pay,2019-01-14,28875.4,Active
CB-TP-00247,CB-BA-00161,Lockbox,2021-12-03,1203941.81,Active
CB-TP-00248,CB-BA-00162,Lockbox,2021-11-23,235729.99,Active
CB-TP-00249,CB-BA-00164,Wire Services,2019-03-25,392222.29,Pending
CB-TP-00250,CB-BA-00165,Sweep Account,2025-11-03,33739.02,Active
CB-TP-00251,CB-BA-00165,Positive Pay,2020-01-17,99886.6,Active
CB-TP-00252,CB-BA-00166,Positive Pay,2018-07-18,217210.43,Cancelled
CB-TP-00253,CB-BA-00166,Wire Services,2023-05-24,550473.15,Active
CB-TP-00254,CB-BA-00167,Merchant Services,2022-11-27,40374.93,Cancelled
CB-TP-00255,CB-BA-00167,sFTP File Delivery,2021-12-25,599227.94,Active
CB-TP-00256,CB-BA-00168,Merchant Services,2019-08-28,270731.47,Cancelled
CB-TP-00257,CB-BA-00168,Lockbox,2019-04-21,107939.9,Cancelled
CB-TP-00258,CB-BA-00172,Sweep Account,2018-12-29,45282.02,Pending
CB-TP-00259,CB-BA-00173,Wire Services,2025-02-26,413694.46,Active
CB-TP-00260,CB-BA-00173,Positive Pay,2024-12-29,142754.94,Active
CB-TP-00261,CB-BA-00174,sFTP File Delivery,2019-02-21,82931.81,Active
CB-TP-00262,CB-BA-00174,Lockbox,2022-03-01,73486.43,Active
CB-TP-00263,CB-BA-00174,Positive Pay,2026-05-27,112026.29,Pending
CB-TP-00264,CB-BA-00175,Lockbox,2020-11-19,162522.67,Active
CB-TP-00265,CB-BA-00175,Positive Pay,2025-07-20,235559.11,Active
CB-TP-00266,CB-BA-00175,Sweep Account,2026-02-17,208768.63,Cancelled
CB-TP-00267,CB-BA-00175,Commercial Card,2026-07-11,651108.33,Cancelled
CB-TP-00268,CB-BA-00179,Sweep Account,2018-07-26,272368.67,Active
CB-TP-00269,CB-BA-00180,Wire Services,2024-06-10,22418.86,Active
CB-TP-00270,CB-BA-00181,Wire Services,2024-08-25,86286.47,Active
CB-TP-00271,CB-BA-00182,Lockbox,2021-05-27,1098576.79,Pending
CB-TP-00272,CB-BA-00182,Positive Pay,2026-01-28,492095.0,Active
CB-TP-00273,CB-BA-00184,Commercial Card,2025-10-01,319098.68,Cancelled
CB-TP-00274,CB-BA-00184,sFTP File Delivery,2025-08-05,273974.74,Cancelled
CB-TP-00275,CB-BA-00185,Wire Services,2026-04-21,35614.56,Cancelled
CB-TP-00276,CB-BA-00185,sFTP File Delivery,2022-11-18,868242.52,Active
CB-TP-00277,CB-BA-00187,Sweep Account,2022-08-07,630478.96,Active
CB-TP-00278,CB-BA-00188,sFTP File Delivery,2018-07-15,69046.04,Active
CB-TP-00279,CB-BA-00189,ACH Origination,2022-09-17,2135468.09,Active
CB-TP-00280,CB-BA-00189,sFTP File Delivery,2024-12-01,83096.56,Active
CB-TP-00281,CB-BA-00189,Merchant Services,2025-02-12,128400.52,Cancelled
CB-TP-00282,CB-BA-00192,Sweep Account,2022-07-20,448818.81,Pending
CB-TP-00283,CB-BA-00192,ACH Origination,2023-04-16,195560.92,Active
CB-TP-00284,CB-BA-00192,Lockbox,2025-07-06,254683.96,Active
CB-TP-00285,CB-BA-00193,ACH Origination,2018-03-27,77083.38,Active
CB-TP-00286,CB-BA-00194,Sweep Account,2022-09-09,126629.64,Active
CB-TP-00287,CB-BA-00194,Lockbox,2021-01-11,47889.05,Active
CB-TP-00288,CB-BA-00195,Commercial Card,2018-05-15,11765.71,Cancelled
CB-TP-00289,CB-BA-00197,Wire Services,2020-06-05,56592.94,Cancelled
CB-TP-00290,CB-BA-00198,Merchant Services,2018-12-10,218241.35,Active
CB-TP-00291,CB-BA-00198,Sweep Account,2026-02-07,10175.94,Active
CB-TP-00292,CB-BA-00199,sFTP File Delivery,2024-09-21,91356.41,Active
CB-TP-00293,CB-BA-00200,sFTP File Delivery,2024-12-13,410742.21,Active
CB-TP-00294,CB-BA-00200,Lockbox,2023-07-26,169495.99,Active
CB-TP-00295,CB-BA-00201,Sweep Account,2019-08-29,85296.88,Active
CB-TP-00296,CB-BA-00201,Merchant Services,2021-12-30,79211.43,Cancelled
CB-TP-00297,CB-BA-00201,Wire Services,2025-03-31,215075.81,Active
CB-TP-00298,CB-BA-00201,Lockbox,2018-07-28,158001.87,Active
CB-TP-00299,CB-BA-00203,Wire Services,2020-06-26,88738.42,Active
CB-TP-00300,CB-BA-00204,ACH Origination,2026-01-20,36273.9,Pending
CB-TP-00301,CB-BA-00205,ACH Origination,2022-10-19,54010.42,Active
CB-TP-00302,CB-BA-00205,Merchant Services,2023-04-04,49412.71,Pending
CB-TP-00303,CB-BA-00205,Lockbox,2024-06-19,211947.23,Active
CB-TP-00304,CB-BA-00206,sFTP File Delivery,2024-12-28,176869.08,Active
CB-TP-00305,CB-BA-00207,Positive Pay,2026-02-11,102224.29,Pending
CB-TP-00306,CB-BA-00207,Lockbox,2025-01-15,292675.78,Pending
CB-TP-00307,CB-BA-00209,sFTP File Delivery,2019-09-03,392096.89,Active
CB-TP-00308,CB-BA-00209,Sweep Account,2023-05-15,443377.37,Active
CB-TP-00309,CB-BA-00210,Positive Pay,2018-05-16,131047.92,Active
CB-TP-00310,CB-BA-00211,Sweep Account,2020-06-13,683542.07,Pending
CB-TP-00311,CB-BA-00211,Positive Pay,2019-07-06,30200.46,Cancelled
CB-TP-00312,CB-BA-00211,sFTP File Delivery,2019-10-21,206970.41,Active
CB-TP-00313,CB-BA-00212,ACH Origination,2019-09-29,49229.41,Cancelled
CB-TP-00314,CB-BA-00213,ACH Origination,2025-10-08,112872.74,Active
CB-TP-00315,CB-BA-00213,Sweep Account,2020-09-16,191360.34,Pending
CB-TP-00316,CB-BA-00215,Commercial Card,2026-06-03,87303.53,Active
CB-TP-00317,CB-BA-00216,Sweep Account,2019-06-17,119846.21,Active
CB-TP-00318,CB-BA-00216,Wire Services,2022-07-28,188967.57,Pending
CB-TP-00319,CB-BA-00217,Sweep Account,2024-08-03,165284.58,Cancelled
CB-TP-00320,CB-BA-00217,ACH Origination,2018-01-25,54551.47,Active
CB-TP-00321,CB-BA-00218,Sweep Account,2020-04-02,2038981.61,Pending
CB-TP-00322,CB-BA-00218,Lockbox,2023-01-03,102968.77,Active
CB-TP-00323,CB-BA-00219,Lockbox,2024-12-07,60691.26,Cancelled
CB-TP-00324,CB-BA-00221,sFTP File Delivery,2019-05-23,102951.58,Active
CB-TP-00325,CB-BA-00223,Wire Services,2025-04-20,85902.77,Pending
CB-TP-00326,CB-BA-00223,Sweep Account,2019-02-24,1502657.19,Pending
CB-TP-00327,CB-BA-00225,Wire Services,2022-06-28,510688.78,Active
CB-TP-00328,CB-BA-00229,Positive Pay,2018-10-28,86658.42,Pending
CB-TP-00329,CB-BA-00230,Positive Pay,2020-05-24,96108.81,Active
CB-TP-00330,CB-BA-00231,sFTP File Delivery,2023-01-04,183448.9,Active
CB-TP-00331,CB-BA-00231,Commercial Card,2022-02-20,593949.84,Active
CB-TP-00332,CB-BA-00232,Positive Pay,2021-10-19,62686.1,Cancelled
CB-TP-00333,CB-BA-00233,Positive Pay,2024-01-10,63824.19,Cancelled
CB-TP-00334,CB-BA-00234,Positive Pay,2025-07-12,334613.57,Cancelled
CB-TP-00335,CB-BA-00234,sFTP File Delivery,2025-03-01,266364.81,Cancelled
CB-TP-00336,CB-BA-00235,Sweep Account,2022-01-19,170194.61,Active
CB-TP-00337,CB-BA-00235,sFTP File Delivery,2026-02-03,46033.25,Cancelled
CB-TP-00338,CB-BA-00236,Commercial Card,2026-06-17,76362.18,Active
CB-TP-00339,CB-BA-00236,sFTP File Delivery,2020-09-13,201648.8,Active
CB-TP-00340,CB-BA-00238,Merchant Services,2023-07-21,411493.1,Pending
CB-TP-00341,CB-BA-00238,Lockbox,2019-11-04,17417.41,Active
CB-TP-00342,CB-BA-00238,Sweep Account,2026-01-01,54094.91,Active
CB-TP-00343,CB-BA-00239,ACH Origination,2026-08-08,199721.2,Active
CB-TP-00344,CB-BA-00240,sFTP File Delivery,2018-05-07,93396.65,Cancelled
CB-TP-00345,CB-BA-00240,Sweep Account,2025-02-17,145405.25,Cancelled
CB-TP-00346,CB-BA-00241,Commercial Card,2025-10-14,266917.7,Active
CB-TP-00347,CB-BA-00242,Sweep Account,2022-01-07,86719.53,Pending
CB-TP-00348,CB-BA-00243,Commercial Card,2023-08-04,284829.65,Active
CB-TP-00349,CB-BA-00244,ACH Origination,2025-10-19,68705.93,Active
CB-TP-00350,CB-BA-00244,Lockbox,2025-05-30,129845.71,Active
CB-TP-00351,CB-BA-00244,Positive Pay,2025-11-09,73043.06,Active
CB-TP-00352,CB-BA-00246,ACH Origination,2023-12-04,97059.73,Cancelled
CB-TP-00353,CB-BA-00248,sFTP File Delivery,2024-08-10,215004.05,Cancelled
CB-TP-00354,CB-BA-00249,Sweep Account,2023-01-29,9265.53,Active
CB-TP-00355,CB-BA-00249,Positive Pay,2021-08-15,366383.79,Pending
CB-TP-00356,CB-BA-00250,Wire Services,2023-02-14,135450.65,Active
CB-TP-00357,CB-BA-00251,Wire Services,2022-08-13,315610.65,Pending
CB-TP-00358,CB-BA-00251,sFTP File Delivery,2021-02-09,220480.0,Cancelled
CB-TP-00359,CB-BA-00252,sFTP File Delivery,2019-01-05,900395.1,Active
CB-TP-00360,CB-BA-00253,Merchant Services,2022-01-23,88392.23,Active
CB-TP-00361,CB-BA-00253,Wire Services,2021-11-08,80089.6,Active
CB-TP-00362,CB-BA-00256,Wire Services,2020-04-26,273572.73,Cancelled
CB-TP-00363,CB-BA-00257,sFTP File Delivery,2024-03-05,514363.23,Active
CB-TP-00364,CB-BA-00258,Positive Pay,2025-11-15,77151.86,Pending
CB-TP-00365,CB-BA-00258,Lockbox,2025-12-05,183794.29,Pending
CB-TP-00366,CB-BA-00258,Commercial Card,2020-12-25,270193.01,Active
CB-TP-00367,CB-BA-00259,Sweep Account,2021-01-25,67995.72,Pending
CB-TP-00368,CB-BA-00259,Merchant Services,2020-02-26,30834.81,Cancelled
CB-TP-00369,CB-BA-00260,sFTP File Delivery,2021-04-28,186582.78,Cancelled
CB-TP-00370,CB-BA-00260,Positive Pay,2019-12-27,70175.06,Pending
CB-TP-00371,CB-BA-00260,Sweep Account,2022-02-02,18308.24,Active
CB-TP-00372,CB-BA-00261,Merchant Services,2019-04-29,119101.84,Pending
CB-TP-00373,CB-BA-00261,Wire Services,2025-08-05,112145.26,Cancelled
CB-TP-00374,CB-BA-00261,Lockbox,2021-05-06,564910.7,Active
CB-TP-00375,CB-BA-00262,Wire Services,2025-10-15,146265.1,Cancelled
CB-TP-00376,CB-BA-00262,Commercial Card,2021-02-11,494018.62,Active
CB-TP-00377,CB-BA-00264,ACH Origination,2023-06-03,269459.59,Cancelled
CB-TP-00378,CB-BA-00264,Commercial Card,2022-10-29,226283.42,Active
CB-TP-00379,CB-BA-00264,sFTP File Delivery,2025-06-09,98959.27,Active
CB-TP-00380,CB-BA-00265,Positive Pay,2022-11-28,188691.24,Active
CB-TP-00381,CB-BA-00267,Merchant Services,2023-05-07,211780.64,Active
CB-TP-00382,CB-BA-00267,sFTP File Delivery,2022-11-15,169401.15,Active
CB-TP-00383,CB-BA-00267,ACH Origination,2019-03-03,24267.15,Active
CB-TP-00384,CB-BA-00269,Commercial Card,2024-12-05,2538066.99,Pending
CB-TP-00385,CB-BA-00270,Positive Pay,2022-08-15,142223.27,Cancelled
CB-TP-00386,CB-BA-00270,Lockbox,2021-07-25,324127.42,Active
CB-TP-00387,CB-BA-00270,Sweep Account,2022-12-24,33192.47,Cancelled
CB-TP-00388,CB-BA-00270,Wire Services,2021-09-20,296424.83,Pending
CB-TP-00389,CB-BA-00272,sFTP File Delivery,2020-08-20,146639.37,Pending
CB-TP-00390,CB-BA-00272,ACH Origination,2022-04-25,19916.83,Pending
CB-TP-00391,CB-BA-00274,sFTP File Delivery,2020-08-04,51281.98,Active
CB-TP-00392,CB-BA-00274,Positive Pay,2025-05-31,321653.59,Active
CB-TP-00393,CB-BA-00274,Sweep Account,2021-08-27,60159.17,Active
CB-TP-00394,CB-BA-00274,Wire Services,2020-10-03,276037.97,Active
CB-TP-00395,CB-BA-00275,Positive Pay,2025-01-14,303256.54,Active
CB-TP-00396,CB-BA-00275,Lockbox,2018-09-03,203615.77,Active
CB-TP-00397,CB-BA-00277,Lockbox,2024-01-19,246340.48,Pending
CB-TP-00398,CB-BA-00277,Commercial Card,2018-12-22,161864.22,Active
CB-TP-00399,CB-BA-00277,sFTP File Delivery,2019-07-26,314496.48,Active
CB-TP-00400,CB-BA-00277,ACH Origination,2025-01-14,195479.07,Active
CB-TP-00401,CB-BA-00278,Commercial Card,2024-11-28,218400.34,Active
CB-TP-00402,CB-BA-00279,Commercial Card,2022-04-11,395448.8,Cancelled
CB-TP-00403,CB-BA-00281,Commercial Card,2018-09-03,833989.94,Cancelled
CB-TP-00404,CB-BA-00282,Lockbox,2018-06-10,102631.65,Pending
CB-TP-00405,CB-BA-00283,Commercial Card,2023-12-12,43473.29,Active
CB-TP-00406,CB-BA-00283,Wire Services,2020-02-18,69378.91,Active
CB-TP-00407,CB-BA-00284,Wire Services,2018-02-01,480770.87,Cancelled
CB-TP-00408,CB-BA-00285,Positive Pay,2021-05-31,212033.1,Active
CB-TP-00409,CB-BA-00285,Wire Services,2025-04-07,14700.37,Cancelled
CB-TP-00410,CB-BA-00288,Wire Services,2019-11-11,293060.57,Active
CB-TP-00411,CB-BA-00289,Positive Pay,2020-12-27,33589.81,Cancelled
CB-TP-00412,CB-BA-00289,Wire Services,2018-12-09,28209.89,Active
CB-TP-00413,CB-BA-00291,Wire Services,2020-07-30,2139741.21,Active
CB-TP-00414,CB-BA-00291,Sweep Account,2019-09-11,214845.69,Cancelled
CB-TP-00415,CB-BA-00291,Merchant Services,2020-05-05,84839.68,Cancelled
CB-TP-00416,CB-BA-00292,Wire Services,2020-01-13,262117.42,Pending
CB-TP-00417,CB-BA-00295,ACH Origination,2022-11-08,138085.58,Active
CB-TP-00418,CB-BA-00295,Commercial Card,2025-10-24,46587.84,Cancelled
CB-TP-00419,CB-BA-00296,ACH Origination,2023-11-02,67937.87,Active
CB-TP-00420,CB-BA-00296,Positive Pay,2025-09-29,20219.16,Active
CB-TP-00421,CB-BA-00297,sFTP File Delivery,2018-07-03,42419.32,Active
CB-TP-00422,CB-BA-00297,ACH Origination,2022-06-25,118270.44,Pending
CB-TP-00423,CB-BA-00298,Lockbox,2022-05-14,71285.04,Active
CB-TP-00424,CB-BA-00298,Positive Pay,2025-09-07,108646.71,Pending
CB-TP-00425,CB-BA-00299,Sweep Account,2019-12-06,49198.51,Cancelled
CB-TP-00426,CB-BA-00304,Positive Pay,2021-10-16,174373.7,Active
CB-TP-00427,CB-BA-00306,ACH Origination,2025-07-13,288064.2,Active
CB-TP-00428,CB-BA-00306,Commercial Card,2021-03-13,254380.11,Pending
CB-TP-00429,CB-BA-00307,Wire Services,2023-12-21,201729.96,Active
CB-TP-00430,CB-BA-00307,Sweep Account,2026-08-25,159849.48,Active
CB-TP-00431,CB-BA-00308,Wire Services,2024-09-09,359887.84,Active
CB-TP-00432,CB-BA-00309,Wire Services,2022-01-23,220763.59,Pending
CB-TP-00433,CB-BA-00310,Commercial Card,2021-09-19,169429.32,Active
CB-TP-00434,CB-BA-00310,Lockbox,2018-10-20,96963.68,Active
CB-TP-00435,CB-BA-00311,Sweep Account,2019-03-19,118837.07,Active
CB-TP-00436,CB-BA-00314,ACH Origination,2021-03-21,412061.58,Cancelled
CB-TP-00437,CB-BA-00315,sFTP File Delivery,2021-08-07,105604.71,Active
CB-TP-00438,CB-BA-00316,ACH Origination,2020-12-14,916622.0,Cancelled
CB-TP-00439,CB-BA-00316,Sweep Account,2026-01-10,77459.75,Pending
CB-TP-00440,CB-BA-00316,Merchant Services,2019-04-27,354877.59,Cancelled
CB-TP-00441,CB-BA-00317,sFTP File Delivery,2019-06-02,83700.7,Active
CB-TP-00442,CB-BA-00317,Wire Services,2020-11-09,96366.05,Active
CB-TP-00443,CB-BA-00317,Positive Pay,2019-01-02,293941.97,Active
CB-TP-00444,CB-BA-00318,Positive Pay,2021-04-11,671455.1,Active
CB-TP-00445,CB-BA-00318,Merchant Services,2020-09-07,97981.58,Cancelled
CB-TP-00446,CB-BA-00318,ACH Origination,2024-10-16,39065.75,Pending
CB-TP-00447,CB-BA-00319,ACH Origination,2025-07-28,401193.11,Pending
CB-TP-00448,CB-BA-00321,sFTP File Delivery,2026-06-06,9900.55,Active
CB-TP-00449,CB-BA-00321,Wire Services,2018-09-22,93555.8,Cancelled
CB-TP-00450,CB-BA-00322,Merchant Services,2023-09-06,216899.13,Active
CB-TP-00451,CB-BA-00323,Lockbox,2020-10-02,364620.14,Active
CB-TP-00452,CB-BA-00323,Positive Pay,2021-07-15,236644.34,Active
CB-TP-00453,CB-BA-00324,Commercial Card,2023-10-19,44107.64,Active
CB-TP-00454,CB-BA-00326,Wire Services,2024-02-28,91491.57,Active
CB-TP-00455,CB-BA-00326,Lockbox,2024-07-06,203621.38,Active
CB-TP-00456,CB-BA-00328,Merchant Services,2018-04-07,438796.44,Active
CB-TP-00457,CB-BA-00329,Lockbox,2024-06-17,61203.98,Active
CB-TP-00458,CB-BA-00329,Merchant Services,2018-06-02,141452.84,Active
CB-TP-00459,CB-BA-00330,Lockbox,2019-04-20,136432.97,Active
CB-TP-00460,CB-BA-00332,ACH Origination,2019-12-09,50616.09,Active
CB-TP-00461,CB-BA-00332,Commercial Card,2022-08-30,44405.68,Active
CB-TP-00462,CB-BA-00333,Commercial Card,2024-03-25,1451085.57,Active
CB-TP-00463,CB-BA-00334,sFTP File Delivery,2018-04-14,24509.99,Active
CB-TP-00464,CB-BA-00335,ACH Origination,2024-11-30,64655.45,Active
CB-TP-00465,CB-BA-00337,sFTP File Delivery,2023-06-20,148928.89,Pending
CB-TP-00466,CB-BA-00337,Positive Pay,2022-10-20,45719.48,Active
CB-TP-00467,CB-BA-00337,Wire Services,2020-04-10,40458.11,Pending
CB-TP-00468,CB-BA-00338,Positive Pay,2021-11-11,27228.2,Active
CB-TP-00469,CB-BA-00338,Wire Services,2025-01-16,56837.22,Active
CB-TP-00470,CB-BA-00339,Commercial Card,2019-07-25,180063.14,Active
CB-TP-00471,CB-BA-00339,Merchant Services,2024-12-30,44798.76,Active
CB-TP-00472,CB-BA-00339,Positive Pay,2022-09-04,49257.89,Cancelled
CB-TP-00473,CB-BA-00340,ACH Origination,2018-11-16,255021.75,Active
CB-TP-00474,CB-BA-00340,Positive Pay,2023-10-31,137731.88,Active
CB-TP-00475,CB-BA-00341,Wire Services,2021-08-25,53077.65,Pending
CB-TP-00476,CB-BA-00341,Positive Pay,2025-06-14,182144.56,Active
CB-TP-00477,CB-BA-00343,Commercial Card,2023-05-21,904589.51,Active
CB-TP-00478,CB-BA-00343,Sweep Account,2024-05-13,2855642.2,Active
CB-TP-00479,CB-BA-00343,ACH Origination,2019-02-12,1105781.25,Active
CB-TP-00480,CB-BA-00344,Sweep Account,2025-03-21,79864.7,Active
CB-TP-00481,CB-BA-00344,sFTP File Delivery,2021-12-08,27299.7,Active
CB-TP-00482,CB-BA-00344,Lockbox,2026-07-01,242498.79,Cancelled
CB-TP-00483,CB-BA-00345,Wire Services,2020-10-09,150350.57,Active
CB-TP-00484,CB-BA-00347,Commercial Card,2018-04-08,34043.01,Active
CB-TP-00485,CB-BA-00347,Wire Services,2025-02-27,328512.06,Active
CB-TP-00486,CB-BA-00347,Merchant Services,2023-05-23,301495.89,Active
CB-TP-00487,CB-BA-00349,Positive Pay,2019-07-31,174070.25,Cancelled
CB-TP-00488,CB-BA-00349,Commercial Card,2018-02-10,293946.83,Cancelled
CB-TP-00489,CB-BA-00349,Lockbox,2018-10-20,141550.12,Active
CB-TP-00490,CB-BA-00350,Commercial Card,2020-12-31,144318.79,Active
CB-TP-00491,CB-BA-00351,Merchant Services,2025-08-19,300699.54,Active
CB-TP-00492,CB-BA-00351,Positive Pay,2022-11-25,2895958.47,Pending
CB-TP-00493,CB-BA-00355,Commercial Card,2023-08-29,7560.9,Active
CB-TP-00494,CB-BA-00356,Merchant Services,2024-06-27,469194.39,Cancelled
CB-TP-00495,CB-BA-00356,Wire Services,2022-04-09,71341.23,Pending
CB-TP-00496,CB-BA-00357,Sweep Account,2023-04-05,262993.97,Active
CB-TP-00497,CB-BA-00359,ACH Origination,2026-07-02,134547.21,Active
CB-TP-00498,CB-BA-00360,ACH Origination,2018-04-05,424294.3,Pending
CB-TP-00499,CB-BA-00360,Positive Pay,2022-09-08,175149.21,Active
CB-TP-00500,CB-BA-00361,Positive Pay,2023-04-08,449903.77,Active
CB-TP-00501,CB-BA-00361,Wire Services,2022-08-31,342390.35,Pending
CB-TP-00502,CB-BA-00363,Lockbox,2025-03-06,1086649.25,Active
CB-TP-00503,CB-BA-00363,Merchant Services,2020-03-28,1994715.93,Active
CB-TP-00504,CB-BA-00363,Wire Services,2022-09-30,51051.2,Cancelled
CB-TP-00505,CB-BA-00363,Commercial Card,2019-03-22,404871.94,Pending
CB-TP-00506,CB-BA-00364,Lockbox,2020-09-29,561954.58,Active
CB-TP-00507,CB-BA-00364,Wire Services,2019-10-01,540868.07,Active
CB-TP-00508,CB-BA-00364,Merchant Services,2018-02-27,181300.04,Active
CB-TP-00509,CB-BA-00365,Wire Services,2023-12-31,1685485.84,Active
CB-TP-00510,CB-BA-00366,Commercial Card,2025-04-25,1518601.31,Cancelled
CB-TP-00511,CB-BA-00367,Lockbox,2025-10-21,313494.11,Active
CB-TP-00512,CB-BA-00367,ACH Origination,2024-12-05,97038.37,Pending
CB-TP-00513,CB-BA-00368,Commercial Card,2020-01-29,603063.45,Active
CB-TP-00514,CB-BA-00370,Merchant Services,2025-09-14,232953.69,Active
CB-TP-00515,CB-BA-00371,Positive Pay,2021-09-08,662339.78,Cancelled
CB-TP-00516,CB-BA-00371,Lockbox,2019-06-10,1868133.89,Active
CB-TP-00517,CB-BA-00371,Merchant Services,2022-01-09,200254.66,Active
CB-TP-00518,CB-BA-00372,sFTP File Delivery,2020-08-17,35763.13,Active
CB-TP-00519,CB-BA-00372,Sweep Account,2020-01-06,44369.9,Active
CB-TP-00520,CB-BA-00373,Positive Pay,2022-06-22,253640.34,Pending
CB-TP-00521,CB-BA-00373,Lockbox,2021-03-06,178836.82,Cancelled
CB-TP-00522,CB-BA-00373,Commercial Card,2019-04-23,109684.52,Active
CB-TP-00523,CB-BA-00374,sFTP File Delivery,2019-10-17,237947.52,Active
CB-TP-00524,CB-BA-00375,Merchant Services,2020-05-06,258291.15,Active
CB-TP-00525,CB-BA-00377,Positive Pay,2026-08-07,231300.96,Active
CB-TP-00526,CB-BA-00378,Positive Pay,2021-03-31,83820.51,Pending
CB-TP-00527,CB-BA-00379,sFTP File Delivery,2021-10-09,79971.66,Active
CB-TP-00528,CB-BA-00379,Wire Services,2024-03-09,360385.85,Active
CB-TP-00529,CB-BA-00380,Commercial Card,2020-12-23,33526.98,Active
CB-TP-00530,CB-BA-00381,Positive Pay,2026-01-20,1953196.97,Cancelled
CB-TP-00531,CB-BA-00382,Merchant Services,2024-01-15,48451.8,Active
CB-TP-00532,CB-BA-00382,Positive Pay,2022-05-09,427638.52,Cancelled
CB-TP-00533,CB-BA-00384,Lockbox,2020-07-22,242179.34,Cancelled
CB-TP-00534,CB-BA-00384,Sweep Account,2022-01-23,143318.01,Active
CB-TP-00535,CB-BA-00385,Merchant Services,2021-09-15,64223.46,Active
CB-TP-00536,CB-BA-00385,ACH Origination,2022-06-22,816915.75,Pending
CB-TP-00537,CB-BA-00387,Wire Services,2021-11-11,100502.9,Active
CB-TP-00538,CB-BA-00388,Wire Services,2022-08-06,16347.04,Active
CB-TP-00539,CB-BA-00389,Sweep Account,2020-05-09,144588.37,Pending
CB-TP-00540,CB-BA-00389,sFTP File Delivery,2021-04-27,228079.32,Active
CB-TP-00541,CB-BA-00389,Positive Pay,2024-10-09,26106.43,Pending
CB-TP-00542,CB-BA-00390,Positive Pay,2019-03-23,744011.38,Pending
CB-TP-00543,CB-BA-00390,Commercial Card,2023-09-20,324528.41,Cancelled
CB-TP-00544,CB-BA-00394,Commercial Card,2019-01-16,279980.74,Cancelled
CB-TP-00545,CB-BA-00394,Wire Services,2023-06-07,41441.01,Pending
CB-TP-00546,CB-BA-00394,sFTP File Delivery,2020-02-20,267065.56,Cancelled
CB-TP-00547,CB-BA-00395,Sweep Account,2023-01-01,159546.83,Active
CB-TP-00548,CB-BA-00395,Positive Pay,2023-03-24,497164.6,Cancelled
CB-TP-00549,CB-BA-00395,Wire Services,2023-03-04,131165.33,Cancelled
CB-TP-00550,CB-BA-00398,Merchant Services,2019-07-11,27621.74,Pending
CB-TP-00551,CB-BA-00401,Wire Services,2025-03-21,405399.89,Active
CB-TP-00552,CB-BA-00401,Positive Pay,2024-12-22,93949.18,Active
CB-TP-00553,CB-BA-00401,sFTP File Delivery,2026-03-13,81924.04,Cancelled
CB-TP-00554,CB-BA-00404,Wire Services,2023-06-30,144471.73,Pending
CB-TP-00555,CB-BA-00404,sFTP File Delivery,2025-01-14,42925.45,Pending
CB-TP-00556,CB-BA-00405,sFTP File Delivery,2022-02-07,304063.35,Pending
CB-TP-00557,CB-BA-00405,Sweep Account,2021-10-21,102852.25,Active
CB-TP-00558,CB-BA-00406,sFTP File Delivery,2024-04-19,40140.43,Active
CB-TP-00559,CB-BA-00407,sFTP File Delivery,2021-07-20,141473.77,Active
CB-TP-00560,CB-BA-00407,Merchant Services,2024-05-17,416402.27,Cancelled
CB-TP-00561,CB-BA-00410,sFTP File Delivery,2020-04-27,112671.2,Active
CB-TP-00562,CB-BA-00410,Positive Pay,2021-09-12,268136.22,Cancelled
CB-TP-00563,CB-BA-00411,Sweep Account,2020-11-11,37205.82,Active
CB-TP-00564,CB-BA-00411,Commercial Card,2025-01-03,23155.69,Active
CB-TP-00565,CB-BA-00412,Merchant Services,2019-07-25,1154052.48,Active
CB-TP-00566,CB-BA-00413,Commercial Card,2022-12-07,2602786.9,Pending
CB-TP-00567,CB-BA-00414,ACH Origination,2022-03-31,98910.68,Pending
CB-TP-00568,CB-BA-00414,Wire Services,2019-10-15,14759.63,Cancelled
CB-TP-00569,CB-BA-00414,Sweep Account,2021-04-21,1166614.9,Cancelled
CB-TP-00570,CB-BA-00415,ACH Origination,2022-06-21,1216124.94,Active
CB-TP-00571,CB-BA-00415,Commercial Card,2025-05-13,28724.54,Active
CB-TP-00572,CB-BA-00416,Sweep Account,2023-07-17,194262.36,Active
CB-TP-00573,CB-BA-00420,Lockbox,2021-04-20,111450.92,Cancelled
CB-TP-00574,CB-BA-00420,Sweep Account,2024-01-23,1623513.38,Active
CB-TP-00575,CB-BA-00420,ACH Origination,2023-04-05,219860.86,Active
CB-TP-00576,CB-BA-00421,Commercial Card,2019-02-11,16344.11,Active
CB-TP-00577,CB-BA-00421,Merchant Services,2022-05-16,413712.51,Cancelled
CB-TP-00578,CB-BA-00421,Positive Pay,2019-01-08,163824.64,Active
CB-TP-00579,CB-BA-00423,ACH Origination,2022-04-24,112305.15,Active
CB-TP-00580,CB-BA-00423,Commercial Card,2022-04-12,11206.64,Active
CB-TP-00581,CB-BA-00424,Wire Services,2022-05-31,105383.68,Active
CB-TP-00582,CB-BA-00424,sFTP File Delivery,2021-10-15,179431.11,Active
CB-TP-00583,CB-BA-00425,Sweep Account,2021-02-20,76203.58,Pending
CB-TP-00584,CB-BA-00425,Wire Services,2022-12-07,141029.49,Active
CB-TP-00585,CB-BA-00426,Sweep Account,2026-01-07,254578.24,Active
CB-TP-00586,CB-BA-00426,ACH Origination,2019-08-13,319201.89,Active
CB-TP-00587,CB-BA-00428,Wire Services,2019-05-19,180289.32,Cancelled
CB-TP-00588,CB-BA-00429,ACH Origination,2023-03-16,324466.54,Active
CB-TP-00589,CB-BA-00430,sFTP File Delivery,2023-06-13,144203.78,Pending
CB-TP-00590,CB-BA-00430,Positive Pay,2025-12-01,99704.18,Pending
CB-TP-00591,CB-BA-00431,sFTP File Delivery,2024-01-12,344060.67,Active
CB-TP-00592,CB-BA-00431,Commercial Card,2020-07-24,69108.11,Active
CB-TP-00593,CB-BA-00432,Commercial Card,2019-06-08,203167.87,Active
CB-TP-00594,CB-BA-00433,Sweep Account,2025-06-11,875416.45,Pending
CB-TP-00595,CB-BA-00433,ACH Origination,2024-10-07,51409.99,Cancelled
CB-TP-00596,CB-BA-00433,Merchant Services,2025-03-28,1260618.52,Cancelled
CB-TP-00597,CB-BA-00433,Positive Pay,2024-03-28,83134.09,Active
CB-TP-00598,CB-BA-00435,Merchant Services,2026-06-22,95549.09,Active
CB-TP-00599,CB-BA-00435,Commercial Card,2023-08-03,54622.38,Active
CB-TP-00600,CB-BA-00436,Lockbox,2018-07-01,91963.22,Active
CB-TP-00601,CB-BA-00438,sFTP File Delivery,2026-07-17,488613.05,Active
CB-TP-00602,CB-BA-00438,Commercial Card,2020-08-27,54506.06,Pending
CB-TP-00603,CB-BA-00438,Merchant Services,2021-03-16,610520.26,Active
CB-TP-00604,CB-BA-00440,Wire Services,2025-11-12,38290.64,Cancelled
CB-TP-00605,CB-BA-00440,Sweep Account,2022-03-03,180631.85,Active
CB-TP-00606,CB-BA-00441,Sweep Account,2022-01-18,1664705.94,Active
CB-TP-00607,CB-BA-00441,Lockbox,2019-10-14,72694.3,Active
CB-TP-00608,CB-BA-00441,Positive Pay,2018-11-23,41826.21,Cancelled
CB-TP-00609,CB-BA-00442,sFTP File Delivery,2026-08-02,52611.57,Active
CB-TP-00610,CB-BA-00442,Wire Services,2021-10-03,48065.77,Active
CB-TP-00611,CB-BA-00442,Commercial Card,2025-12-11,521877.08,Active
CB-TP-00612,CB-BA-00442,Lockbox,2022-09-30,75035.29,Active
CB-TP-00613,CB-BA-00443,Lockbox,2022-12-08,1055378.41,Active
CB-TP-00614,CB-BA-00443,Commercial Card,2023-09-03,18579.89,Active
CB-TP-00615,CB-BA-00443,Sweep Account,2024-06-21,44051.6,Active
CB-TP-00616,CB-BA-00443,Wire Services,2022-03-13,144125.52,Active
CB-TP-00617,CB-BA-00444,Merchant Services,2024-04-15,168251.09,Active
CB-TP-00618,CB-BA-00444,Wire Services,2018-12-19,79135.17,Pending
CB-TP-00619,CB-BA-00444,ACH Origination,2025-10-09,97943.82,Active
CB-TP-00620,CB-BA-00445,Positive Pay,2026-06-30,902335.89,Cancelled
CB-TP-00621,CB-BA-00446,Commercial Card,2024-01-19,692505.64,Cancelled
CB-TP-00622,CB-BA-00446,Positive Pay,2022-12-09,1689423.01,Active
CB-TP-00623,CB-BA-00447,Positive Pay,2026-07-11,373894.73,Active
CB-TP-00624,CB-BA-00447,Wire Services,2021-09-18,377365.74,Active
CB-TP-00625,CB-BA-00447,Sweep Account,2023-03-31,723764.15,Pending
CB-TP-00626,CB-BA-00447,sFTP File Delivery,2021-01-18,60202.4,Cancelled
CB-TP-00627,CB-BA-00448,sFTP File Delivery,2026-08-26,141278.46,Active
CB-TP-00628,CB-BA-00448,Merchant Services,2020-10-10,1361695.24,Active
CB-TP-00629,CB-BA-00448,Sweep Account,2024-02-07,156202.03,Active
CB-TP-00630,CB-BA-00448,Positive Pay,2019-01-31,145224.39,Cancelled
CB-TP-00631,CB-BA-00450,Wire Services,2021-04-23,34242.16,Pending
CB-TP-00632,CB-BA-00450,Merchant Services,2018-11-20,160464.62,Active
CB-TP-00633,CB-BA-00452,Sweep Account,2019-11-23,91691.42,Active
CB-TP-00634,CB-BA-00452,Positive Pay,2023-06-18,367705.56,Pending
CB-TP-00635,CB-BA-00453,sFTP File Delivery,2022-11-28,300096.77,Active
CB-TP-00636,CB-BA-00454,Positive Pay,2020-10-31,313622.0,Pending
CB-TP-00637,CB-BA-00455,Wire Services,2021-12-29,4555470.81,Active
CB-TP-00638,CB-BA-00456,sFTP File Delivery,2026-05-12,174793.87,Pending
CB-TP-00639,CB-BA-00456,Merchant Services,2022-02-20,312012.07,Active
CB-TP-00640,CB-BA-00457,Positive Pay,2024-07-03,1854906.25,Cancelled
CB-TP-00641,CB-BA-00457,Wire Services,2025-11-29,125873.03,Active
CB-TP-00642,CB-BA-00458,Wire Services,2021-06-22,87982.97,Cancelled
CB-TP-00643,CB-BA-00458,ACH Origination,2025-11-07,28842.35,Active
CB-TP-00644,CB-BA-00458,Commercial Card,2019-10-13,379203.99,Cancelled
CB-TP-00645,CB-BA-00458,Positive Pay,2024-12-02,100675.77,Pending
CB-TP-00646,CB-BA-00459,Lockbox,2022-06-27,162835.78,Pending
CB-TP-00647,CB-BA-00460,Lockbox,2025-01-31,111873.64,Active
CB-TP-00648,CB-BA-00461,Positive Pay,2024-04-21,44507.5,Active
CB-TP-00649,CB-BA-00462,Merchant Services,2018-10-19,137877.22,Pending
CB-TP-00650,CB-BA-00462,Lockbox,2020-11-25,156057.61,Active
CB-TP-00651,CB-BA-00467,Merchant Services,2025-07-28,50007.4,Active
CB-TP-00652,CB-BA-00467,Commercial Card,2020-06-20,83330.67,Cancelled
CB-TP-00653,CB-BA-00469,Commercial Card,2024-01-13,94118.89,Cancelled
CB-TP-00654,CB-BA-00470,Commercial Card,2022-01-19,396627.01,Active
CB-TP-00655,CB-BA-00471,Wire Services,2018-02-16,253376.26,Active
CB-TP-00656,CB-BA-00472,Wire Services,2021-12-28,73374.79,Cancelled
CB-TP-00657,CB-BA-00472,sFTP File Delivery,2023-10-06,12263.64,Cancelled
CB-TP-00658,CB-BA-00472,Positive Pay,2019-01-17,128624.67,Active
CB-TP-00659,CB-BA-00472,Lockbox,2025-07-23,100324.9,Pending
CB-TP-00660,CB-BA-00473,Lockbox,2019-05-02,128643.88,Active
CB-TP-00661,CB-BA-00474,Positive Pay,2018-10-01,404099.65,Active
CB-TP-00662,CB-BA-00474,Sweep Account,2021-01-27,141781.12,Pending
CB-TP-00663,CB-BA-00476,Lockbox,2019-06-24,49948.06,Pending
CB-TP-00664,CB-BA-00477,Commercial Card,2025-03-17,472855.18,Active
CB-TP-00665,CB-BA-00477,Merchant Services,2024-12-17,641834.09,Active
CB-TP-00666,CB-BA-00477,sFTP File Delivery,2018-12-11,1830177.43,Active
CB-TP-00667,CB-BA-00478,Wire Services,2025-02-11,194504.37,Active
CB-TP-00668,CB-BA-00480,Commercial Card,2024-05-20,70296.46,Cancelled
CB-TP-00669,CB-BA-00480,Wire Services,2019-06-01,240364.16,Active
CB-TP-00670,CB-BA-00481,ACH Origination,2020-06-27,251155.22,Active
CB-TP-00671,CB-BA-00481,sFTP File Delivery,2021-02-04,87504.46,Active
CB-TP-00672,CB-BA-00482,Merchant Services,2025-08-11,18859.66,Active
CB-TP-00673,CB-BA-00483,ACH Origination,2024-05-21,256355.71,Active
CB-TP-00674,CB-BA-00483,Wire Services,2018-04-30,239658.27,Active
CB-TP-00675,CB-BA-00484,sFTP File Delivery,2021-11-09,63025.66,Active
CB-TP-00676,CB-BA-00485,Positive Pay,2022-12-07,77197.8,Active
CB-TP-00677,CB-BA-00485,Wire Services,2022-04-27,319494.66,Active
CB-TP-00678,CB-BA-00485,sFTP File Delivery,2020-07-21,64664.83,Active
CB-TP-00679,CB-BA-00488,Lockbox,2025-12-12,1734483.14,Cancelled
CB-TP-00680,CB-BA-00488,sFTP File Delivery,2020-05-29,59532.85,Active
CB-TP-00681,CB-BA-00488,Positive Pay,2023-12-23,143741.65,Active
CB-TP-00682,CB-BA-00489,Positive Pay,2021-06-22,254677.5,Active
CB-TP-00683,CB-BA-00489,Merchant Services,2019-06-07,261450.62,Active
CB-TP-00684,CB-BA-00489,ACH Origination,2023-11-10,323114.64,Active
CB-TP-00685,CB-BA-00490,Merchant Services,2023-02-22,853991.75,Cancelled
CB-TP-00686,CB-BA-00490,Sweep Account,2021-11-24,15218.68,Active
CB-TP-00687,CB-BA-00492,Merchant Services,2022-05-21,74041.75,Active
CB-TP-00688,CB-BA-00492,Wire Services,2022-11-01,895020.77,Active
CB-TP-00689,CB-BA-00493,ACH Origination,2023-06-10,230602.97,Cancelled
CB-TP-00690,CB-BA-00493,Lockbox,2025-07-12,836295.41,Active
CB-TP-00691,CB-BA-00496,sFTP File Delivery,2024-11-26,269672.33,Active
CB-TP-00692,CB-BA-00497,Sweep Account,2018-04-02,132604.98,Pending
CB-TP-00693,CB-BA-00497,ACH Origination,2018-11-06,129107.56,Cancelled
CB-TP-00694,CB-BA-00497,sFTP File Delivery,2025-12-24,27849.79,Pending
CB-TP-00695,CB-BA-00498,Wire Services,2023-06-06,280128.11,Active
CB-TP-00696,CB-BA-00498,Merchant Services,2022-08-21,32086.54,Active
CB-TP-00697,CB-BA-00499,ACH Origination,2023-10-25,102035.76,Cancelled
CB-TP-00698,CB-BA-00499,sFTP File Delivery,2024-12-31,19182.57,Active
CB-TP-00699,CB-BA-00500,Commercial Card,2025-10-07,369129.23,Cancelled
CB-TP-00700,CB-BA-00500,Sweep Account,2019-01-26,270881.65,Active
CB-TP-00701,CB-BA-00502,Lockbox,2019-10-30,88376.6,Cancelled
CB-TP-00702,CB-BA-00502,Wire Services,2023-08-30,378825.8,Active
CB-TP-00703,CB-BA-00502,sFTP File Delivery,2023-10-31,62623.07,Active
CB-TP-00704,CB-BA-00503,Sweep Account,2019-09-04,46630.46,Cancelled
CB-TP-00705,CB-BA-00503,ACH Origination,2023-08-08,160230.7,Active
CB-TP-00706,CB-BA-00503,Merchant Services,2018-10-13,107985.93,Pending
CB-TP-00707,CB-BA-00504,sFTP File Delivery,2021-01-20,197922.52,Cancelled
CB-TP-00708,CB-BA-00504,Wire Services,2023-04-27,101445.01,Pending
CB-TP-00709,CB-BA-00505,ACH Origination,2020-03-10,607798.19,Pending
CB-TP-00710,CB-BA-00506,Commercial Card,2022-03-19,47136.87,Active
CB-TP-00711,CB-BA-00506,ACH Origination,2025-11-02,24641.91,Pending
CB-TP-00712,CB-BA-00507,Sweep Account,2022-02-04,337852.33,Active
CB-TP-00713,CB-BA-00507,Wire Services,2020-01-27,126241.86,Active
CB-TP-00714,CB-BA-00508,ACH Origination,2025-04-28,1754290.23,Active
CB-TP-00715,CB-BA-00508,Wire Services,2023-09-10,120874.86,Active
CB-TP-00716,CB-BA-00509,Lockbox,2024-12-12,105702.29,Pending
CB-TP-00717,CB-BA-00510,Merchant Services,2025-09-16,111636.57,Active
CB-TP-00718,CB-BA-00511,Sweep Account,2019-05-08,546670.0,Cancelled
CB-TP-00719,CB-BA-00511,Commercial Card,2021-09-02,614184.23,Pending
CB-TP-00720,CB-BA-00511,sFTP File Delivery,2022-09-27,22453.17,Active
CB-TP-00721,CB-BA-00511,Positive Pay,2020-10-24,84318.47,Active
CB-TP-00722,CB-BA-00512,Sweep Account,2020-10-12,710403.9,Active
CB-TP-00723,CB-BA-00512,sFTP File Delivery,2022-05-26,112980.7,Pending
CB-TP-00724,CB-BA-00513,sFTP File Delivery,2024-07-20,913531.17,Active
CB-TP-00725,CB-BA-00514,ACH Origination,2018-12-12,237089.15,Active
CB-TP-00726,CB-BA-00514,Wire Services,2026-07-12,40379.72,Active
CB-TP-00727,CB-BA-00514,Sweep Account,2025-03-21,101278.26,Pending
CB-TP-00728,CB-BA-00515,Lockbox,2026-04-25,1807321.18,Active
CB-TP-00729,CB-BA-00515,Positive Pay,2020-06-25,346614.72,Active
CB-TP-00730,CB-BA-00516,Wire Services,2019-05-08,112091.56,Pending
CB-TP-00731,CB-BA-00516,sFTP File Delivery,2018-09-15,111152.98,Pending
CB-TP-00732,CB-BA-00518,Positive Pay,2021-02-06,121766.75,Active
CB-TP-00733,CB-BA-00519,ACH Origination,2018-08-02,25931.09,Active
CB-TP-00734,CB-BA-00522,Positive Pay,2026-01-25,183125.76,Pending
CB-TP-00735,CB-BA-00523,Sweep Account,2021-04-29,237315.85,Pending
CB-TP-00736,CB-BA-00523,Merchant Services,2023-03-23,982383.49,Pending
CB-TP-00737,CB-BA-00523,Lockbox,2018-06-17,284903.24,Active
CB-TP-00738,CB-BA-00524,Lockbox,2024-05-06,283397.94,Pending
CB-TP-00739,CB-BA-00524,Positive Pay,2018-06-25,159828.91,Active
CB-TP-00740,CB-BA-00524,Commercial Card,2020-04-26,48053.17,Pending
CB-TP-00741,CB-BA-00524,sFTP File Delivery,2023-02-05,159997.37,Cancelled
CB-TP-00742,CB-BA-00525,Sweep Account,2025-12-06,580506.93,Active
CB-TP-00743,CB-BA-00526,Commercial Card,2024-06-21,51602.96,Pending
CB-TP-00744,CB-BA-00526,Wire Services,2022-05-21,386804.8,Pending
CB-TP-00745,CB-BA-00527,Lockbox,2025-01-10,1051790.26,Active
CB-TP-00746,CB-BA-00527,Wire Services,2023-12-11,833618.78,Pending
CB-TP-00747,CB-BA-00529,ACH Origination,2020-06-27,398663.7,Pending
CB-TP-00748,CB-BA-00529,sFTP File Delivery,2020-10-19,1969312.65,Pending
CB-TP-00749,CB-BA-00529,Positive Pay,2022-12-13,532914.0,Active
CB-TP-00750,CB-BA-00530,Merchant Services,2022-01-22,77886.36,Cancelled
CB-TP-00751,CB-BA-00530,Lockbox,2024-10-23,34459.12,Cancelled
CB-TP-00752,CB-BA-00530,Commercial Card,2026-05-23,86867.71,Active
CB-TP-00753,CB-BA-00531,sFTP File Delivery,2024-04-05,306212.08,Cancelled
CB-TP-00754,CB-BA-00532,Merchant Services,2020-05-02,171729.52,Active
CB-TP-00755,CB-BA-00533,Lockbox,2026-02-09,25029.95,Pending
CB-TP-00756,CB-BA-00534,Merchant Services,2019-03-19,156304.7,Active
CB-TP-00757,CB-BA-00534,Wire Services,2020-02-12,1125526.79,Active
CB-TP-00758,CB-BA-00534,Lockbox,2022-05-23,5780.37,Active
CB-TP-00759,CB-BA-00535,ACH Origination,2022-04-01,120415.93,Pending
CB-TP-00760,CB-BA-00536,Lockbox,2018-08-27,102016.67,Active
CB-TP-00761,CB-BA-00537,Lockbox,2020-05-07,45503.73,Active
CB-TP-00762,CB-BA-00538,Commercial Card,2023-12-25,214281.7,Active
CB-TP-00763,CB-BA-00541,Merchant Services,2018-12-21,23833.47,Pending
CB-TP-00764,CB-BA-00542,Positive Pay,2022-10-29,118049.83,Cancelled
CB-TP-00765,CB-BA-00542,Commercial Card,2021-11-15,681609.43,Active
CB-TP-00766,CB-BA-00542,sFTP File Delivery,2024-10-23,21127.27,Active
CB-TP-00767,CB-BA-00542,Merchant Services,2025-03-13,246021.14,Pending
CB-TP-00768,CB-BA-00543,Lockbox,2018-05-01,272470.42,Active
CB-TP-00769,CB-BA-00543,sFTP File Delivery,2025-03-23,419881.44,Active
CB-TP-00770,CB-BA-00543,Positive Pay,2019-11-22,338391.89,Active
CB-TP-00771,CB-BA-00544,Merchant Services,2025-04-11,140786.8,Active
CB-TP-00772,CB-BA-00544,Sweep Account,2018-03-27,150069.08,Active
CB-TP-00773,CB-BA-00544,Positive Pay,2021-09-11,78055.87,Active
CB-TP-00774,CB-BA-00546,Wire Services,2024-03-12,445812.57,Pending
CB-TP-00775,CB-BA-00548,Lockbox,2020-02-14,502019.34,Pending
CB-TP-00776,CB-BA-00548,Sweep Account,2021-11-26,56577.97,Active
CB-TP-00777,CB-BA-00552,Sweep Account,2026-06-27,207370.15,Cancelled
CB-TP-00778,CB-BA-00552,sFTP File Delivery,2024-03-08,44996.05,Active
CB-TP-00779,CB-BA-00552,Positive Pay,2021-07-12,265782.63,Active
CB-TP-00780,CB-BA-00552,Wire Services,2024-10-11,173439.14,Active
CB-TP-00781,CB-BA-00553,Merchant Services,2021-12-26,154613.13,Active
CB-TP-00782,CB-BA-00553,sFTP File Delivery,2026-08-02,37175.15,Cancelled
CB-TP-00783,CB-BA-00553,Lockbox,2024-11-14,329987.42,Active
CB-TP-00784,CB-BA-00554,Positive Pay,2026-04-23,581575.7,Active
CB-TP-00785,CB-BA-00555,Wire Services,2019-07-14,75025.27,Cancelled
CB-TP-00786,CB-BA-00556,Positive Pay,2024-05-22,40126.89,Cancelled
CB-TP-00787,CB-BA-00556,sFTP File Delivery,2026-05-02,306706.68,Pending
CB-TP-00788,CB-BA-00556,Wire Services,2018-01-13,6463092.54,Active
CB-TP-00789,CB-BA-00556,Lockbox,2025-07-09,168542.56,Active
CB-TP-00790,CB-BA-00557,Positive Pay,2024-02-06,141684.46,Active
CB-TP-00791,CB-BA-00558,Sweep Account,2019-05-16,149074.51,Active
CB-TP-00792,CB-BA-00558,Lockbox,2022-05-05,529241.55,Active
CB-TP-00793,CB-BA-00559,ACH Origination,2021-01-12,198959.41,Cancelled
CB-TP-00794,CB-BA-00559,Commercial Card,2024-05-04,104316.22,Active
CB-TP-00795,CB-BA-00560,Lockbox,2023-07-29,23056.22,Active
CB-TP-00796,CB-BA-00560,sFTP File Delivery,2024-10-18,77718.44,Active
CB-TP-00797,CB-BA-00561,Merchant Services,2026-08-08,138559.82,Cancelled
CB-TP-00798,CB-BA-00561,Lockbox,2021-01-02,174072.69,Active
CB-TP-00799,CB-BA-00561,Wire Services,2026-03-14,1194669.77,Cancelled
CB-TP-00800,CB-BA-00562,Positive Pay,2020-06-17,1568320.58,Active
CB-TP-00801,CB-BA-00563,ACH Origination,2025-05-09,979636.44,Active
CB-TP-00802,CB-BA-00564,Lockbox,2019-05-05,484354.06,Active
CB-TP-00803,CB-BA-00564,Merchant Services,2023-10-19,33612.59,Active
CB-TP-00804,CB-BA-00566,Wire Services,2023-09-01,483065.53,Pending
CB-TP-00805,CB-BA-00566,Lockbox,2020-04-16,357145.58,Active
CB-TP-00806,CB-BA-00566,ACH Origination,2024-08-02,25133.08,Cancelled
CB-TP-00807,CB-BA-00567,Wire Services,2024-06-10,111458.09,Active
CB-TP-00808,CB-BA-00569,Merchant Services,2018-06-11,129806.48,Active
CB-TP-00809,CB-BA-00569,Positive Pay,2024-05-15,776497.46,Active
CB-TP-00810,CB-BA-00569,Wire Services,2020-03-17,178748.06,Active
CB-TP-00811,CB-BA-00571,sFTP File Delivery,2021-01-04,228431.76,Cancelled
CB-TP-00812,CB-BA-00572,Lockbox,2024-02-03,30597.44,Active
CB-TP-00813,CB-BA-00574,ACH Origination,2023-04-19,17855.87,Active
CB-TP-00814,CB-BA-00575,Sweep Account,2023-03-08,572952.13,Active
CB-TP-00815,CB-BA-00575,Commercial Card,2018-03-17,96126.8,Cancelled
CB-TP-00816,CB-BA-00577,Merchant Services,2020-12-29,482823.8,Pending
CB-TP-00817,CB-BA-00577,sFTP File Delivery,2021-10-27,191175.18,Active
CB-TP-00818,CB-BA-00578,Wire Services,2018-10-01,519514.15,Active
CB-TP-00819,CB-BA-00582,sFTP File Delivery,2021-11-11,303651.83,Pending
CB-TP-00820,CB-BA-00583,Wire Services,2024-04-02,177270.08,Pending
CB-TP-00821,CB-BA-00583,Lockbox,2024-08-09,159501.02,Active
CB-TP-00822,CB-BA-00584,Sweep Account,2021-08-05,173433.05,Pending
CB-TP-00823,CB-BA-00585,Sweep Account,2022-10-19,493946.83,Cancelled
CB-TP-00824,CB-BA-00585,ACH Origination,2019-01-27,463459.52,Active
CB-TP-00825,CB-BA-00588,ACH Origination,2025-08-23,72545.43,Active
CB-TP-00826,CB-BA-00588,Sweep Account,2025-02-15,218250.11,Pending
CB-TP-00827,CB-BA-00589,Merchant Services,2019-12-13,796595.52,Active
CB-TP-00828,CB-BA-00589,ACH Origination,2026-05-06,30436.9,Active
CB-TP-00829,CB-BA-00590,Commercial Card,2022-11-03,2089413.33,Pending
CB-TP-00830,CB-BA-00590,Lockbox,2018-12-31,47195.22,Active
CB-TP-00831,CB-BA-00590,sFTP File Delivery,2019-01-15,268927.89,Active
CB-TP-00832,CB-BA-00591,Sweep Account,2024-05-01,119014.43,Pending
CB-TP-00833,CB-BA-00591,Lockbox,2018-02-14,1179585.93,Pending
CB-TP-00834,CB-BA-00591,Positive Pay,2022-02-18,81365.48,Cancelled
CB-TP-00835,CB-BA-00592,sFTP File Delivery,2018-07-18,33381.99,Active
CB-TP-00836,CB-BA-00592,Lockbox,2018-06-19,356790.05,Active
CB-TP-00837,CB-BA-00592,Merchant Services,2021-01-31,117845.42,Active
CB-TP-00838,CB-BA-00592,Sweep Account,2023-11-14,181929.07,Active
CB-TP-00839,CB-BA-00593,Lockbox,2026-05-31,195571.17,Active
CB-TP-00840,CB-BA-00593,Positive Pay,2018-12-03,29387.94,Active
CB-TP-00841,CB-BA-00595,Positive Pay,2020-05-25,1029918.88,Active
CB-TP-00842,CB-BA-00595,sFTP File Delivery,2026-05-26,97431.05,Cancelled
CB-TP-00843,CB-BA-00596,Positive Pay,2020-08-09,124804.67,Active
CB-TP-00844,CB-BA-00597,Merchant Services,2026-05-01,88845.83,Pending
CB-TP-00845,CB-BA-00597,ACH Origination,2018-07-04,162042.53,Cancelled
CB-TP-00846,CB-BA-00598,Commercial Card,2025-10-30,26006.14,Active
CB-TP-00847,CB-BA-00598,ACH Origination,2024-05-17,339829.66,Active
CB-TP-00848,CB-BA-00598,Wire Services,2019-08-08,501459.21,Active
CB-TP-00849,CB-BA-00599,Wire Services,2018-10-12,226209.09,Pending
CB-TP-00850,CB-BA-00600,Lockbox,2022-04-30,135153.19,Active
