CaseId,BusinessAccountId,CreatedDate,CaseType,Channel,Status,HandleTimeMinutes,AgentId,CSAT,AgentforceHandled,BusinessName,Industry,Segment,Region,RelationshipManagerName,AgentName
CB-CS-000001,CB-BA-00001,2026-07-30,Access Management,Chat,Closed,27.7,E-0094,,false,Meridian Logistics,Hospitality,Small Business,Midwest,Priya Martinez,Jamal Wilson
CB-CS-000002,CB-BA-00002,2026-07-08,sFTP Connectivity,Chat,Open,4.4,E-0089,,false,Redwood Partners 2,Technology,Middle Market,Pacific,Leo King,Amara Collins
CB-CS-000003,CB-BA-00008,2026-06-05,Positive Pay Exception,Email,Escalated,21.3,E-0067,1,false,Ironwood Group 8,Agriculture,Corporate,Mountain West,Hannah Young,Lauren Allen
CB-CS-000004,CB-BA-00010,2026-02-21,Access Management,Phone,Open,5.2,E-0086,,true,Ironwood Group 10,Logistics,Small Business,Southeast,Grace Martinez,Julian Collins
CB-CS-000005,CB-BA-00011,2025-06-22,Positive Pay Exception,Email,Escalated,16.4,E-0091,5,true,Ironwood Industries 11,Manufacturing,Small Business,Mountain West,Sofia Bailey,Mei Davis
CB-CS-000006,CB-BA-00012,2025-05-07,Access Management,Email,Escalated,10.5,E-0064,,false,Granite Builders 12,Retail,Middle Market,Southeast,Grace Martinez,Hannah Miller
CB-CS-000007,CB-BA-00012,2025-05-29,Access Management,Email,Closed,12.3,E-0108,3,true,Granite Builders 12,Retail,Middle Market,Southeast,Grace Martinez,Leo Adams
CB-CS-000008,CB-BA-00013,2026-03-31,Access Management,Phone,Closed,6.4,E-0073,2,false,Harbor Holdings 13,Professional Services,Middle Market,Pacific,Mei Hall,Daniel Nguyen
CB-CS-000009,CB-BA-00016,2026-02-05,Wire Inquiry,Phone,Open,47.6,E-0105,1,true,Ironwood Industries 16,Hospitality,Small Business,Midwest,Mei Hall,Isabella Clark
CB-CS-000010,CB-BA-00018,2024-11-30,Access Management,Portal,Closed,15.0,E-0101,3,false,Meridian Group 18,Agriculture,Corporate,Pacific,Rosa Miller,Lauren Scott
CB-CS-000011,CB-BA-00018,2025-07-22,Statement Request,Portal,Open,13.5,E-0070,,false,Meridian Group 18,Agriculture,Corporate,Pacific,Rosa Miller,Ravi Anderson
CB-CS-000012,CB-BA-00019,2025-12-09,Statement Request,Phone,Closed,17.0,E-0112,1,false,Northwind Logistics 19,Healthcare,Small Business,Midwest,Grace Bailey,Amara Patel
CB-CS-000013,CB-BA-00020,2025-08-01,Positive Pay Exception,Email,Closed,16.1,E-0102,,false,Ironwood Holdings 20,Hospitality,Small Business,Northeast,Wei Thomas,Ravi Walker
CB-CS-000014,CB-BA-00024,2026-08-13,Wire Inquiry,Portal,Escalated,30.0,E-0081,,false,Granite Builders 24,Construction,Small Business,Mountain West,Hannah Roberts,Daniel Chen
CB-CS-000015,CB-BA-00028,2026-06-18,Statement Request,Email,Closed,23.9,E-0089,,true,Harbor Holdings 28,Retail,Middle Market,Midwest,Fatima Patel,Amara Collins
CB-CS-000016,CB-BA-00028,2026-05-19,Wire Inquiry,Chat,Closed,13.0,E-0111,,false,Harbor Holdings 28,Retail,Middle Market,Midwest,Fatima Patel,Nora Young
CB-CS-000017,CB-BA-00029,2024-10-08,Access Management,Chat,Escalated,16.5,E-0088,,false,Redwood Group 29,Manufacturing,Small Business,Pacific,Leo King,Wei Collins
CB-CS-000018,CB-BA-00029,2025-12-01,Statement Request,Phone,Closed,15.8,E-0103,,false,Redwood Group 29,Manufacturing,Small Business,Pacific,Leo King,Julian Taylor
CB-CS-000019,CB-BA-00033,2026-01-30,Wire Inquiry,Email,Open,15.3,E-0125,2,false,PayCadence Logistics 33,Logistics,Corporate,Northeast,Wei Thomas,Fatima Lopez
CB-CS-000020,CB-BA-00033,2024-10-03,Access Management,Email,Escalated,21.9,E-0096,,false,PayCadence Logistics 33,Logistics,Corporate,Northeast,Wei Thomas,Derek Okafor
CB-CS-000021,CB-BA-00033,2025-08-02,Access Management,Portal,Escalated,3.1,E-0070,,false,PayCadence Logistics 33,Logistics,Corporate,Northeast,Wei Thomas,Ravi Anderson
CB-CS-000022,CB-BA-00034,2026-04-12,ACH File Rejection,Email,Closed,46.8,E-0081,,false,PayCadence Holdings 34,Logistics,Middle Market,Midwest,Priya Martinez,Daniel Chen
CB-CS-000023,CB-BA-00037,2025-02-16,Statement Request,Phone,Closed,17.6,E-0076,,false,Northwind Holdings 37,Retail,Small Business,Pacific,Luis Silva,Nora King
CB-CS-000024,CB-BA-00037,2025-04-29,Positive Pay Exception,Chat,Escalated,15.0,E-0105,,false,Northwind Holdings 37,Retail,Small Business,Pacific,Luis Silva,Isabella Clark
CB-CS-000025,CB-BA-00038,2025-04-05,ACH File Rejection,Email,Closed,21.7,E-0083,3,false,Northwind Holdings 38,Construction,Small Business,Southeast,Hannah Young,Owen Kim
CB-CS-000026,CB-BA-00038,2025-09-13,Statement Request,Phone,Escalated,13.8,E-0089,4,true,Northwind Holdings 38,Construction,Small Business,Southeast,Hannah Young,Amara Collins
CB-CS-000027,CB-BA-00039,2024-11-19,Statement Request,Chat,Closed,13.2,E-0081,,false,Bluewater Holdings 39,Construction,Corporate,Pacific,Owen Okafor,Daniel Chen
CB-CS-000028,CB-BA-00039,2025-07-20,sFTP Connectivity,Chat,Escalated,8.5,E-0138,,false,Bluewater Holdings 39,Construction,Corporate,Pacific,Owen Okafor,Sara Brown
CB-CS-000029,CB-BA-00040,2025-09-12,Access Management,Chat,Closed,9.5,E-0081,3,false,Redwood Systems 40,Manufacturing,Middle Market,Mountain West,Luis Ashford,Daniel Chen
CB-CS-000030,CB-BA-00041,2024-11-15,Statement Request,Phone,Closed,22.5,E-0139,1,false,Redwood Systems 41,Professional Services,Middle Market,Pacific,Mei Hall,Julian Green
CB-CS-000031,CB-BA-00043,2026-01-21,Positive Pay Exception,Portal,Closed,19.4,E-0125,3,false,Granite Holdings 43,Professional Services,Small Business,Midwest,Maya Ashford,Fatima Lopez
CB-CS-000032,CB-BA-00044,2025-01-08,Positive Pay Exception,Email,Closed,27.8,E-0095,,false,Redwood Systems 44,Agriculture,Middle Market,Mountain West,Sofia Bailey,Chloe Turner
CB-CS-000033,CB-BA-00044,2026-05-04,Access Management,Chat,Closed,32.0,E-0123,,false,Redwood Systems 44,Agriculture,Middle Market,Mountain West,Sofia Bailey,Yuki Hall
CB-CS-000034,CB-BA-00044,2025-05-13,Access Management,Portal,Escalated,7.4,E-0093,5,true,Redwood Systems 44,Agriculture,Middle Market,Mountain West,Sofia Bailey,Ethan Vaughn
CB-CS-000035,CB-BA-00047,2026-06-24,Wire Inquiry,Phone,Closed,13.0,E-0139,5,true,PayCadence Partners 47,Professional Services,Middle Market,Pacific,Wei Thomas,Julian Green
CB-CS-000036,CB-BA-00049,2025-11-30,ACH File Rejection,Portal,Closed,17.3,E-0074,,true,Summit Systems 49,Agriculture,Small Business,Pacific,Luis Ashford,Luis Anderson
CB-CS-000037,CB-BA-00050,2025-09-07,Statement Request,Chat,Open,15.7,E-0080,4,false,Ironwood Holdings 50,Manufacturing,Small Business,Midwest,Julian Collins,Kenji Evans
CB-CS-000038,CB-BA-00052,2025-06-11,Positive Pay Exception,Phone,Closed,14.4,E-0084,3,false,Keystone Logistics 52,Retail,Small Business,Pacific,Rosa Miller,Jonathan Jackson
CB-CS-000039,CB-BA-00053,2024-12-02,Access Management,Email,Closed,19.4,E-0095,,false,Bluewater Group 53,Healthcare,Corporate,Southeast,Fatima Okafor,Chloe Turner
CB-CS-000040,CB-BA-00053,2025-09-14,Wire Inquiry,Phone,Closed,17.2,E-0124,,false,Bluewater Group 53,Healthcare,Corporate,Southeast,Fatima Okafor,Kenji Hall
CB-CS-000041,CB-BA-00053,2026-01-29,Wire Inquiry,Email,Closed,6.8,E-0086,2,true,Bluewater Group 53,Healthcare,Corporate,Southeast,Fatima Okafor,Julian Collins
CB-CS-000042,CB-BA-00054,2025-04-01,ACH File Rejection,Chat,Open,12.0,E-0093,,true,PayCadence Builders 54,Technology,Small Business,Northeast,Layla Carter,Ethan Vaughn
CB-CS-000043,CB-BA-00057,2026-05-11,sFTP Connectivity,Email,Closed,39.1,E-0125,,true,Bluewater Partners 57,Manufacturing,Middle Market,Pacific,Grace Martinez,Fatima Lopez
CB-CS-000044,CB-BA-00057,2025-06-14,sFTP Connectivity,Email,Closed,12.2,E-0128,,false,Bluewater Partners 57,Manufacturing,Middle Market,Pacific,Grace Martinez,Olivia Wilson
CB-CS-000045,CB-BA-00057,2026-01-24,ACH File Rejection,Chat,Closed,17.8,E-0115,,false,Bluewater Partners 57,Manufacturing,Middle Market,Pacific,Grace Martinez,Olivia Young
CB-CS-000046,CB-BA-00059,2026-04-26,Positive Pay Exception,Portal,Closed,30.2,E-0133,,false,PayCadence Group 59,Retail,Small Business,Midwest,Priya Martinez,Yuki Baker
CB-CS-000047,CB-BA-00059,2025-05-23,ACH File Rejection,Portal,Closed,6.8,E-0089,,false,PayCadence Group 59,Retail,Small Business,Midwest,Priya Martinez,Amara Collins
CB-CS-000048,CB-BA-00060,2025-08-17,Access Management,Chat,Closed,13.1,E-0075,,true,Granite Logistics 60,Manufacturing,Small Business,Midwest,Noah Nelson,Naomi Campbell
CB-CS-000049,CB-BA-00060,2024-09-27,Access Management,Portal,Escalated,25.0,E-0075,1,true,Granite Logistics 60,Manufacturing,Small Business,Midwest,Noah Nelson,Naomi Campbell
CB-CS-000050,CB-BA-00062,2025-11-26,ACH File Rejection,Email,Closed,9.0,E-0099,,true,Redwood Industries 62,Agriculture,Middle Market,Southeast,Maya Ashford,Owen Carter
CB-CS-000051,CB-BA-00063,2026-05-29,ACH File Rejection,Email,Escalated,31.5,E-0111,,false,Granite Holdings 63,Logistics,Small Business,Southeast,Owen Okafor,Nora Young
CB-CS-000052,CB-BA-00063,2026-01-09,Wire Inquiry,Portal,Closed,19.3,E-0119,,false,Granite Holdings 63,Logistics,Small Business,Southeast,Owen Okafor,Yuki Morris
CB-CS-000053,CB-BA-00064,2025-04-19,Wire Inquiry,Chat,Closed,27.6,E-0099,,false,Harbor Holdings 64,Professional Services,Small Business,Mountain West,Iris Clark,Owen Carter
CB-CS-000054,CB-BA-00067,2025-01-01,Positive Pay Exception,Email,Closed,15.6,E-0062,,true,Granite Group 67,Manufacturing,Small Business,Midwest,Maya Ashford,Mateo Carter
CB-CS-000055,CB-BA-00069,2026-08-15,Access Management,Portal,Open,8.7,E-0063,,false,Harbor Foods 69,Manufacturing,Small Business,Midwest,Noah Nelson,Zara Phillips
CB-CS-000056,CB-BA-00070,2026-08-16,ACH File Rejection,Email,Escalated,24.3,E-0072,5,false,Summit Health 70,Retail,Small Business,Pacific,Wei Thomas,Amara Nguyen
CB-CS-000057,CB-BA-00071,2026-04-01,Wire Inquiry,Email,Closed,9.0,E-0122,2,true,Redwood Industries 71,Healthcare,Corporate,Midwest,Julian Collins,Henry Kim
CB-CS-000058,CB-BA-00072,2026-05-29,Statement Request,Phone,Escalated,7.3,E-0071,1,true,Redwood Industries 72,Agriculture,Corporate,Midwest,Nina Scott,Julian Turner
CB-CS-000059,CB-BA-00075,2025-03-27,sFTP Connectivity,Portal,Open,3.1,E-0095,3,false,Bluewater Foods 75,Hospitality,Middle Market,Southeast,Hannah Roberts,Chloe Turner
CB-CS-000060,CB-BA-00076,2024-10-05,Access Management,Chat,Open,24.2,E-0129,,false,PayCadence Systems 76,Hospitality,Small Business,Pacific,Iris Clark,Aisha Silva
CB-CS-000061,CB-BA-00076,2025-07-14,Access Management,Portal,Escalated,18.9,E-0123,5,false,PayCadence Systems 76,Hospitality,Small Business,Pacific,Iris Clark,Yuki Hall
CB-CS-000062,CB-BA-00077,2026-08-08,Positive Pay Exception,Email,Closed,21.8,E-0078,4,false,Redwood Systems 77,Agriculture,Small Business,Southeast,Luis Ashford,Jonathan Bailey
CB-CS-000063,CB-BA-00077,2025-08-22,Positive Pay Exception,Portal,Escalated,7.8,E-0083,,false,Redwood Systems 77,Agriculture,Small Business,Southeast,Luis Ashford,Owen Kim
CB-CS-000064,CB-BA-00077,2026-05-01,Positive Pay Exception,Portal,Escalated,23.5,E-0097,,false,Redwood Systems 77,Agriculture,Small Business,Southeast,Luis Ashford,Wei Nelson
CB-CS-000065,CB-BA-00078,2025-12-03,Access Management,Portal,Escalated,20.3,E-0062,,false,Bluewater Health 78,Professional Services,Small Business,Northeast,Owen Okafor,Mateo Carter
CB-CS-000066,CB-BA-00079,2024-11-22,Wire Inquiry,Phone,Closed,53.1,E-0135,1,false,Harbor Builders 79,Healthcare,Small Business,Southeast,Noah Nelson,Ines Collins
CB-CS-000067,CB-BA-00079,2025-09-29,Wire Inquiry,Email,Escalated,18.0,E-0130,,false,Harbor Builders 79,Healthcare,Small Business,Southeast,Noah Nelson,Diego Miller
CB-CS-000068,CB-BA-00080,2026-02-16,Access Management,Phone,Open,11.2,E-0102,,false,Bluewater Builders 80,Technology,Middle Market,Mountain West,Mei Hall,Ravi Walker
CB-CS-000069,CB-BA-00081,2025-09-21,Wire Inquiry,Portal,Open,16.5,E-0121,,true,Granite Holdings 81,Retail,Corporate,Mountain West,Priya Martinez,Elena Adams
CB-CS-000070,CB-BA-00084,2026-03-09,Wire Inquiry,Portal,Closed,19.6,E-0131,,false,Ironwood Foods 84,Manufacturing,Small Business,Mountain West,Mei Hall,Jamal Green
CB-CS-000071,CB-BA-00085,2026-01-04,Statement Request,Portal,Open,15.4,E-0113,5,false,Meridian Holdings 85,Construction,Middle Market,Southeast,Noah Carter,Priya Stewart
CB-CS-000072,CB-BA-00089,2026-07-25,Statement Request,Portal,Closed,35.6,E-0123,,false,Bluewater Health 89,Technology,Corporate,Pacific,Grace Bailey,Yuki Hall
CB-CS-000073,CB-BA-00091,2025-09-10,sFTP Connectivity,Phone,Closed,7.9,E-0076,,false,Harbor Holdings 91,Agriculture,Middle Market,Midwest,Hannah Young,Nora King
CB-CS-000074,CB-BA-00091,2026-02-27,Access Management,Chat,Open,4.7,E-0092,1,false,Harbor Holdings 91,Agriculture,Middle Market,Midwest,Hannah Young,Chloe Thomas
CB-CS-000075,CB-BA-00091,2026-05-24,ACH File Rejection,Portal,Closed,5.5,E-0097,1,false,Harbor Holdings 91,Agriculture,Middle Market,Midwest,Hannah Young,Wei Nelson
CB-CS-000076,CB-BA-00092,2025-03-02,Statement Request,Chat,Escalated,20.7,E-0081,5,false,Northwind Systems 92,Manufacturing,Middle Market,Midwest,Grace Martinez,Daniel Chen
CB-CS-000077,CB-BA-00094,2024-11-29,Wire Inquiry,Portal,Escalated,29.5,E-0085,,false,Bluewater Logistics 94,Construction,Corporate,Southeast,Rosa Miller,Amara Nguyen
CB-CS-000078,CB-BA-00096,2026-07-05,Wire Inquiry,Portal,Closed,21.7,E-0100,,false,Harbor Systems 96,Logistics,Small Business,Northeast,Nina Scott,Ava Johnson
CB-CS-000079,CB-BA-00096,2025-09-05,Statement Request,Phone,Escalated,4.1,E-0090,,true,Harbor Systems 96,Logistics,Small Business,Northeast,Nina Scott,Grace Parker
CB-CS-000080,CB-BA-00097,2025-05-11,sFTP Connectivity,Email,Closed,13.0,E-0126,5,false,Bluewater Health 97,Technology,Small Business,Southeast,Owen Okafor,Nina Morris
CB-CS-000081,CB-BA-00097,2025-09-29,Statement Request,Chat,Escalated,9.9,E-0088,,true,Bluewater Health 97,Technology,Small Business,Southeast,Owen Okafor,Wei Collins
CB-CS-000082,CB-BA-00098,2025-01-26,sFTP Connectivity,Email,Escalated,19.3,E-0103,,false,Redwood Group 98,Technology,Middle Market,Mountain West,Fatima Patel,Julian Taylor
CB-CS-000083,CB-BA-00099,2025-03-09,Wire Inquiry,Portal,Closed,15.9,E-0128,,true,Ironwood Logistics 99,Manufacturing,Small Business,Midwest,Noah Nelson,Olivia Wilson
CB-CS-000084,CB-BA-00100,2025-11-25,Statement Request,Email,Closed,15.3,E-0093,2,false,Redwood Health 100,Healthcare,Small Business,Southeast,Noah Carter,Ethan Vaughn
CB-CS-000085,CB-BA-00100,2024-12-10,Wire Inquiry,Email,Open,9.4,E-0107,5,true,Redwood Health 100,Healthcare,Small Business,Southeast,Noah Carter,Felix Collins
CB-CS-000086,CB-BA-00102,2025-03-24,Statement Request,Email,Closed,16.0,E-0099,1,false,Granite Partners 102,Agriculture,Middle Market,Pacific,Julian Collins,Owen Carter
CB-CS-000087,CB-BA-00102,2026-01-18,sFTP Connectivity,Portal,Open,3.5,E-0066,3,false,Granite Partners 102,Agriculture,Middle Market,Pacific,Julian Collins,Henry Taylor
CB-CS-000088,CB-BA-00102,2026-08-30,Wire Inquiry,Phone,Escalated,17.9,E-0138,,false,Granite Partners 102,Agriculture,Middle Market,Pacific,Julian Collins,Sara Brown
CB-CS-000089,CB-BA-00103,2026-01-01,Statement Request,Chat,Open,14.2,E-0129,,false,Keystone Group 103,Hospitality,Middle Market,Mountain West,Noah Carter,Aisha Silva
CB-CS-000090,CB-BA-00104,2025-08-31,ACH File Rejection,Chat,Open,15.6,E-0103,5,false,Keystone Logistics 104,Retail,Middle Market,Pacific,Layla Carter,Julian Taylor
CB-CS-000091,CB-BA-00105,2024-09-18,Statement Request,Chat,Closed,18.2,E-0083,5,true,Summit Foods 105,Retail,Middle Market,Pacific,Sofia Bailey,Owen Kim
CB-CS-000092,CB-BA-00105,2025-10-26,Statement Request,Portal,Closed,54.8,E-0135,,false,Summit Foods 105,Retail,Middle Market,Pacific,Sofia Bailey,Ines Collins
CB-CS-000093,CB-BA-00105,2025-06-07,ACH File Rejection,Email,Closed,7.9,E-0081,2,true,Summit Foods 105,Retail,Middle Market,Pacific,Sofia Bailey,Daniel Chen
CB-CS-000094,CB-BA-00106,2024-10-09,sFTP Connectivity,Portal,Closed,30.9,E-0062,,false,Granite Group 106,Agriculture,Middle Market,Southeast,Maya Ashford,Mateo Carter
CB-CS-000095,CB-BA-00110,2026-07-21,ACH File Rejection,Portal,Closed,13.7,E-0140,,true,Summit Logistics 110,Construction,Small Business,Mountain West,Iris Clark,Mateo Baker
CB-CS-000096,CB-BA-00110,2026-02-14,sFTP Connectivity,Chat,Closed,10.4,E-0090,,false,Summit Logistics 110,Construction,Small Business,Mountain West,Iris Clark,Grace Parker
CB-CS-000097,CB-BA-00111,2024-09-16,Access Management,Chat,Open,4.6,E-0069,3,false,PayCadence Group 111,Technology,Middle Market,Southeast,Rosa Miller,Aisha Jackson
CB-CS-000098,CB-BA-00111,2025-04-29,sFTP Connectivity,Phone,Closed,12.1,E-0113,,true,PayCadence Group 111,Technology,Middle Market,Southeast,Rosa Miller,Priya Stewart
CB-CS-000099,CB-BA-00111,2024-09-11,sFTP Connectivity,Portal,Closed,12.1,E-0139,5,true,PayCadence Group 111,Technology,Middle Market,Southeast,Rosa Miller,Julian Green
CB-CS-000100,CB-BA-00114,2026-04-27,Access Management,Email,Closed,25.0,E-0105,4,true,Ironwood Group 114,Manufacturing,Middle Market,Midwest,Noah Carter,Isabella Clark
CB-CS-000101,CB-BA-00115,2025-01-10,ACH File Rejection,Portal,Open,10.9,E-0104,4,true,Summit Builders 115,Healthcare,Small Business,Mountain West,Grace Bailey,Sara Thomas
CB-CS-000102,CB-BA-00115,2025-01-02,Access Management,Portal,Closed,6.4,E-0131,2,false,Summit Builders 115,Healthcare,Small Business,Mountain West,Grace Bailey,Jamal Green
CB-CS-000103,CB-BA-00116,2026-01-05,ACH File Rejection,Email,Escalated,11.2,E-0139,4,false,Ironwood Logistics 116,Agriculture,Small Business,Mountain West,Priya Martinez,Julian Green
CB-CS-000104,CB-BA-00117,2026-01-05,sFTP Connectivity,Email,Escalated,11.3,E-0103,1,true,Keystone Group 117,Construction,Middle Market,Southeast,Layla Carter,Julian Taylor
CB-CS-000105,CB-BA-00120,2026-01-26,sFTP Connectivity,Email,Escalated,11.4,E-0096,,false,Harbor Builders 120,Agriculture,Small Business,Pacific,Sofia Bailey,Derek Okafor
CB-CS-000106,CB-BA-00120,2026-03-04,sFTP Connectivity,Phone,Closed,21.4,E-0097,,false,Harbor Builders 120,Agriculture,Small Business,Pacific,Sofia Bailey,Wei Nelson
CB-CS-000107,CB-BA-00124,2026-02-08,ACH File Rejection,Email,Escalated,7.9,E-0070,,false,Granite Foods 124,Agriculture,Small Business,Midwest,Fatima Okafor,Ravi Anderson
CB-CS-000108,CB-BA-00124,2024-12-15,Wire Inquiry,Chat,Escalated,21.0,E-0116,3,false,Granite Foods 124,Agriculture,Small Business,Midwest,Fatima Okafor,Henry Lewis
CB-CS-000109,CB-BA-00125,2024-11-18,Access Management,Email,Closed,15.1,E-0134,,true,Granite Builders 125,Manufacturing,Small Business,Pacific,Hannah Roberts,Chloe Thomas
CB-CS-000110,CB-BA-00130,2026-07-27,Access Management,Chat,Open,11.5,E-0082,,false,Northwind Holdings 130,Professional Services,Middle Market,Southeast,Hannah Roberts,Ines Ashford
CB-CS-000111,CB-BA-00131,2025-01-15,Statement Request,Email,Escalated,13.8,E-0072,,true,Keystone Health 131,Professional Services,Small Business,Mountain West,Noah Nelson,Amara Nguyen
CB-CS-000112,CB-BA-00134,2025-11-06,sFTP Connectivity,Phone,Closed,41.8,E-0096,4,false,Keystone Group 134,Professional Services,Middle Market,Northeast,Fatima Okafor,Derek Okafor
CB-CS-000113,CB-BA-00134,2026-06-21,Access Management,Phone,Escalated,55.4,E-0124,,true,Keystone Group 134,Professional Services,Middle Market,Northeast,Fatima Okafor,Kenji Hall
CB-CS-000114,CB-BA-00134,2025-11-20,Positive Pay Exception,Chat,Closed,8.0,E-0093,,false,Keystone Group 134,Professional Services,Middle Market,Northeast,Fatima Okafor,Ethan Vaughn
CB-CS-000115,CB-BA-00136,2026-07-08,ACH File Rejection,Portal,Closed,58.0,E-0063,,true,Redwood Holdings 136,Retail,Middle Market,Midwest,Fatima Okafor,Zara Phillips
CB-CS-000116,CB-BA-00138,2026-06-23,Wire Inquiry,Email,Escalated,24.4,E-0079,2,false,Redwood Industries 138,Logistics,Middle Market,Pacific,Iris Clark,Rosa Lopez
CB-CS-000117,CB-BA-00140,2024-12-27,Positive Pay Exception,Portal,Open,14.6,E-0083,1,false,Redwood Holdings 140,Manufacturing,Small Business,Southeast,Grace Martinez,Owen Kim
CB-CS-000118,CB-BA-00141,2025-04-07,Positive Pay Exception,Phone,Closed,18.6,E-0133,,false,Northwind Builders 141,Hospitality,Middle Market,Mountain West,Noah Nelson,Yuki Baker
CB-CS-000119,CB-BA-00141,2025-01-27,Access Management,Phone,Closed,14.2,E-0140,,true,Northwind Builders 141,Hospitality,Middle Market,Mountain West,Noah Nelson,Mateo Baker
CB-CS-000120,CB-BA-00142,2026-07-25,ACH File Rejection,Portal,Closed,15.4,E-0102,,false,Ironwood Holdings 142,Agriculture,Middle Market,Pacific,Iris Clark,Ravi Walker
CB-CS-000121,CB-BA-00142,2025-05-27,Statement Request,Phone,Closed,10.3,E-0106,4,false,Ironwood Holdings 142,Agriculture,Middle Market,Pacific,Iris Clark,Carlos Lewis
CB-CS-000122,CB-BA-00146,2024-09-22,Wire Inquiry,Portal,Closed,5.8,E-0115,,false,PayCadence Logistics 146,Retail,Middle Market,Southeast,Hannah Roberts,Olivia Young
CB-CS-000123,CB-BA-00148,2026-01-25,sFTP Connectivity,Email,Escalated,30.1,E-0085,,true,Summit Health 148,Hospitality,Corporate,Pacific,Luis Ashford,Amara Nguyen
CB-CS-000124,CB-BA-00148,2025-07-25,ACH File Rejection,Email,Escalated,15.3,E-0094,2,true,Summit Health 148,Hospitality,Corporate,Pacific,Luis Ashford,Jamal Wilson
CB-CS-000125,CB-BA-00150,2025-01-19,Access Management,Email,Open,17.8,E-0073,,false,PayCadence Systems 150,Manufacturing,Small Business,Northeast,Luis Silva,Daniel Nguyen
CB-CS-000126,CB-BA-00153,2026-04-29,Statement Request,Chat,Closed,10.2,E-0095,2,false,Northwind Builders 153,Professional Services,Small Business,Southeast,Fatima Okafor,Chloe Turner
CB-CS-000127,CB-BA-00154,2025-07-30,Positive Pay Exception,Chat,Escalated,5.3,E-0130,2,true,Granite Health 154,Agriculture,Small Business,Midwest,Noah Carter,Diego Miller
CB-CS-000128,CB-BA-00154,2024-09-24,ACH File Rejection,Phone,Closed,31.9,E-0075,,false,Granite Health 154,Agriculture,Small Business,Midwest,Noah Carter,Naomi Campbell
CB-CS-000129,CB-BA-00157,2025-09-14,Access Management,Portal,Closed,6.3,E-0086,5,false,Keystone Partners 157,Agriculture,Middle Market,Midwest,Noah Carter,Julian Collins
CB-CS-000130,CB-BA-00158,2026-05-04,Statement Request,Phone,Closed,20.0,E-0073,,false,Granite Partners 158,Retail,Small Business,Northeast,Luis Ashford,Daniel Nguyen
CB-CS-000131,CB-BA-00158,2025-02-15,ACH File Rejection,Email,Open,18.8,E-0133,,true,Granite Partners 158,Retail,Small Business,Northeast,Luis Ashford,Yuki Baker
CB-CS-000132,CB-BA-00160,2026-01-27,Wire Inquiry,Email,Escalated,7.3,E-0139,,false,PayCadence Systems 160,Hospitality,Small Business,Pacific,Sofia Bailey,Julian Green
CB-CS-000133,CB-BA-00162,2026-08-17,Statement Request,Phone,Escalated,26.1,E-0108,1,false,Northwind Group 162,Retail,Corporate,Southeast,Tom Silva,Leo Adams
CB-CS-000134,CB-BA-00162,2024-09-19,ACH File Rejection,Portal,Escalated,38.2,E-0111,,false,Northwind Group 162,Retail,Corporate,Southeast,Tom Silva,Nora Young
CB-CS-000135,CB-BA-00165,2026-05-23,ACH File Rejection,Chat,Open,11.3,E-0079,1,false,Granite Foods 165,Technology,Small Business,Northeast,Iris Kim,Rosa Lopez
CB-CS-000136,CB-BA-00166,2024-11-19,ACH File Rejection,Chat,Open,17.7,E-0106,2,true,Redwood Partners 166,Technology,Middle Market,Midwest,Layla Carter,Carlos Lewis
CB-CS-000137,CB-BA-00166,2025-12-10,Wire Inquiry,Chat,Open,6.3,E-0086,,false,Redwood Partners 166,Technology,Middle Market,Midwest,Layla Carter,Julian Collins
CB-CS-000138,CB-BA-00166,2026-03-07,ACH File Rejection,Chat,Closed,7.2,E-0065,,false,Redwood Partners 166,Technology,Middle Market,Midwest,Layla Carter,Olivia Lopez
CB-CS-000139,CB-BA-00167,2024-10-14,Access Management,Phone,Escalated,24.9,E-0105,,false,Northwind Logistics 167,Healthcare,Middle Market,Southeast,Maya Ashford,Isabella Clark
CB-CS-000140,CB-BA-00168,2025-11-28,Statement Request,Chat,Closed,20.8,E-0065,1,false,Bluewater Builders 168,Logistics,Corporate,Mountain West,Julian Collins,Olivia Lopez
CB-CS-000141,CB-BA-00169,2024-11-08,Wire Inquiry,Email,Closed,27.0,E-0103,,false,PayCadence Partners 169,Construction,Middle Market,Southeast,Iris Allen,Julian Taylor
CB-CS-000142,CB-BA-00170,2025-01-21,ACH File Rejection,Portal,Open,54.5,E-0119,,false,Granite Systems 170,Hospitality,Small Business,Midwest,Priya Martinez,Yuki Morris
CB-CS-000143,CB-BA-00172,2025-05-25,Wire Inquiry,Chat,Escalated,38.9,E-0104,,true,PayCadence Holdings 172,Construction,Corporate,Mountain West,Iris Kim,Sara Thomas
CB-CS-000144,CB-BA-00173,2024-11-15,Positive Pay Exception,Chat,Escalated,6.1,E-0070,,false,Northwind Builders 173,Logistics,Small Business,Southeast,Layla Carter,Ravi Anderson
CB-CS-000145,CB-BA-00174,2024-10-19,sFTP Connectivity,Email,Closed,17.1,E-0131,4,false,Keystone Group 174,Logistics,Small Business,Southeast,Iris Allen,Jamal Green
CB-CS-000146,CB-BA-00174,2024-10-16,sFTP Connectivity,Phone,Escalated,14.1,E-0116,1,false,Keystone Group 174,Logistics,Small Business,Southeast,Iris Allen,Henry Lewis
CB-CS-000147,CB-BA-00176,2026-03-04,sFTP Connectivity,Phone,Closed,15.9,E-0065,2,false,Northwind Partners 176,Construction,Small Business,Mountain West,Leo King,Olivia Lopez
CB-CS-000148,CB-BA-00176,2025-11-17,Statement Request,Chat,Closed,47.1,E-0064,5,false,Northwind Partners 176,Construction,Small Business,Mountain West,Leo King,Hannah Miller
CB-CS-000149,CB-BA-00178,2026-02-09,Statement Request,Email,Open,16.6,E-0082,3,true,Northwind Builders 178,Construction,Small Business,Pacific,Noah Carter,Ines Ashford
CB-CS-000150,CB-BA-00178,2026-03-02,sFTP Connectivity,Email,Closed,13.9,E-0065,2,true,Northwind Builders 178,Construction,Small Business,Pacific,Noah Carter,Olivia Lopez
CB-CS-000151,CB-BA-00178,2025-08-24,sFTP Connectivity,Portal,Escalated,30.0,E-0133,,true,Northwind Builders 178,Construction,Small Business,Pacific,Noah Carter,Yuki Baker
CB-CS-000152,CB-BA-00179,2026-07-16,Statement Request,Chat,Closed,5.7,E-0092,2,false,Northwind Holdings 179,Manufacturing,Middle Market,Pacific,Luis Silva,Chloe Thomas
CB-CS-000153,CB-BA-00180,2026-02-22,Statement Request,Phone,Escalated,8.0,E-0097,1,false,Harbor Holdings 180,Healthcare,Small Business,Pacific,Luis Silva,Wei Nelson
CB-CS-000154,CB-BA-00180,2024-09-09,Wire Inquiry,Phone,Open,22.8,E-0102,,false,Harbor Holdings 180,Healthcare,Small Business,Pacific,Luis Silva,Ravi Walker
CB-CS-000155,CB-BA-00180,2024-10-09,ACH File Rejection,Chat,Escalated,5.7,E-0112,,true,Harbor Holdings 180,Healthcare,Small Business,Pacific,Luis Silva,Amara Patel
CB-CS-000156,CB-BA-00182,2025-06-18,Positive Pay Exception,Email,Open,7.8,E-0086,,false,Ironwood Holdings 182,Healthcare,Middle Market,Midwest,Grace Martinez,Julian Collins
CB-CS-000157,CB-BA-00183,2026-08-01,ACH File Rejection,Phone,Closed,12.1,E-0093,5,false,Keystone Health 183,Agriculture,Small Business,Pacific,Leo King,Ethan Vaughn
CB-CS-000158,CB-BA-00185,2025-12-17,Wire Inquiry,Chat,Closed,12.9,E-0067,,false,Bluewater Health 185,Professional Services,Middle Market,Pacific,Rosa Miller,Lauren Allen
CB-CS-000159,CB-BA-00186,2024-09-17,Wire Inquiry,Chat,Closed,17.7,E-0082,3,false,PayCadence Logistics 186,Technology,Corporate,Pacific,Owen Okafor,Ines Ashford
CB-CS-000160,CB-BA-00187,2025-03-06,Positive Pay Exception,Portal,Open,12.5,E-0093,,true,Harbor Foods 187,Hospitality,Corporate,Southeast,Fatima Patel,Ethan Vaughn
CB-CS-000161,CB-BA-00187,2026-06-27,sFTP Connectivity,Phone,Open,10.9,E-0122,1,false,Harbor Foods 187,Hospitality,Corporate,Southeast,Fatima Patel,Henry Kim
CB-CS-000162,CB-BA-00189,2026-03-24,Wire Inquiry,Email,Closed,74.4,E-0083,4,true,Summit Group 189,Agriculture,Middle Market,Southeast,Sofia Bailey,Owen Kim
CB-CS-000163,CB-BA-00190,2026-07-23,Access Management,Email,Closed,10.9,E-0078,1,false,Granite Industries 190,Technology,Small Business,Mountain West,Iris Kim,Jonathan Bailey
CB-CS-000164,CB-BA-00190,2024-09-29,Access Management,Portal,Closed,8.4,E-0078,1,false,Granite Industries 190,Technology,Small Business,Mountain West,Iris Kim,Jonathan Bailey
CB-CS-000165,CB-BA-00190,2024-11-18,sFTP Connectivity,Portal,Closed,18.3,E-0131,3,true,Granite Industries 190,Technology,Small Business,Mountain West,Iris Kim,Jamal Green
CB-CS-000166,CB-BA-00191,2025-10-19,sFTP Connectivity,Chat,Open,4.1,E-0119,,false,Summit Partners 191,Manufacturing,Middle Market,Northeast,Noah Nelson,Yuki Morris
CB-CS-000167,CB-BA-00191,2025-01-11,Statement Request,Portal,Closed,10.8,E-0132,5,true,Summit Partners 191,Manufacturing,Middle Market,Northeast,Noah Nelson,Naomi Lewis
CB-CS-000168,CB-BA-00194,2026-06-28,sFTP Connectivity,Portal,Closed,6.5,E-0113,5,true,Northwind Health 194,Technology,Small Business,Midwest,Sofia Bailey,Priya Stewart
CB-CS-000169,CB-BA-00194,2025-06-06,Wire Inquiry,Phone,Escalated,15.0,E-0073,,false,Northwind Health 194,Technology,Small Business,Midwest,Sofia Bailey,Daniel Nguyen
CB-CS-000170,CB-BA-00196,2026-06-18,Positive Pay Exception,Portal,Closed,9.5,E-0073,5,false,Keystone Partners 196,Construction,Middle Market,Midwest,Owen Okafor,Daniel Nguyen
CB-CS-000171,CB-BA-00197,2024-11-17,sFTP Connectivity,Chat,Closed,16.6,E-0062,,false,Summit Health 197,Manufacturing,Middle Market,Northeast,Maya Ashford,Mateo Carter
CB-CS-000172,CB-BA-00197,2025-09-15,Positive Pay Exception,Chat,Closed,4.3,E-0085,5,true,Summit Health 197,Manufacturing,Middle Market,Northeast,Maya Ashford,Amara Nguyen
CB-CS-000173,CB-BA-00200,2025-02-19,sFTP Connectivity,Email,Closed,14.4,E-0127,1,true,Granite Health 200,Agriculture,Small Business,Northeast,Mei Hall,Luis Hall
CB-CS-000174,CB-BA-00201,2026-03-02,sFTP Connectivity,Portal,Closed,45.3,E-0078,,false,Keystone Industries 201,Agriculture,Small Business,Southeast,Priya Martinez,Jonathan Bailey
CB-CS-000175,CB-BA-00201,2025-09-14,ACH File Rejection,Portal,Open,12.2,E-0072,,false,Keystone Industries 201,Agriculture,Small Business,Southeast,Priya Martinez,Amara Nguyen
CB-CS-000176,CB-BA-00202,2025-05-29,Positive Pay Exception,Phone,Closed,13.3,E-0084,,false,Granite Partners 202,Hospitality,Small Business,Northeast,Noah Nelson,Jonathan Jackson
CB-CS-000177,CB-BA-00204,2025-02-06,ACH File Rejection,Email,Closed,14.1,E-0105,3,true,Ironwood Health 204,Hospitality,Small Business,Pacific,Priya Martinez,Isabella Clark
CB-CS-000178,CB-BA-00205,2025-10-06,Statement Request,Chat,Escalated,8.5,E-0099,,false,Bluewater Industries 205,Professional Services,Small Business,Mountain West,Fatima Patel,Owen Carter
CB-CS-000179,CB-BA-00209,2025-01-08,Positive Pay Exception,Phone,Closed,3.3,E-0129,1,false,Bluewater Systems 209,Construction,Small Business,Midwest,Priya Martinez,Aisha Silva
CB-CS-000180,CB-BA-00209,2025-08-29,sFTP Connectivity,Email,Open,14.9,E-0115,1,false,Bluewater Systems 209,Construction,Small Business,Midwest,Priya Martinez,Olivia Young
CB-CS-000181,CB-BA-00213,2026-04-18,sFTP Connectivity,Phone,Closed,38.4,E-0092,2,false,Northwind Holdings 213,Retail,Small Business,Mountain West,Iris Kim,Chloe Thomas
CB-CS-000182,CB-BA-00214,2025-07-11,Wire Inquiry,Phone,Escalated,6.1,E-0095,,true,Ironwood Group 214,Construction,Corporate,Mountain West,Leo King,Chloe Turner
CB-CS-000183,CB-BA-00215,2026-05-04,Wire Inquiry,Chat,Closed,9.9,E-0074,5,false,Redwood Health 215,Construction,Small Business,Mountain West,Leo King,Luis Anderson
CB-CS-000184,CB-BA-00215,2025-07-25,Positive Pay Exception,Portal,Closed,8.3,E-0105,,false,Redwood Health 215,Construction,Small Business,Mountain West,Leo King,Isabella Clark
CB-CS-000185,CB-BA-00215,2026-03-05,Statement Request,Chat,Closed,7.7,E-0084,5,false,Redwood Health 215,Construction,Small Business,Mountain West,Leo King,Jonathan Jackson
CB-CS-000186,CB-BA-00216,2026-04-06,Access Management,Portal,Closed,9.8,E-0075,1,true,Ironwood Builders 216,Logistics,Small Business,Southeast,Hannah Roberts,Naomi Campbell
CB-CS-000187,CB-BA-00218,2026-02-03,Statement Request,Phone,Closed,12.7,E-0105,4,false,PayCadence Foods 218,Manufacturing,Small Business,Pacific,Nina Scott,Isabella Clark
CB-CS-000188,CB-BA-00219,2026-03-03,sFTP Connectivity,Portal,Closed,5.8,E-0110,,false,Granite Partners 219,Manufacturing,Small Business,Midwest,Hannah Young,Henry Hall
CB-CS-000189,CB-BA-00220,2025-08-28,ACH File Rejection,Portal,Escalated,72.1,E-0066,,false,Bluewater Logistics 220,Agriculture,Small Business,Northeast,Rosa Miller,Henry Taylor
CB-CS-000190,CB-BA-00220,2024-12-20,sFTP Connectivity,Portal,Open,37.6,E-0119,4,true,Bluewater Logistics 220,Agriculture,Small Business,Northeast,Rosa Miller,Yuki Morris
CB-CS-000191,CB-BA-00223,2024-09-06,Wire Inquiry,Chat,Closed,14.9,E-0074,1,false,Keystone Health 223,Retail,Middle Market,Pacific,Maya Ashford,Luis Anderson
CB-CS-000192,CB-BA-00224,2024-09-30,Access Management,Phone,Closed,11.7,E-0137,3,false,Granite Partners 224,Hospitality,Small Business,Pacific,Leo King,Derek Harris
CB-CS-000193,CB-BA-00227,2026-06-16,Wire Inquiry,Portal,Open,16.7,E-0110,,false,Ironwood Holdings 227,Retail,Small Business,Mountain West,Wei Thomas,Henry Hall
CB-CS-000194,CB-BA-00229,2024-09-19,Wire Inquiry,Email,Escalated,16.5,E-0125,5,true,Granite Holdings 229,Technology,Middle Market,Northeast,Rosa Miller,Fatima Lopez
CB-CS-000195,CB-BA-00229,2025-10-14,Statement Request,Email,Open,9.9,E-0081,,false,Granite Holdings 229,Technology,Middle Market,Northeast,Rosa Miller,Daniel Chen
CB-CS-000196,CB-BA-00230,2025-12-12,sFTP Connectivity,Portal,Escalated,7.6,E-0076,2,true,PayCadence Builders 230,Professional Services,Middle Market,Pacific,Julian Collins,Nora King
CB-CS-000197,CB-BA-00231,2025-10-22,Statement Request,Chat,Closed,18.3,E-0118,3,false,Redwood Group 231,Healthcare,Middle Market,Southeast,Hannah Young,Olivia Silva
CB-CS-000198,CB-BA-00234,2025-08-13,Wire Inquiry,Chat,Closed,19.6,E-0087,,false,Redwood Partners 234,Agriculture,Middle Market,Northeast,Iris Allen,Grace Garcia
CB-CS-000199,CB-BA-00234,2024-09-06,Statement Request,Portal,Open,34.4,E-0079,,false,Redwood Partners 234,Agriculture,Middle Market,Northeast,Iris Allen,Rosa Lopez
CB-CS-000200,CB-BA-00237,2026-07-29,sFTP Connectivity,Chat,Closed,11.0,E-0072,5,false,Ironwood Health 237,Agriculture,Corporate,Northeast,Mei Hall,Amara Nguyen
CB-CS-000201,CB-BA-00237,2025-08-01,Wire Inquiry,Chat,Closed,17.9,E-0115,1,false,Ironwood Health 237,Agriculture,Corporate,Northeast,Mei Hall,Olivia Young
CB-CS-000202,CB-BA-00238,2025-02-21,Access Management,Phone,Closed,14.9,E-0117,,true,Bluewater Builders 238,Healthcare,Middle Market,Pacific,Iris Allen,Diego Parker
CB-CS-000203,CB-BA-00240,2025-11-22,Statement Request,Chat,Closed,29.4,E-0076,,true,Summit Group 240,Retail,Corporate,Pacific,Iris Allen,Nora King
CB-CS-000204,CB-BA-00240,2026-02-21,Wire Inquiry,Phone,Escalated,43.0,E-0065,,true,Summit Group 240,Retail,Corporate,Pacific,Iris Allen,Olivia Lopez
CB-CS-000205,CB-BA-00241,2026-06-03,Wire Inquiry,Phone,Closed,7.7,E-0110,1,false,Summit Partners 241,Construction,Small Business,Mountain West,Leo King,Henry Hall
CB-CS-000206,CB-BA-00244,2026-07-23,Statement Request,Chat,Open,8.1,E-0134,1,false,Granite Group 244,Manufacturing,Small Business,Southeast,Wei Thomas,Chloe Thomas
CB-CS-000207,CB-BA-00245,2026-02-17,Access Management,Chat,Escalated,10.8,E-0138,3,false,Harbor Industries 245,Professional Services,Middle Market,Northeast,Maya Ashford,Sara Brown
CB-CS-000208,CB-BA-00246,2025-10-24,sFTP Connectivity,Chat,Closed,23.9,E-0083,1,false,PayCadence Logistics 246,Hospitality,Small Business,Mountain West,Priya Martinez,Owen Kim
CB-CS-000209,CB-BA-00246,2025-10-01,sFTP Connectivity,Email,Open,23.3,E-0066,4,false,PayCadence Logistics 246,Hospitality,Small Business,Mountain West,Priya Martinez,Henry Taylor
CB-CS-000210,CB-BA-00246,2026-03-14,Wire Inquiry,Email,Closed,9.6,E-0107,,false,PayCadence Logistics 246,Hospitality,Small Business,Mountain West,Priya Martinez,Felix Collins
CB-CS-000211,CB-BA-00247,2026-08-01,Access Management,Portal,Closed,91.9,E-0120,,false,Northwind Builders 247,Logistics,Small Business,Southeast,Iris Allen,Ethan Garcia
CB-CS-000212,CB-BA-00247,2024-11-01,ACH File Rejection,Email,Closed,12.4,E-0139,3,true,Northwind Builders 247,Logistics,Small Business,Southeast,Iris Allen,Julian Green
CB-CS-000213,CB-BA-00247,2026-08-27,Statement Request,Phone,Closed,19.8,E-0102,4,false,Northwind Builders 247,Logistics,Small Business,Southeast,Iris Allen,Ravi Walker
CB-CS-000214,CB-BA-00248,2025-10-07,Positive Pay Exception,Phone,Closed,17.9,E-0077,1,false,Granite Health 248,Retail,Middle Market,Midwest,Hannah Roberts,Priya Roberts
CB-CS-000215,CB-BA-00248,2024-09-19,Wire Inquiry,Chat,Closed,6.1,E-0099,,true,Granite Health 248,Retail,Middle Market,Midwest,Hannah Roberts,Owen Carter
CB-CS-000216,CB-BA-00249,2024-09-26,Statement Request,Chat,Open,13.0,E-0097,2,true,Bluewater Logistics 249,Construction,Small Business,Pacific,Luis Silva,Wei Nelson
CB-CS-000217,CB-BA-00249,2026-01-11,sFTP Connectivity,Chat,Escalated,27.2,E-0084,,false,Bluewater Logistics 249,Construction,Small Business,Pacific,Luis Silva,Jonathan Jackson
CB-CS-000218,CB-BA-00251,2025-11-04,sFTP Connectivity,Phone,Open,12.8,E-0127,4,false,PayCadence Logistics 251,Agriculture,Small Business,Midwest,Layla Carter,Luis Hall
CB-CS-000219,CB-BA-00255,2025-07-04,Access Management,Email,Closed,11.1,E-0124,3,false,Bluewater Holdings 255,Manufacturing,Middle Market,Midwest,Owen Okafor,Kenji Hall
CB-CS-000220,CB-BA-00255,2025-10-26,Wire Inquiry,Chat,Closed,8.9,E-0118,5,true,Bluewater Holdings 255,Manufacturing,Middle Market,Midwest,Owen Okafor,Olivia Silva
CB-CS-000221,CB-BA-00256,2026-03-23,Positive Pay Exception,Portal,Escalated,15.6,E-0072,,false,Redwood Health 256,Technology,Middle Market,Northeast,Owen Okafor,Amara Nguyen
CB-CS-000222,CB-BA-00256,2025-09-28,ACH File Rejection,Phone,Closed,16.8,E-0080,,false,Redwood Health 256,Technology,Middle Market,Northeast,Owen Okafor,Kenji Evans
CB-CS-000223,CB-BA-00256,2025-10-30,Access Management,Phone,Escalated,13.0,E-0077,3,false,Redwood Health 256,Technology,Middle Market,Northeast,Owen Okafor,Priya Roberts
CB-CS-000224,CB-BA-00257,2025-03-16,Wire Inquiry,Portal,Closed,19.7,E-0128,3,true,Keystone Foods 257,Agriculture,Small Business,Mountain West,Rosa Miller,Olivia Wilson
CB-CS-000225,CB-BA-00258,2026-08-18,ACH File Rejection,Portal,Closed,28.2,E-0113,,false,PayCadence Logistics 258,Healthcare,Small Business,Northeast,Fatima Okafor,Priya Stewart
CB-CS-000226,CB-BA-00261,2025-05-05,sFTP Connectivity,Phone,Closed,8.7,E-0091,2,false,Summit Partners 261,Logistics,Middle Market,Pacific,Luis Silva,Mei Davis
CB-CS-000227,CB-BA-00261,2025-04-30,Statement Request,Portal,Closed,43.4,E-0069,1,false,Summit Partners 261,Logistics,Middle Market,Pacific,Luis Silva,Aisha Jackson
CB-CS-000228,CB-BA-00262,2025-03-15,sFTP Connectivity,Chat,Open,16.7,E-0139,,false,Redwood Partners 262,Manufacturing,Middle Market,Southeast,Fatima Okafor,Julian Green
CB-CS-000229,CB-BA-00263,2024-09-08,Statement Request,Email,Open,58.0,E-0061,5,false,Summit Health 263,Technology,Middle Market,Southeast,Sofia Bailey,Leo Okafor
CB-CS-000230,CB-BA-00263,2026-04-08,Access Management,Phone,Escalated,84.2,E-0137,,true,Summit Health 263,Technology,Middle Market,Southeast,Sofia Bailey,Derek Harris
CB-CS-000231,CB-BA-00265,2025-02-16,Positive Pay Exception,Chat,Open,9.5,E-0108,,true,Granite Health 265,Logistics,Corporate,Mountain West,Mei Hall,Leo Adams
CB-CS-000232,CB-BA-00266,2024-09-08,Access Management,Phone,Closed,12.0,E-0067,5,false,Redwood Foods 266,Logistics,Small Business,Mountain West,Luis Ashford,Lauren Allen
CB-CS-000233,CB-BA-00266,2025-11-09,Statement Request,Portal,Closed,13.9,E-0130,,false,Redwood Foods 266,Logistics,Small Business,Mountain West,Luis Ashford,Diego Miller
CB-CS-000234,CB-BA-00268,2025-01-19,Wire Inquiry,Chat,Open,10.9,E-0093,,false,Keystone Logistics 268,Hospitality,Middle Market,Northeast,Iris Kim,Ethan Vaughn
CB-CS-000235,CB-BA-00268,2025-11-19,ACH File Rejection,Phone,Closed,16.4,E-0080,,false,Keystone Logistics 268,Hospitality,Middle Market,Northeast,Iris Kim,Kenji Evans
CB-CS-000236,CB-BA-00272,2026-06-16,Access Management,Email,Escalated,18.8,E-0093,2,false,Summit Health 272,Hospitality,Middle Market,Northeast,Nina Scott,Ethan Vaughn
CB-CS-000237,CB-BA-00272,2025-03-05,sFTP Connectivity,Chat,Open,23.8,E-0113,3,false,Summit Health 272,Hospitality,Middle Market,Northeast,Nina Scott,Priya Stewart
CB-CS-000238,CB-BA-00272,2025-05-30,sFTP Connectivity,Chat,Closed,12.8,E-0122,,false,Summit Health 272,Hospitality,Middle Market,Northeast,Nina Scott,Henry Kim
CB-CS-000239,CB-BA-00273,2025-03-27,Positive Pay Exception,Portal,Closed,19.8,E-0106,1,false,Northwind Logistics 273,Construction,Small Business,Southeast,Grace Martinez,Carlos Lewis
CB-CS-000240,CB-BA-00273,2024-10-07,Access Management,Portal,Closed,16.7,E-0111,,false,Northwind Logistics 273,Construction,Small Business,Southeast,Grace Martinez,Nora Young
CB-CS-000241,CB-BA-00278,2025-08-27,Access Management,Email,Open,8.8,E-0066,,true,Meridian Foods 278,Logistics,Small Business,Northeast,Owen Okafor,Henry Taylor
CB-CS-000242,CB-BA-00278,2025-01-22,ACH File Rejection,Portal,Closed,21.3,E-0106,,false,Meridian Foods 278,Logistics,Small Business,Northeast,Owen Okafor,Carlos Lewis
CB-CS-000243,CB-BA-00279,2024-09-25,Wire Inquiry,Phone,Closed,15.0,E-0133,,false,Harbor Systems 279,Manufacturing,Corporate,Midwest,Sofia Bailey,Yuki Baker
CB-CS-000244,CB-BA-00281,2025-03-04,Statement Request,Portal,Open,4.6,E-0061,,false,Meridian Systems 281,Technology,Middle Market,Midwest,Sofia Bailey,Leo Okafor
CB-CS-000245,CB-BA-00281,2025-05-29,Positive Pay Exception,Email,Closed,37.7,E-0125,,false,Meridian Systems 281,Technology,Middle Market,Midwest,Sofia Bailey,Fatima Lopez
CB-CS-000246,CB-BA-00283,2026-02-28,sFTP Connectivity,Chat,Escalated,33.0,E-0122,3,false,Harbor Group 283,Logistics,Middle Market,Mountain West,Grace Martinez,Henry Kim
CB-CS-000247,CB-BA-00285,2026-08-05,ACH File Rejection,Portal,Closed,7.1,E-0092,,false,Bluewater Partners 285,Manufacturing,Small Business,Mountain West,Sofia Bailey,Chloe Thomas
CB-CS-000248,CB-BA-00293,2025-03-06,Access Management,Portal,Closed,14.5,E-0083,5,false,Summit Health 293,Hospitality,Middle Market,Midwest,Luis Ashford,Owen Kim
CB-CS-000249,CB-BA-00293,2026-05-02,Positive Pay Exception,Phone,Open,20.2,E-0100,,true,Summit Health 293,Hospitality,Middle Market,Midwest,Luis Ashford,Ava Johnson
CB-CS-000250,CB-BA-00294,2026-06-17,sFTP Connectivity,Portal,Closed,43.1,E-0117,,false,Bluewater Holdings 294,Construction,Corporate,Southeast,Grace Martinez,Diego Parker
CB-CS-000251,CB-BA-00294,2026-07-04,Access Management,Email,Closed,19.3,E-0097,1,false,Bluewater Holdings 294,Construction,Corporate,Southeast,Grace Martinez,Wei Nelson
CB-CS-000252,CB-BA-00295,2025-05-11,Wire Inquiry,Chat,Closed,17.3,E-0137,,false,Meridian Foods 295,Hospitality,Small Business,Northeast,Rosa Miller,Derek Harris
CB-CS-000253,CB-BA-00298,2024-10-17,Access Management,Portal,Open,18.7,E-0138,,false,Summit Holdings 298,Hospitality,Small Business,Southeast,Sofia Bailey,Sara Brown
CB-CS-000254,CB-BA-00300,2025-05-20,Wire Inquiry,Chat,Open,4.6,E-0123,,false,Granite Systems 300,Hospitality,Small Business,Pacific,Luis Ashford,Yuki Hall
CB-CS-000255,CB-BA-00301,2026-03-24,Positive Pay Exception,Portal,Closed,4.5,E-0072,4,true,PayCadence Logistics 301,Hospitality,Small Business,Pacific,Hannah Roberts,Amara Nguyen
CB-CS-000256,CB-BA-00302,2024-12-12,Statement Request,Phone,Closed,3.3,E-0140,4,true,PayCadence Holdings 302,Professional Services,Middle Market,Southeast,Owen Okafor,Mateo Baker
CB-CS-000257,CB-BA-00303,2025-04-25,Wire Inquiry,Chat,Closed,6.7,E-0081,,false,Granite Logistics 303,Retail,Middle Market,Pacific,Leo King,Daniel Chen
CB-CS-000258,CB-BA-00304,2024-09-14,sFTP Connectivity,Chat,Escalated,40.3,E-0084,,false,Meridian Foods 304,Healthcare,Small Business,Northeast,Leo King,Jonathan Jackson
CB-CS-000259,CB-BA-00305,2024-09-12,Statement Request,Phone,Closed,7.0,E-0101,2,true,Ironwood Health 305,Construction,Small Business,Pacific,Rosa Miller,Lauren Scott
CB-CS-000260,CB-BA-00305,2025-09-30,Access Management,Portal,Closed,11.6,E-0092,4,false,Ironwood Health 305,Construction,Small Business,Pacific,Rosa Miller,Chloe Thomas
CB-CS-000261,CB-BA-00305,2025-07-25,Access Management,Chat,Escalated,13.5,E-0140,,true,Ironwood Health 305,Construction,Small Business,Pacific,Rosa Miller,Mateo Baker
CB-CS-000262,CB-BA-00306,2025-09-30,Positive Pay Exception,Phone,Open,19.8,E-0108,,false,Redwood Logistics 306,Logistics,Small Business,Southeast,Sofia Bailey,Leo Adams
CB-CS-000263,CB-BA-00307,2025-01-25,Wire Inquiry,Email,Escalated,13.6,E-0092,2,false,Keystone Partners 307,Technology,Small Business,Southeast,Wei Thomas,Chloe Thomas
CB-CS-000264,CB-BA-00308,2025-01-02,Positive Pay Exception,Phone,Closed,56.9,E-0115,1,false,Redwood Logistics 308,Professional Services,Middle Market,Pacific,Noah Carter,Olivia Young
CB-CS-000265,CB-BA-00309,2026-01-21,Access Management,Portal,Closed,12.9,E-0106,,false,Harbor Builders 309,Hospitality,Middle Market,Mountain West,Noah Nelson,Carlos Lewis
CB-CS-000266,CB-BA-00311,2025-01-20,Statement Request,Portal,Open,27.0,E-0079,,false,Northwind Health 311,Logistics,Small Business,Midwest,Maya Ashford,Rosa Lopez
CB-CS-000267,CB-BA-00312,2026-05-11,Positive Pay Exception,Portal,Closed,9.6,E-0138,,false,Keystone Group 312,Retail,Small Business,Mountain West,Iris Kim,Sara Brown
CB-CS-000268,CB-BA-00312,2026-03-17,Positive Pay Exception,Chat,Open,11.5,E-0097,,false,Keystone Group 312,Retail,Small Business,Mountain West,Iris Kim,Wei Nelson
CB-CS-000269,CB-BA-00314,2026-03-25,sFTP Connectivity,Email,Closed,23.6,E-0080,2,false,PayCadence Systems 314,Manufacturing,Corporate,Midwest,Grace Bailey,Kenji Evans
CB-CS-000270,CB-BA-00315,2026-08-09,ACH File Rejection,Phone,Escalated,23.9,E-0126,,false,Summit Holdings 315,Retail,Small Business,Mountain West,Owen Okafor,Nina Morris
CB-CS-000271,CB-BA-00315,2025-03-08,Statement Request,Portal,Closed,9.0,E-0116,3,true,Summit Holdings 315,Retail,Small Business,Mountain West,Owen Okafor,Henry Lewis
CB-CS-000272,CB-BA-00316,2024-11-17,Wire Inquiry,Phone,Escalated,14.7,E-0089,,false,Harbor Industries 316,Retail,Middle Market,Midwest,Sofia Bailey,Amara Collins
CB-CS-000273,CB-BA-00317,2025-08-21,Statement Request,Chat,Escalated,19.9,E-0064,4,false,PayCadence Industries 317,Logistics,Middle Market,Midwest,Leo King,Hannah Miller
CB-CS-000274,CB-BA-00318,2025-06-22,sFTP Connectivity,Portal,Closed,7.8,E-0067,5,false,Summit Logistics 318,Manufacturing,Middle Market,Midwest,Nina Scott,Lauren Allen
CB-CS-000275,CB-BA-00320,2025-07-09,Positive Pay Exception,Phone,Open,21.1,E-0107,5,true,Meridian Industries 320,Retail,Small Business,Midwest,Rosa Miller,Felix Collins
CB-CS-000276,CB-BA-00320,2026-05-21,Wire Inquiry,Chat,Closed,20.9,E-0077,5,false,Meridian Industries 320,Retail,Small Business,Midwest,Rosa Miller,Priya Roberts
CB-CS-000277,CB-BA-00320,2026-01-10,Positive Pay Exception,Chat,Closed,13.3,E-0113,,false,Meridian Industries 320,Retail,Small Business,Midwest,Rosa Miller,Priya Stewart
CB-CS-000278,CB-BA-00321,2025-02-18,Wire Inquiry,Chat,Escalated,38.5,E-0093,2,false,Meridian Builders 321,Construction,Middle Market,Midwest,Hannah Roberts,Ethan Vaughn
CB-CS-000279,CB-BA-00322,2025-09-21,Positive Pay Exception,Email,Closed,7.8,E-0133,,false,Redwood Logistics 322,Retail,Middle Market,Mountain West,Iris Allen,Yuki Baker
CB-CS-000280,CB-BA-00327,2025-11-04,sFTP Connectivity,Phone,Escalated,8.2,E-0084,,false,Meridian Logistics 327,Logistics,Small Business,Mountain West,Sofia Bailey,Jonathan Jackson
CB-CS-000281,CB-BA-00328,2025-11-22,Wire Inquiry,Email,Escalated,5.3,E-0080,5,false,Redwood Logistics 328,Logistics,Small Business,Midwest,Luis Silva,Kenji Evans
CB-CS-000282,CB-BA-00328,2024-11-28,Access Management,Email,Closed,10.3,E-0080,,false,Redwood Logistics 328,Logistics,Small Business,Midwest,Luis Silva,Kenji Evans
CB-CS-000283,CB-BA-00328,2025-12-07,ACH File Rejection,Portal,Closed,8.7,E-0073,3,false,Redwood Logistics 328,Logistics,Small Business,Midwest,Luis Silva,Daniel Nguyen
CB-CS-000284,CB-BA-00329,2026-07-09,Statement Request,Portal,Closed,18.0,E-0067,,false,Granite Health 329,Professional Services,Middle Market,Pacific,Mei Hall,Lauren Allen
CB-CS-000285,CB-BA-00330,2024-10-04,ACH File Rejection,Portal,Closed,16.5,E-0067,,false,Granite Health 330,Professional Services,Small Business,Southeast,Tom Silva,Lauren Allen
CB-CS-000286,CB-BA-00331,2025-06-04,Access Management,Portal,Closed,4.5,E-0074,,true,PayCadence Builders 331,Construction,Corporate,Southeast,Mei Hall,Luis Anderson
CB-CS-000287,CB-BA-00333,2026-03-09,Positive Pay Exception,Phone,Closed,9.3,E-0082,,false,Meridian Industries 333,Hospitality,Small Business,Northeast,Iris Allen,Ines Ashford
CB-CS-000288,CB-BA-00333,2026-01-26,Positive Pay Exception,Phone,Closed,23.7,E-0090,4,false,Meridian Industries 333,Hospitality,Small Business,Northeast,Iris Allen,Grace Parker
CB-CS-000289,CB-BA-00334,2025-02-27,sFTP Connectivity,Email,Open,25.8,E-0084,,true,Redwood Logistics 334,Professional Services,Middle Market,Midwest,Luis Ashford,Jonathan Jackson
CB-CS-000290,CB-BA-00336,2026-06-24,Access Management,Phone,Escalated,21.9,E-0074,2,false,Bluewater Logistics 336,Hospitality,Small Business,Mountain West,Hannah Young,Luis Anderson
CB-CS-000291,CB-BA-00337,2026-05-12,Positive Pay Exception,Email,Closed,39.3,E-0131,,false,Keystone Group 337,Logistics,Small Business,Midwest,Mei Hall,Jamal Green
CB-CS-000292,CB-BA-00337,2025-03-21,sFTP Connectivity,Portal,Closed,8.4,E-0138,,false,Keystone Group 337,Logistics,Small Business,Midwest,Mei Hall,Sara Brown
CB-CS-000293,CB-BA-00338,2025-09-07,Wire Inquiry,Portal,Closed,7.8,E-0127,,false,Keystone Foods 338,Logistics,Middle Market,Mountain West,Iris Kim,Luis Hall
CB-CS-000294,CB-BA-00338,2025-12-07,Access Management,Portal,Escalated,17.5,E-0096,,false,Keystone Foods 338,Logistics,Middle Market,Mountain West,Iris Kim,Derek Okafor
CB-CS-000295,CB-BA-00339,2025-12-30,Statement Request,Email,Open,49.0,E-0085,1,false,Harbor Health 339,Agriculture,Small Business,Mountain West,Iris Kim,Amara Nguyen
CB-CS-000296,CB-BA-00340,2025-01-12,Access Management,Chat,Closed,6.8,E-0070,5,false,Summit Logistics 340,Manufacturing,Corporate,Pacific,Fatima Patel,Ravi Anderson
CB-CS-000297,CB-BA-00341,2026-05-04,ACH File Rejection,Chat,Closed,19.8,E-0075,4,false,PayCadence Systems 341,Construction,Corporate,Midwest,Rosa Miller,Naomi Campbell
CB-CS-000298,CB-BA-00341,2025-01-19,Statement Request,Portal,Escalated,16.2,E-0069,5,false,PayCadence Systems 341,Construction,Corporate,Midwest,Rosa Miller,Aisha Jackson
CB-CS-000299,CB-BA-00342,2026-07-31,sFTP Connectivity,Phone,Closed,22.3,E-0087,5,true,Redwood Group 342,Healthcare,Small Business,Southeast,Sofia Bailey,Grace Garcia
CB-CS-000300,CB-BA-00342,2026-07-31,Positive Pay Exception,Chat,Closed,17.3,E-0085,,false,Redwood Group 342,Healthcare,Small Business,Southeast,Sofia Bailey,Amara Nguyen
CB-CS-000301,CB-BA-00343,2026-02-28,sFTP Connectivity,Email,Closed,16.8,E-0090,,false,Bluewater Industries 343,Agriculture,Middle Market,Pacific,Leo King,Grace Parker
CB-CS-000302,CB-BA-00343,2026-02-10,Statement Request,Email,Escalated,20.8,E-0080,4,false,Bluewater Industries 343,Agriculture,Middle Market,Pacific,Leo King,Kenji Evans
CB-CS-000303,CB-BA-00343,2026-08-21,Access Management,Portal,Escalated,5.4,E-0098,,true,Bluewater Industries 343,Agriculture,Middle Market,Pacific,Leo King,Layla Walker
CB-CS-000304,CB-BA-00344,2025-01-06,Access Management,Portal,Escalated,7.8,E-0090,,false,Northwind Foods 344,Logistics,Small Business,Northeast,Grace Bailey,Grace Parker
CB-CS-000305,CB-BA-00345,2025-06-15,Wire Inquiry,Portal,Closed,22.5,E-0107,,true,Bluewater Holdings 345,Construction,Middle Market,Southeast,Hannah Young,Felix Collins
CB-CS-000306,CB-BA-00345,2025-09-12,Access Management,Portal,Closed,15.8,E-0084,,false,Bluewater Holdings 345,Construction,Middle Market,Southeast,Hannah Young,Jonathan Jackson
CB-CS-000307,CB-BA-00345,2025-08-05,Statement Request,Chat,Closed,15.5,E-0136,,false,Bluewater Holdings 345,Construction,Middle Market,Southeast,Hannah Young,Andre Davis
CB-CS-000308,CB-BA-00347,2025-07-23,ACH File Rejection,Phone,Closed,13.6,E-0086,2,true,PayCadence Systems 347,Professional Services,Small Business,Southeast,Grace Bailey,Julian Collins
CB-CS-000309,CB-BA-00348,2024-10-29,Wire Inquiry,Portal,Closed,9.6,E-0066,3,false,Redwood Foods 348,Healthcare,Small Business,Northeast,Maya Ashford,Henry Taylor
CB-CS-000310,CB-BA-00349,2025-12-04,Access Management,Email,Closed,5.5,E-0128,2,false,Bluewater Partners 349,Technology,Small Business,Mountain West,Hannah Roberts,Olivia Wilson
CB-CS-000311,CB-BA-00354,2024-09-11,Wire Inquiry,Email,Closed,9.3,E-0093,,false,Redwood Logistics 354,Manufacturing,Middle Market,Midwest,Priya Martinez,Ethan Vaughn
CB-CS-000312,CB-BA-00356,2024-11-02,ACH File Rejection,Email,Open,25.2,E-0131,,false,Redwood Systems 356,Retail,Small Business,Northeast,Noah Nelson,Jamal Green
CB-CS-000313,CB-BA-00357,2024-12-17,Wire Inquiry,Email,Closed,37.5,E-0101,5,true,Harbor Systems 357,Technology,Middle Market,Midwest,Rosa Miller,Lauren Scott
CB-CS-000314,CB-BA-00359,2026-07-12,Wire Inquiry,Email,Closed,17.6,E-0104,3,true,Harbor Systems 359,Logistics,Middle Market,Northeast,Owen Okafor,Sara Thomas
CB-CS-000315,CB-BA-00359,2024-09-04,Access Management,Email,Closed,11.9,E-0092,,false,Harbor Systems 359,Logistics,Middle Market,Northeast,Owen Okafor,Chloe Thomas
CB-CS-000316,CB-BA-00360,2026-06-15,Statement Request,Chat,Closed,8.1,E-0136,3,false,Redwood Industries 360,Professional Services,Corporate,Pacific,Hannah Young,Andre Davis
CB-CS-000317,CB-BA-00362,2025-02-25,Positive Pay Exception,Chat,Open,59.6,E-0074,,true,Bluewater Health 362,Manufacturing,Middle Market,Southeast,Rosa Miller,Luis Anderson
CB-CS-000318,CB-BA-00362,2025-03-10,Wire Inquiry,Chat,Open,10.4,E-0137,1,true,Bluewater Health 362,Manufacturing,Middle Market,Southeast,Rosa Miller,Derek Harris
CB-CS-000319,CB-BA-00363,2025-04-17,Wire Inquiry,Chat,Closed,27.2,E-0110,,false,Granite Foods 363,Agriculture,Middle Market,Southeast,Grace Martinez,Henry Hall
CB-CS-000320,CB-BA-00364,2024-10-04,Access Management,Email,Closed,9.4,E-0095,,false,Ironwood Systems 364,Retail,Small Business,Midwest,Iris Clark,Chloe Turner
CB-CS-000321,CB-BA-00365,2026-06-02,Statement Request,Email,Closed,17.3,E-0078,4,false,Harbor Health 365,Construction,Corporate,Southeast,Layla Carter,Jonathan Bailey
CB-CS-000322,CB-BA-00366,2025-08-13,ACH File Rejection,Portal,Open,15.7,E-0139,,false,Keystone Systems 366,Professional Services,Small Business,Northeast,Priya Martinez,Julian Green
CB-CS-000323,CB-BA-00367,2025-02-08,Positive Pay Exception,Phone,Open,14.5,E-0139,,false,Redwood Industries 367,Manufacturing,Small Business,Pacific,Priya Martinez,Julian Green
CB-CS-000324,CB-BA-00368,2026-07-21,ACH File Rejection,Portal,Closed,20.9,E-0119,3,false,Ironwood Builders 368,Retail,Middle Market,Midwest,Nina Scott,Yuki Morris
CB-CS-000325,CB-BA-00371,2026-04-28,Wire Inquiry,Chat,Open,8.5,E-0095,,true,Redwood Systems 371,Professional Services,Small Business,Southeast,Wei Thomas,Chloe Turner
CB-CS-000326,CB-BA-00372,2026-08-06,Positive Pay Exception,Chat,Closed,25.8,E-0094,,false,Redwood Group 372,Logistics,Small Business,Southeast,Layla Carter,Jamal Wilson
CB-CS-000327,CB-BA-00373,2025-02-11,ACH File Rejection,Portal,Closed,9.8,E-0125,5,false,Summit Foods 373,Retail,Small Business,Northeast,Hannah Young,Fatima Lopez
CB-CS-000328,CB-BA-00373,2025-10-26,Access Management,Portal,Closed,10.7,E-0120,,false,Summit Foods 373,Retail,Small Business,Northeast,Hannah Young,Ethan Garcia
CB-CS-000329,CB-BA-00374,2025-12-29,Wire Inquiry,Chat,Closed,21.5,E-0108,,false,Harbor Health 374,Logistics,Small Business,Northeast,Luis Ashford,Leo Adams
CB-CS-000330,CB-BA-00375,2025-11-16,sFTP Connectivity,Email,Open,7.4,E-0109,3,false,Meridian Partners 375,Manufacturing,Corporate,Southeast,Wei Thomas,Maya Miller
CB-CS-000331,CB-BA-00376,2025-06-04,Positive Pay Exception,Phone,Closed,13.7,E-0063,,false,Ironwood Builders 376,Logistics,Small Business,Mountain West,Iris Allen,Zara Phillips
CB-CS-000332,CB-BA-00378,2026-04-04,Access Management,Phone,Closed,16.6,E-0088,,false,Redwood Logistics 378,Construction,Middle Market,Midwest,Grace Martinez,Wei Collins
CB-CS-000333,CB-BA-00379,2026-03-28,Positive Pay Exception,Email,Closed,18.0,E-0119,5,true,PayCadence Industries 379,Retail,Middle Market,Northeast,Hannah Roberts,Yuki Morris
CB-CS-000334,CB-BA-00380,2025-11-02,Positive Pay Exception,Email,Open,22.4,E-0063,2,true,Granite Foods 380,Logistics,Middle Market,Pacific,Owen Okafor,Zara Phillips
CB-CS-000335,CB-BA-00383,2025-10-25,sFTP Connectivity,Phone,Closed,14.2,E-0126,3,false,Northwind Health 383,Agriculture,Small Business,Midwest,Priya Martinez,Nina Morris
CB-CS-000336,CB-BA-00383,2026-01-08,Positive Pay Exception,Email,Closed,19.4,E-0100,,false,Northwind Health 383,Agriculture,Small Business,Midwest,Priya Martinez,Ava Johnson
CB-CS-000337,CB-BA-00384,2024-10-28,Positive Pay Exception,Chat,Closed,38.4,E-0082,2,false,Ironwood Builders 384,Professional Services,Small Business,Mountain West,Layla Carter,Ines Ashford
CB-CS-000338,CB-BA-00385,2025-06-04,ACH File Rejection,Portal,Closed,4.6,E-0087,4,false,Bluewater Builders 385,Healthcare,Middle Market,Pacific,Rosa Miller,Grace Garcia
CB-CS-000339,CB-BA-00385,2026-04-16,Access Management,Email,Closed,33.3,E-0122,,false,Bluewater Builders 385,Healthcare,Middle Market,Pacific,Rosa Miller,Henry Kim
CB-CS-000340,CB-BA-00386,2025-09-20,Wire Inquiry,Chat,Escalated,18.6,E-0100,,false,Harbor Foods 386,Healthcare,Small Business,Pacific,Iris Kim,Ava Johnson
CB-CS-000341,CB-BA-00386,2025-03-15,Positive Pay Exception,Phone,Open,10.1,E-0106,5,true,Harbor Foods 386,Healthcare,Small Business,Pacific,Iris Kim,Carlos Lewis
CB-CS-000342,CB-BA-00390,2026-06-16,Positive Pay Exception,Email,Closed,9.5,E-0128,3,false,PayCadence Foods 390,Healthcare,Middle Market,Pacific,Hannah Roberts,Olivia Wilson
CB-CS-000343,CB-BA-00390,2024-12-12,Access Management,Email,Closed,15.9,E-0065,,false,PayCadence Foods 390,Healthcare,Middle Market,Pacific,Hannah Roberts,Olivia Lopez
CB-CS-000344,CB-BA-00395,2024-09-12,Statement Request,Portal,Closed,7.4,E-0082,2,false,Meridian Partners 395,Agriculture,Middle Market,Southeast,Owen Okafor,Ines Ashford
CB-CS-000345,CB-BA-00397,2025-09-19,ACH File Rejection,Email,Open,7.8,E-0084,,false,Meridian Holdings 397,Agriculture,Corporate,Pacific,Grace Martinez,Jonathan Jackson
CB-CS-000346,CB-BA-00398,2024-09-03,sFTP Connectivity,Chat,Closed,7.7,E-0082,,true,Harbor Industries 398,Hospitality,Small Business,Northeast,Luis Silva,Ines Ashford
CB-CS-000347,CB-BA-00399,2024-09-18,Statement Request,Phone,Closed,22.3,E-0084,,false,Harbor Builders 399,Professional Services,Middle Market,Southeast,Nina Scott,Jonathan Jackson
CB-CS-000348,CB-BA-00400,2026-04-13,Positive Pay Exception,Portal,Closed,10.5,E-0084,,true,Harbor Group 400,Healthcare,Middle Market,Mountain West,Rosa Miller,Jonathan Jackson
CB-CS-000349,CB-BA-00401,2025-10-13,Positive Pay Exception,Portal,Escalated,17.1,E-0098,,false,Granite Foods 401,Logistics,Small Business,Pacific,Iris Allen,Layla Walker
CB-CS-000350,CB-BA-00405,2026-07-29,sFTP Connectivity,Chat,Closed,16.4,E-0102,,false,Ironwood Partners 405,Hospitality,Small Business,Midwest,Layla Carter,Ravi Walker
CB-CS-000351,CB-BA-00405,2025-02-27,Access Management,Portal,Escalated,18.7,E-0105,,true,Ironwood Partners 405,Hospitality,Small Business,Midwest,Layla Carter,Isabella Clark
CB-CS-000352,CB-BA-00406,2025-06-19,ACH File Rejection,Portal,Closed,11.1,E-0097,1,true,Bluewater Group 406,Logistics,Middle Market,Northeast,Noah Nelson,Wei Nelson
CB-CS-000353,CB-BA-00406,2026-08-14,Statement Request,Phone,Closed,38.4,E-0076,,true,Bluewater Group 406,Logistics,Middle Market,Northeast,Noah Nelson,Nora King
CB-CS-000354,CB-BA-00410,2026-06-10,Wire Inquiry,Phone,Closed,9.7,E-0117,5,false,Ironwood Health 410,Professional Services,Small Business,Pacific,Wei Thomas,Diego Parker
CB-CS-000355,CB-BA-00412,2025-09-20,sFTP Connectivity,Email,Closed,7.2,E-0117,2,false,Redwood Systems 412,Agriculture,Middle Market,Pacific,Iris Kim,Diego Parker
CB-CS-000356,CB-BA-00412,2025-07-27,Wire Inquiry,Portal,Closed,9.6,E-0061,5,true,Redwood Systems 412,Agriculture,Middle Market,Pacific,Iris Kim,Leo Okafor
CB-CS-000357,CB-BA-00414,2026-04-28,Access Management,Phone,Escalated,4.5,E-0099,3,true,Summit Holdings 414,Healthcare,Middle Market,Pacific,Luis Silva,Owen Carter
CB-CS-000358,CB-BA-00415,2025-03-10,Wire Inquiry,Portal,Closed,15.4,E-0080,4,false,Meridian Builders 415,Agriculture,Middle Market,Mountain West,Julian Collins,Kenji Evans
CB-CS-000359,CB-BA-00415,2026-05-11,Statement Request,Email,Closed,7.0,E-0098,3,false,Meridian Builders 415,Agriculture,Middle Market,Mountain West,Julian Collins,Layla Walker
CB-CS-000360,CB-BA-00415,2025-05-24,Positive Pay Exception,Email,Escalated,9.4,E-0081,,false,Meridian Builders 415,Agriculture,Middle Market,Mountain West,Julian Collins,Daniel Chen
CB-CS-000361,CB-BA-00417,2026-08-15,Access Management,Phone,Open,15.7,E-0140,,false,Redwood Health 417,Technology,Middle Market,Mountain West,Noah Carter,Mateo Baker
CB-CS-000362,CB-BA-00418,2026-02-10,Positive Pay Exception,Email,Closed,10.2,E-0115,1,false,PayCadence Logistics 418,Technology,Middle Market,Mountain West,Luis Ashford,Olivia Young
CB-CS-000363,CB-BA-00420,2025-09-20,Wire Inquiry,Portal,Open,21.8,E-0074,,false,Keystone Group 420,Construction,Small Business,Pacific,Grace Bailey,Luis Anderson
CB-CS-000364,CB-BA-00421,2026-08-25,Statement Request,Portal,Open,12.5,E-0071,4,false,Ironwood Systems 421,Agriculture,Small Business,Midwest,Leo King,Julian Turner
CB-CS-000365,CB-BA-00421,2025-08-22,Wire Inquiry,Chat,Closed,31.0,E-0139,,true,Ironwood Systems 421,Agriculture,Small Business,Midwest,Leo King,Julian Green
CB-CS-000366,CB-BA-00422,2025-08-31,Wire Inquiry,Portal,Closed,10.3,E-0111,,false,Ironwood Holdings 422,Hospitality,Middle Market,Northeast,Luis Ashford,Nora Young
CB-CS-000367,CB-BA-00423,2026-08-30,Wire Inquiry,Chat,Closed,18.4,E-0123,,false,Bluewater Health 423,Technology,Small Business,Pacific,Wei Thomas,Yuki Hall
CB-CS-000368,CB-BA-00428,2025-08-06,Statement Request,Chat,Closed,18.9,E-0075,4,true,PayCadence Partners 428,Logistics,Middle Market,Pacific,Rosa Miller,Naomi Campbell
CB-CS-000369,CB-BA-00428,2026-03-12,Access Management,Portal,Escalated,9.8,E-0079,,false,PayCadence Partners 428,Logistics,Middle Market,Pacific,Rosa Miller,Rosa Lopez
CB-CS-000370,CB-BA-00430,2025-02-17,Positive Pay Exception,Email,Escalated,27.8,E-0072,,false,Harbor Industries 430,Healthcare,Small Business,Southeast,Grace Bailey,Amara Nguyen
CB-CS-000371,CB-BA-00433,2025-09-21,Wire Inquiry,Phone,Closed,15.3,E-0098,,false,Granite Health 433,Construction,Middle Market,Midwest,Hannah Young,Layla Walker
CB-CS-000372,CB-BA-00435,2025-01-21,Wire Inquiry,Email,Escalated,18.6,E-0113,4,false,Northwind Holdings 435,Manufacturing,Middle Market,Midwest,Maya Ashford,Priya Stewart
CB-CS-000373,CB-BA-00435,2025-10-09,ACH File Rejection,Email,Closed,13.3,E-0071,,true,Northwind Holdings 435,Manufacturing,Middle Market,Midwest,Maya Ashford,Julian Turner
CB-CS-000374,CB-BA-00436,2025-09-18,sFTP Connectivity,Phone,Closed,19.8,E-0116,,false,PayCadence Holdings 436,Agriculture,Middle Market,Southeast,Priya Martinez,Henry Lewis
CB-CS-000375,CB-BA-00437,2026-08-21,Positive Pay Exception,Email,Escalated,22.7,E-0131,,true,Ironwood Logistics 437,Technology,Small Business,Northeast,Grace Martinez,Jamal Green
CB-CS-000376,CB-BA-00437,2026-08-23,Positive Pay Exception,Portal,Open,13.0,E-0140,1,false,Ironwood Logistics 437,Technology,Small Business,Northeast,Grace Martinez,Mateo Baker
CB-CS-000377,CB-BA-00439,2025-08-06,sFTP Connectivity,Phone,Open,36.8,E-0081,,true,PayCadence Logistics 439,Construction,Small Business,Mountain West,Noah Carter,Daniel Chen
CB-CS-000378,CB-BA-00440,2026-07-30,ACH File Rejection,Chat,Closed,22.1,E-0097,,true,Redwood Holdings 440,Hospitality,Small Business,Northeast,Fatima Okafor,Wei Nelson
CB-CS-000379,CB-BA-00441,2025-06-27,sFTP Connectivity,Chat,Closed,28.8,E-0080,2,true,Harbor Systems 441,Agriculture,Small Business,Mountain West,Hannah Roberts,Kenji Evans
CB-CS-000380,CB-BA-00443,2025-09-23,Positive Pay Exception,Email,Closed,33.9,E-0123,4,true,Granite Partners 443,Technology,Small Business,Mountain West,Iris Allen,Yuki Hall
CB-CS-000381,CB-BA-00446,2026-04-04,Positive Pay Exception,Portal,Closed,18.7,E-0084,,true,Northwind Holdings 446,Healthcare,Small Business,Southeast,Fatima Okafor,Jonathan Jackson
CB-CS-000382,CB-BA-00449,2024-11-11,Wire Inquiry,Chat,Open,27.1,E-0114,,false,Bluewater Holdings 449,Logistics,Small Business,Midwest,Grace Martinez,Ethan Johnson
CB-CS-000383,CB-BA-00450,2025-06-01,Access Management,Chat,Open,12.9,E-0122,,false,Meridian Industries 450,Technology,Middle Market,Mountain West,Grace Martinez,Henry Kim
CB-CS-000384,CB-BA-00450,2025-08-25,Wire Inquiry,Chat,Escalated,7.5,E-0117,,false,Meridian Industries 450,Technology,Middle Market,Mountain West,Grace Martinez,Diego Parker
CB-CS-000385,CB-BA-00452,2025-03-14,sFTP Connectivity,Chat,Closed,8.9,E-0106,2,true,Northwind Holdings 452,Manufacturing,Corporate,Mountain West,Luis Ashford,Carlos Lewis
CB-CS-000386,CB-BA-00452,2025-09-17,sFTP Connectivity,Email,Open,25.3,E-0112,2,true,Northwind Holdings 452,Manufacturing,Corporate,Mountain West,Luis Ashford,Amara Patel
CB-CS-000387,CB-BA-00454,2025-02-17,Wire Inquiry,Email,Closed,10.1,E-0113,,false,Summit Industries 454,Manufacturing,Middle Market,Northeast,Noah Carter,Priya Stewart
CB-CS-000388,CB-BA-00455,2025-03-15,Access Management,Email,Escalated,36.6,E-0071,3,false,Harbor Industries 455,Logistics,Corporate,Pacific,Leo King,Julian Turner
CB-CS-000389,CB-BA-00455,2024-11-03,Positive Pay Exception,Phone,Escalated,20.7,E-0133,,false,Harbor Industries 455,Logistics,Corporate,Pacific,Leo King,Yuki Baker
CB-CS-000390,CB-BA-00461,2025-06-10,Positive Pay Exception,Chat,Closed,6.8,E-0084,,false,Harbor Logistics 461,Construction,Small Business,Midwest,Nina Scott,Jonathan Jackson
CB-CS-000391,CB-BA-00463,2025-09-14,Access Management,Phone,Open,25.7,E-0129,,false,Northwind Partners 463,Hospitality,Small Business,Midwest,Sofia Bailey,Aisha Silva
CB-CS-000392,CB-BA-00463,2026-05-17,Wire Inquiry,Email,Escalated,43.2,E-0089,3,false,Northwind Partners 463,Hospitality,Small Business,Midwest,Sofia Bailey,Amara Collins
CB-CS-000393,CB-BA-00463,2025-11-24,Wire Inquiry,Phone,Escalated,11.0,E-0069,,false,Northwind Partners 463,Hospitality,Small Business,Midwest,Sofia Bailey,Aisha Jackson
CB-CS-000394,CB-BA-00464,2026-05-06,Statement Request,Chat,Closed,5.3,E-0134,,false,Northwind Group 464,Construction,Middle Market,Pacific,Owen Okafor,Chloe Thomas
CB-CS-000395,CB-BA-00465,2026-05-31,Statement Request,Chat,Closed,23.7,E-0067,,false,Summit Industries 465,Retail,Corporate,Midwest,Luis Silva,Lauren Allen
CB-CS-000396,CB-BA-00467,2025-01-06,Positive Pay Exception,Phone,Escalated,43.4,E-0085,1,false,Meridian Holdings 467,Retail,Middle Market,Southeast,Noah Carter,Amara Nguyen
CB-CS-000397,CB-BA-00469,2024-12-29,Statement Request,Email,Closed,7.4,E-0131,2,true,Ironwood Industries 469,Hospitality,Small Business,Southeast,Fatima Patel,Jamal Green
CB-CS-000398,CB-BA-00469,2026-02-03,ACH File Rejection,Phone,Escalated,43.5,E-0129,,true,Ironwood Industries 469,Hospitality,Small Business,Southeast,Fatima Patel,Aisha Silva
CB-CS-000399,CB-BA-00471,2025-07-19,Positive Pay Exception,Phone,Closed,10.1,E-0063,,false,Summit Holdings 471,Technology,Small Business,Midwest,Rosa Miller,Zara Phillips
CB-CS-000400,CB-BA-00471,2026-08-02,Statement Request,Email,Open,4.1,E-0077,,false,Summit Holdings 471,Technology,Small Business,Midwest,Rosa Miller,Priya Roberts
CB-CS-000401,CB-BA-00475,2024-10-29,sFTP Connectivity,Chat,Closed,22.7,E-0116,3,false,Redwood Systems 475,Manufacturing,Small Business,Pacific,Fatima Patel,Henry Lewis
CB-CS-000402,CB-BA-00475,2025-09-26,Statement Request,Portal,Escalated,7.3,E-0115,,false,Redwood Systems 475,Manufacturing,Small Business,Pacific,Fatima Patel,Olivia Young
CB-CS-000403,CB-BA-00476,2025-04-14,Access Management,Portal,Closed,13.0,E-0062,1,false,Harbor Foods 476,Manufacturing,Small Business,Pacific,Owen Okafor,Mateo Carter
CB-CS-000404,CB-BA-00476,2026-02-10,Access Management,Phone,Closed,31.5,E-0101,1,false,Harbor Foods 476,Manufacturing,Small Business,Pacific,Owen Okafor,Lauren Scott
CB-CS-000405,CB-BA-00477,2026-02-26,sFTP Connectivity,Phone,Escalated,11.4,E-0084,1,false,Granite Partners 477,Construction,Middle Market,Mountain West,Owen Okafor,Jonathan Jackson
CB-CS-000406,CB-BA-00478,2025-08-18,Positive Pay Exception,Phone,Open,9.3,E-0100,,false,Harbor Foods 478,Construction,Middle Market,Northeast,Leo King,Ava Johnson
CB-CS-000407,CB-BA-00479,2025-01-05,Wire Inquiry,Email,Closed,17.4,E-0109,,true,Ironwood Logistics 479,Hospitality,Small Business,Mountain West,Fatima Okafor,Maya Miller
CB-CS-000408,CB-BA-00481,2026-01-03,Wire Inquiry,Phone,Closed,24.0,E-0123,,false,Meridian Health 481,Professional Services,Small Business,Pacific,Tom Silva,Yuki Hall
CB-CS-000409,CB-BA-00482,2026-02-13,Wire Inquiry,Portal,Escalated,10.1,E-0088,4,false,Granite Logistics 482,Manufacturing,Small Business,Northeast,Grace Bailey,Wei Collins
CB-CS-000410,CB-BA-00486,2026-07-24,Wire Inquiry,Email,Closed,30.2,E-0112,,false,Ironwood Holdings 486,Logistics,Small Business,Mountain West,Owen Okafor,Amara Patel
CB-CS-000411,CB-BA-00486,2025-02-27,Statement Request,Portal,Open,16.6,E-0104,1,false,Ironwood Holdings 486,Logistics,Small Business,Mountain West,Owen Okafor,Sara Thomas
CB-CS-000412,CB-BA-00488,2026-01-15,Access Management,Chat,Closed,18.1,E-0062,2,false,Ironwood Builders 488,Construction,Corporate,Pacific,Sofia Bailey,Mateo Carter
CB-CS-000413,CB-BA-00488,2025-11-10,Access Management,Email,Closed,24.6,E-0097,,false,Ironwood Builders 488,Construction,Corporate,Pacific,Sofia Bailey,Wei Nelson
CB-CS-000414,CB-BA-00490,2026-01-15,Positive Pay Exception,Chat,Closed,8.2,E-0132,,false,Harbor Builders 490,Professional Services,Middle Market,Southeast,Fatima Okafor,Naomi Lewis
CB-CS-000415,CB-BA-00491,2026-03-19,Positive Pay Exception,Portal,Closed,13.3,E-0113,1,false,Ironwood Industries 491,Technology,Middle Market,Midwest,Noah Nelson,Priya Stewart
CB-CS-000416,CB-BA-00492,2024-12-18,Access Management,Phone,Closed,13.0,E-0097,,false,PayCadence Health 492,Healthcare,Small Business,Mountain West,Priya Martinez,Wei Nelson
CB-CS-000417,CB-BA-00492,2026-02-03,Statement Request,Chat,Closed,22.8,E-0069,,false,PayCadence Health 492,Healthcare,Small Business,Mountain West,Priya Martinez,Aisha Jackson
CB-CS-000418,CB-BA-00495,2024-12-17,Statement Request,Portal,Closed,14.4,E-0130,5,true,Meridian Logistics 495,Retail,Small Business,Midwest,Nina Scott,Diego Miller
CB-CS-000419,CB-BA-00496,2025-07-05,sFTP Connectivity,Phone,Closed,33.8,E-0116,,false,Redwood Holdings 496,Hospitality,Small Business,Northeast,Tom Silva,Henry Lewis
CB-CS-000420,CB-BA-00496,2026-05-03,Positive Pay Exception,Email,Escalated,3.6,E-0084,3,false,Redwood Holdings 496,Hospitality,Small Business,Northeast,Tom Silva,Jonathan Jackson
CB-CS-000421,CB-BA-00496,2025-02-11,Wire Inquiry,Email,Closed,11.7,E-0121,2,false,Redwood Holdings 496,Hospitality,Small Business,Northeast,Tom Silva,Elena Adams
CB-CS-000422,CB-BA-00497,2026-05-23,Statement Request,Email,Open,9.2,E-0065,2,false,Redwood Systems 497,Hospitality,Small Business,Northeast,Tom Silva,Olivia Lopez
CB-CS-000423,CB-BA-00497,2025-04-16,Wire Inquiry,Portal,Escalated,9.9,E-0140,,false,Redwood Systems 497,Hospitality,Small Business,Northeast,Tom Silva,Mateo Baker
CB-CS-000424,CB-BA-00498,2025-11-08,Access Management,Phone,Closed,15.3,E-0087,,false,Summit Builders 498,Manufacturing,Small Business,Mountain West,Nina Scott,Grace Garcia
CB-CS-000425,CB-BA-00499,2026-08-29,ACH File Rejection,Chat,Closed,34.5,E-0073,,false,Meridian Logistics 499,Manufacturing,Small Business,Midwest,Priya Martinez,Daniel Nguyen
CB-CS-000426,CB-BA-00500,2026-06-29,Access Management,Email,Closed,6.3,E-0130,4,false,Granite Logistics 500,Professional Services,Small Business,Mountain West,Julian Collins,Diego Miller
CB-CS-000427,CB-BA-00500,2025-10-27,sFTP Connectivity,Chat,Closed,15.2,E-0109,,false,Granite Logistics 500,Professional Services,Small Business,Mountain West,Julian Collins,Maya Miller
CB-CS-000428,CB-BA-00500,2026-07-19,ACH File Rejection,Chat,Closed,9.1,E-0072,,false,Granite Logistics 500,Professional Services,Small Business,Mountain West,Julian Collins,Amara Nguyen
CB-CS-000429,CB-BA-00503,2026-02-04,Access Management,Portal,Open,16.0,E-0139,,false,Northwind Partners 503,Professional Services,Middle Market,Pacific,Maya Ashford,Julian Green
CB-CS-000430,CB-BA-00504,2024-12-09,ACH File Rejection,Chat,Closed,16.4,E-0097,4,false,Bluewater Group 504,Retail,Middle Market,Southeast,Hannah Roberts,Wei Nelson
CB-CS-000431,CB-BA-00504,2025-04-17,Access Management,Phone,Open,8.2,E-0101,2,false,Bluewater Group 504,Retail,Middle Market,Southeast,Hannah Roberts,Lauren Scott
CB-CS-000432,CB-BA-00506,2026-01-20,Wire Inquiry,Email,Open,5.0,E-0137,4,false,Ironwood Builders 506,Agriculture,Middle Market,Mountain West,Luis Silva,Derek Harris
CB-CS-000433,CB-BA-00506,2025-04-20,sFTP Connectivity,Email,Closed,21.9,E-0065,1,false,Ironwood Builders 506,Agriculture,Middle Market,Mountain West,Luis Silva,Olivia Lopez
CB-CS-000434,CB-BA-00507,2026-08-27,Positive Pay Exception,Email,Closed,30.9,E-0134,1,true,Bluewater Group 507,Manufacturing,Small Business,Pacific,Leo King,Chloe Thomas
CB-CS-000435,CB-BA-00508,2025-04-16,ACH File Rejection,Email,Closed,11.6,E-0112,,false,Summit Logistics 508,Logistics,Small Business,Pacific,Luis Ashford,Amara Patel
CB-CS-000436,CB-BA-00513,2025-05-30,Access Management,Phone,Escalated,11.5,E-0127,2,false,Keystone Builders 513,Construction,Middle Market,Mountain West,Sofia Bailey,Luis Hall
CB-CS-000437,CB-BA-00514,2025-05-10,Statement Request,Chat,Open,82.1,E-0098,,false,Redwood Builders 514,Healthcare,Middle Market,Southeast,Iris Clark,Layla Walker
CB-CS-000438,CB-BA-00521,2026-04-02,Wire Inquiry,Chat,Closed,14.0,E-0104,,false,Northwind Builders 521,Construction,Small Business,Southeast,Hannah Roberts,Sara Thomas
CB-CS-000439,CB-BA-00521,2025-05-01,Positive Pay Exception,Email,Open,15.2,E-0087,,false,Northwind Builders 521,Construction,Small Business,Southeast,Hannah Roberts,Grace Garcia
CB-CS-000440,CB-BA-00523,2025-01-17,Access Management,Portal,Closed,15.8,E-0107,,false,Ironwood Group 523,Hospitality,Corporate,Northeast,Rosa Miller,Felix Collins
CB-CS-000441,CB-BA-00524,2025-12-07,Statement Request,Phone,Closed,12.2,E-0076,1,true,Summit Holdings 524,Manufacturing,Small Business,Pacific,Wei Thomas,Nora King
CB-CS-000442,CB-BA-00525,2025-09-11,ACH File Rejection,Chat,Closed,28.2,E-0110,,false,Granite Foods 525,Agriculture,Small Business,Mountain West,Grace Martinez,Henry Hall
CB-CS-000443,CB-BA-00525,2026-02-25,Positive Pay Exception,Portal,Closed,9.0,E-0103,3,true,Granite Foods 525,Agriculture,Small Business,Mountain West,Grace Martinez,Julian Taylor
CB-CS-000444,CB-BA-00528,2025-09-09,sFTP Connectivity,Portal,Closed,16.0,E-0094,1,false,Northwind Logistics 528,Construction,Middle Market,Northeast,Grace Martinez,Jamal Wilson
CB-CS-000445,CB-BA-00528,2025-07-12,Statement Request,Portal,Closed,5.2,E-0120,3,false,Northwind Logistics 528,Construction,Middle Market,Northeast,Grace Martinez,Ethan Garcia
CB-CS-000446,CB-BA-00528,2025-11-08,ACH File Rejection,Chat,Escalated,23.7,E-0110,,true,Northwind Logistics 528,Construction,Middle Market,Northeast,Grace Martinez,Henry Hall
CB-CS-000447,CB-BA-00529,2026-02-15,Wire Inquiry,Chat,Open,35.4,E-0112,,false,Summit Partners 529,Construction,Middle Market,Southeast,Layla Carter,Amara Patel
CB-CS-000448,CB-BA-00529,2025-03-11,Statement Request,Email,Open,7.3,E-0105,,false,Summit Partners 529,Construction,Middle Market,Southeast,Layla Carter,Isabella Clark
CB-CS-000449,CB-BA-00533,2026-06-19,Statement Request,Phone,Closed,3.0,E-0132,1,true,Granite Logistics 533,Healthcare,Corporate,Mountain West,Fatima Okafor,Naomi Lewis
CB-CS-000450,CB-BA-00533,2024-11-28,sFTP Connectivity,Email,Escalated,9.8,E-0064,3,false,Granite Logistics 533,Healthcare,Corporate,Mountain West,Fatima Okafor,Hannah Miller
CB-CS-000451,CB-BA-00534,2026-08-13,ACH File Rejection,Phone,Escalated,22.3,E-0077,,false,Granite Group 534,Hospitality,Small Business,Midwest,Rosa Miller,Priya Roberts
CB-CS-000452,CB-BA-00534,2025-05-19,ACH File Rejection,Chat,Escalated,14.8,E-0069,,false,Granite Group 534,Hospitality,Small Business,Midwest,Rosa Miller,Aisha Jackson
CB-CS-000453,CB-BA-00535,2025-05-14,Wire Inquiry,Chat,Open,30.9,E-0078,,false,Meridian Health 535,Retail,Small Business,Northeast,Iris Clark,Jonathan Bailey
CB-CS-000454,CB-BA-00535,2024-12-13,Statement Request,Chat,Closed,6.0,E-0083,,false,Meridian Health 535,Retail,Small Business,Northeast,Iris Clark,Owen Kim
CB-CS-000455,CB-BA-00536,2024-09-23,Access Management,Phone,Closed,35.3,E-0071,,false,PayCadence Holdings 536,Professional Services,Small Business,Northeast,Tom Silva,Julian Turner
CB-CS-000456,CB-BA-00538,2025-05-09,ACH File Rejection,Chat,Closed,21.9,E-0120,,false,Meridian Group 538,Technology,Small Business,Pacific,Maya Ashford,Ethan Garcia
CB-CS-000457,CB-BA-00539,2025-10-20,Positive Pay Exception,Chat,Closed,9.9,E-0098,,false,PayCadence Group 539,Professional Services,Middle Market,Pacific,Mei Hall,Layla Walker
CB-CS-000458,CB-BA-00540,2025-11-09,Statement Request,Portal,Escalated,3.8,E-0121,2,true,Summit Health 540,Construction,Small Business,Midwest,Maya Ashford,Elena Adams
CB-CS-000459,CB-BA-00541,2026-02-18,Statement Request,Portal,Closed,24.9,E-0121,,false,Granite Systems 541,Retail,Small Business,Mountain West,Grace Bailey,Elena Adams
CB-CS-000460,CB-BA-00541,2026-05-01,ACH File Rejection,Phone,Open,7.1,E-0071,,false,Granite Systems 541,Retail,Small Business,Mountain West,Grace Bailey,Julian Turner
CB-CS-000461,CB-BA-00542,2026-04-06,sFTP Connectivity,Portal,Closed,23.2,E-0061,,false,Keystone Partners 542,Hospitality,Small Business,Mountain West,Rosa Miller,Leo Okafor
CB-CS-000462,CB-BA-00545,2025-04-20,Access Management,Phone,Closed,9.9,E-0099,3,false,Granite Builders 545,Hospitality,Middle Market,Midwest,Iris Kim,Owen Carter
CB-CS-000463,CB-BA-00545,2026-03-28,Access Management,Chat,Escalated,22.3,E-0125,1,false,Granite Builders 545,Hospitality,Middle Market,Midwest,Iris Kim,Fatima Lopez
CB-CS-000464,CB-BA-00548,2024-09-14,Positive Pay Exception,Email,Open,4.9,E-0133,,true,Granite Group 548,Construction,Corporate,Mountain West,Luis Ashford,Yuki Baker
CB-CS-000465,CB-BA-00548,2026-07-22,Statement Request,Phone,Escalated,14.8,E-0062,4,false,Granite Group 548,Construction,Corporate,Mountain West,Luis Ashford,Mateo Carter
CB-CS-000466,CB-BA-00549,2025-10-05,sFTP Connectivity,Phone,Closed,8.4,E-0135,,true,Keystone Builders 549,Technology,Middle Market,Mountain West,Noah Carter,Ines Collins
CB-CS-000467,CB-BA-00552,2024-12-26,ACH File Rejection,Phone,Closed,6.7,E-0080,,false,Ironwood Logistics 552,Hospitality,Small Business,Southeast,Leo King,Kenji Evans
CB-CS-000468,CB-BA-00553,2026-01-30,Wire Inquiry,Chat,Closed,10.5,E-0107,,false,Bluewater Health 553,Agriculture,Small Business,Mountain West,Mei Hall,Felix Collins
CB-CS-000469,CB-BA-00553,2026-08-05,Access Management,Chat,Closed,23.0,E-0128,,false,Bluewater Health 553,Agriculture,Small Business,Mountain West,Mei Hall,Olivia Wilson
CB-CS-000470,CB-BA-00553,2025-08-13,ACH File Rejection,Chat,Closed,13.5,E-0097,5,false,Bluewater Health 553,Agriculture,Small Business,Mountain West,Mei Hall,Wei Nelson
CB-CS-000471,CB-BA-00554,2025-07-14,ACH File Rejection,Chat,Closed,16.7,E-0110,,true,Meridian Foods 554,Professional Services,Small Business,Mountain West,Leo King,Henry Hall
CB-CS-000472,CB-BA-00556,2025-04-18,sFTP Connectivity,Phone,Open,58.3,E-0137,,false,Redwood Systems 556,Hospitality,Small Business,Northeast,Mei Hall,Derek Harris
CB-CS-000473,CB-BA-00556,2025-12-31,Wire Inquiry,Portal,Open,10.0,E-0069,,false,Redwood Systems 556,Hospitality,Small Business,Northeast,Mei Hall,Aisha Jackson
CB-CS-000474,CB-BA-00556,2025-11-13,ACH File Rejection,Email,Closed,19.8,E-0083,1,true,Redwood Systems 556,Hospitality,Small Business,Northeast,Mei Hall,Owen Kim
CB-CS-000475,CB-BA-00564,2026-06-09,Access Management,Chat,Closed,21.7,E-0110,1,true,Keystone Foods 564,Professional Services,Small Business,Northeast,Grace Bailey,Henry Hall
CB-CS-000476,CB-BA-00565,2026-03-30,Statement Request,Chat,Escalated,22.6,E-0093,2,false,Summit Foods 565,Agriculture,Middle Market,Southeast,Iris Allen,Ethan Vaughn
CB-CS-000477,CB-BA-00566,2025-01-31,Positive Pay Exception,Phone,Escalated,14.9,E-0104,,false,Northwind Industries 566,Technology,Small Business,Pacific,Priya Martinez,Sara Thomas
CB-CS-000478,CB-BA-00567,2026-07-17,Access Management,Email,Closed,7.1,E-0073,,true,Redwood Systems 567,Logistics,Small Business,Northeast,Tom Silva,Daniel Nguyen
CB-CS-000479,CB-BA-00567,2025-11-22,sFTP Connectivity,Email,Closed,11.8,E-0112,1,false,Redwood Systems 567,Logistics,Small Business,Northeast,Tom Silva,Amara Patel
CB-CS-000480,CB-BA-00568,2024-12-20,Positive Pay Exception,Email,Closed,10.5,E-0104,,true,Keystone Logistics 568,Logistics,Small Business,Southeast,Nina Scott,Sara Thomas
CB-CS-000481,CB-BA-00570,2024-11-02,Access Management,Portal,Closed,18.1,E-0071,,false,Granite Partners 570,Construction,Small Business,Pacific,Fatima Patel,Julian Turner
CB-CS-000482,CB-BA-00571,2025-04-08,Wire Inquiry,Chat,Escalated,57.2,E-0103,2,true,Summit Industries 571,Technology,Middle Market,Southeast,Hannah Young,Julian Taylor
CB-CS-000483,CB-BA-00572,2026-03-29,Wire Inquiry,Phone,Closed,6.8,E-0118,,false,Granite Foods 572,Professional Services,Small Business,Pacific,Rosa Miller,Olivia Silva
CB-CS-000484,CB-BA-00573,2025-03-16,Access Management,Chat,Closed,5.8,E-0105,1,false,Harbor Holdings 573,Healthcare,Small Business,Midwest,Julian Collins,Isabella Clark
CB-CS-000485,CB-BA-00573,2026-03-04,ACH File Rejection,Phone,Closed,17.8,E-0068,,false,Harbor Holdings 573,Healthcare,Small Business,Midwest,Julian Collins,Marcus Green
CB-CS-000486,CB-BA-00574,2025-12-19,Statement Request,Portal,Closed,15.4,E-0123,5,false,Harbor Holdings 574,Manufacturing,Small Business,Mountain West,Noah Carter,Yuki Hall
CB-CS-000487,CB-BA-00576,2024-11-19,Statement Request,Email,Open,5.8,E-0077,5,true,Bluewater Logistics 576,Hospitality,Middle Market,Southeast,Luis Silva,Priya Roberts
CB-CS-000488,CB-BA-00576,2026-01-16,Access Management,Portal,Escalated,17.3,E-0140,,false,Bluewater Logistics 576,Hospitality,Middle Market,Southeast,Luis Silva,Mateo Baker
CB-CS-000489,CB-BA-00577,2026-02-19,Wire Inquiry,Chat,Closed,10.4,E-0062,,false,Harbor Partners 577,Technology,Small Business,Mountain West,Wei Thomas,Mateo Carter
CB-CS-000490,CB-BA-00579,2024-10-11,Positive Pay Exception,Email,Closed,20.2,E-0131,,false,Bluewater Foods 579,Healthcare,Corporate,Midwest,Julian Collins,Jamal Green
CB-CS-000491,CB-BA-00579,2026-04-09,Positive Pay Exception,Chat,Closed,34.0,E-0083,,false,Bluewater Foods 579,Healthcare,Corporate,Midwest,Julian Collins,Owen Kim
CB-CS-000492,CB-BA-00580,2025-12-11,ACH File Rejection,Portal,Closed,6.9,E-0138,2,false,Granite Partners 580,Professional Services,Small Business,Northeast,Luis Ashford,Sara Brown
CB-CS-000493,CB-BA-00580,2025-09-03,Access Management,Portal,Closed,12.3,E-0064,,true,Granite Partners 580,Professional Services,Small Business,Northeast,Luis Ashford,Hannah Miller
CB-CS-000494,CB-BA-00581,2024-11-03,Wire Inquiry,Portal,Closed,26.7,E-0107,2,false,Keystone Industries 581,Manufacturing,Small Business,Southeast,Owen Okafor,Felix Collins
CB-CS-000495,CB-BA-00583,2026-02-22,sFTP Connectivity,Portal,Escalated,50.7,E-0095,,false,Bluewater Systems 583,Professional Services,Middle Market,Southeast,Wei Thomas,Chloe Turner
CB-CS-000496,CB-BA-00585,2026-05-09,sFTP Connectivity,Chat,Open,10.1,E-0062,4,true,Redwood Logistics 585,Agriculture,Small Business,Midwest,Noah Nelson,Mateo Carter
CB-CS-000497,CB-BA-00587,2025-03-15,Access Management,Chat,Open,9.2,E-0082,,false,Ironwood Foods 587,Retail,Middle Market,Mountain West,Rosa Miller,Ines Ashford
CB-CS-000498,CB-BA-00587,2025-03-29,ACH File Rejection,Chat,Closed,21.7,E-0064,4,false,Ironwood Foods 587,Retail,Middle Market,Mountain West,Rosa Miller,Hannah Miller
CB-CS-000499,CB-BA-00588,2025-01-13,Access Management,Chat,Open,31.8,E-0065,,true,Granite Industries 588,Agriculture,Middle Market,Midwest,Luis Silva,Olivia Lopez
CB-CS-000500,CB-BA-00588,2025-09-23,sFTP Connectivity,Phone,Open,9.5,E-0084,1,false,Granite Industries 588,Agriculture,Middle Market,Midwest,Luis Silva,Jonathan Jackson
CB-CS-000501,CB-BA-00589,2026-03-07,Statement Request,Portal,Closed,14.6,E-0111,,false,Keystone Builders 589,Professional Services,Middle Market,Southeast,Mei Hall,Nora Young
CB-CS-000502,CB-BA-00591,2024-11-12,Wire Inquiry,Portal,Closed,8.4,E-0093,,false,Summit Industries 591,Construction,Corporate,Mountain West,Sofia Bailey,Ethan Vaughn
CB-CS-000503,CB-BA-00592,2026-08-09,Wire Inquiry,Chat,Open,17.4,E-0086,1,false,Harbor Holdings 592,Healthcare,Corporate,Southeast,Wei Thomas,Julian Collins
CB-CS-000504,CB-BA-00594,2025-06-10,Access Management,Chat,Open,10.6,E-0079,,true,Northwind Logistics 594,Retail,Small Business,Southeast,Layla Carter,Rosa Lopez
CB-CS-000505,CB-BA-00594,2025-01-16,Positive Pay Exception,Chat,Open,14.9,E-0119,4,false,Northwind Logistics 594,Retail,Small Business,Southeast,Layla Carter,Yuki Morris
CB-CS-000506,CB-BA-00594,2026-02-02,Access Management,Portal,Escalated,6.0,E-0106,1,false,Northwind Logistics 594,Retail,Small Business,Southeast,Layla Carter,Carlos Lewis
CB-CS-000507,CB-BA-00595,2025-05-19,ACH File Rejection,Phone,Closed,6.9,E-0101,,true,Meridian Partners 595,Professional Services,Middle Market,Mountain West,Grace Martinez,Lauren Scott
CB-CS-000508,CB-BA-00596,2026-07-27,Access Management,Chat,Closed,11.5,E-0127,,true,Keystone Foods 596,Manufacturing,Middle Market,Southeast,Grace Martinez,Luis Hall
CB-CS-000509,CB-BA-00596,2025-12-28,Wire Inquiry,Chat,Closed,21.4,E-0101,,false,Keystone Foods 596,Manufacturing,Middle Market,Southeast,Grace Martinez,Lauren Scott
CB-CS-000510,CB-BA-00597,2024-09-25,ACH File Rejection,Phone,Closed,13.8,E-0080,,false,Harbor Systems 597,Technology,Small Business,Northeast,Maya Ashford,Kenji Evans
CB-CS-000511,CB-BA-00599,2026-08-16,Wire Inquiry,Chat,Closed,26.3,E-0099,3,true,PayCadence Industries 599,Retail,Small Business,Northeast,Tom Silva,Owen Carter
CB-CS-000512,CB-BA-00600,2026-04-11,ACH File Rejection,Phone,Closed,21.1,E-0137,,false,Meridian Health 600,Technology,Middle Market,Pacific,Wei Thomas,Derek Harris
