GoalId,ClientHouseholdId,GoalType,TargetValue,ProgressPct,TargetDate,Status
FA-GL-000001,FA-HH-00001,Travel,184035.21,99.2,2037-12-28,On Track
FA-GL-000002,FA-HH-00002,Education,1265303.4,53.3,2031-01-17,Completed
FA-GL-000003,FA-HH-00002,Emergency Fund,524993.29,35.9,2040-05-15,On Track
FA-GL-000004,FA-HH-00006,Retirement,121136.66,2.7,2039-11-29,On Track
FA-GL-000005,FA-HH-00006,Emergency Fund,1267172.47,109.1,2049-08-02,Completed
FA-GL-000006,FA-HH-00010,Emergency Fund,673270.63,17.2,2029-12-17,On Track
FA-GL-000007,FA-HH-00011,Emergency Fund,1278276.35,108.1,2043-12-27,On Track
FA-GL-000008,FA-HH-00011,Retirement,132299.62,72.6,2037-12-03,Completed
FA-GL-000009,FA-HH-00013,Emergency Fund,155639.56,7.3,2044-11-14,On Track
FA-GL-000010,FA-HH-00013,Emergency Fund,193145.53,75.9,2048-09-11,On Track
FA-GL-000011,FA-HH-00014,Emergency Fund,65177.99,95.8,2028-08-31,On Track
FA-GL-000012,FA-HH-00016,Retirement,203482.5,72.6,2044-04-05,On Track
FA-GL-000013,FA-HH-00019,Education,516964.6,57.3,2043-11-05,On Track
FA-GL-000014,FA-HH-00021,Retirement,93586.01,83.6,2032-09-26,On Track
FA-GL-000015,FA-HH-00022,Emergency Fund,478316.02,14.6,2039-01-04,At Risk
FA-GL-000016,FA-HH-00026,Home Purchase,175834.05,52.8,2029-02-28,On Track
FA-GL-000017,FA-HH-00027,Home Purchase,446735.92,69.2,2046-06-09,At Risk
FA-GL-000018,FA-HH-00031,Travel,44211.88,28.4,2028-03-01,At Risk
FA-GL-000019,FA-HH-00032,Home Purchase,623693.22,33.2,2031-02-17,At Risk
FA-GL-000020,FA-HH-00034,Emergency Fund,202134.9,62.7,2027-11-05,On Track
FA-GL-000021,FA-HH-00036,Home Purchase,252900.82,26.4,2033-01-18,On Track
FA-GL-000022,FA-HH-00037,Home Purchase,397652.0,59.9,2033-09-16,On Track
FA-GL-000023,FA-HH-00038,Emergency Fund,171223.75,68.6,2047-05-15,On Track
FA-GL-000024,FA-HH-00039,Retirement,463266.25,11.1,2035-03-30,Off Track
FA-GL-000025,FA-HH-00045,Emergency Fund,161090.85,50.5,2037-09-25,Completed
FA-GL-000026,FA-HH-00055,Retirement,120452.98,52.7,2035-02-12,On Track
FA-GL-000027,FA-HH-00059,Retirement,617413.56,74.9,2041-11-13,Completed
FA-GL-000028,FA-HH-00060,Emergency Fund,254458.07,71.8,2037-09-18,At Risk
FA-GL-000029,FA-HH-00060,Home Purchase,288156.63,87.9,2042-04-10,On Track
FA-GL-000030,FA-HH-00066,Education,305442.87,7.2,2037-11-09,On Track
FA-GL-000031,FA-HH-00067,Retirement,597616.94,91.2,2030-05-28,On Track
FA-GL-000032,FA-HH-00068,Education,1627471.63,34.1,2030-08-17,On Track
FA-GL-000033,FA-HH-00068,Travel,189274.94,13.5,2047-06-17,On Track
FA-GL-000034,FA-HH-00069,Education,193676.65,42.0,2047-10-16,On Track
FA-GL-000035,FA-HH-00070,Travel,240343.31,65.7,2029-01-06,At Risk
FA-GL-000036,FA-HH-00071,Emergency Fund,375890.49,91.0,2032-05-24,On Track
FA-GL-000037,FA-HH-00072,Emergency Fund,45899.31,32.9,2028-10-03,At Risk
FA-GL-000038,FA-HH-00074,Emergency Fund,394717.84,52.2,2043-01-31,On Track
FA-GL-000039,FA-HH-00080,Travel,68737.46,103.2,2042-08-30,Off Track
FA-GL-000040,FA-HH-00081,Travel,371176.63,51.8,2041-05-10,On Track
FA-GL-000041,FA-HH-00081,Travel,326075.76,26.4,2031-09-04,On Track
FA-GL-000042,FA-HH-00082,Retirement,753827.78,56.9,2040-10-04,Completed
FA-GL-000043,FA-HH-00084,Emergency Fund,860969.8,57.7,2040-11-28,Off Track
FA-GL-000044,FA-HH-00084,Travel,595901.58,39.4,2037-09-16,On Track
FA-GL-000045,FA-HH-00091,Education,738773.04,58.3,2042-10-11,On Track
FA-GL-000046,FA-HH-00091,Travel,372106.48,86.8,2039-03-14,At Risk
FA-GL-000047,FA-HH-00092,Emergency Fund,155929.24,53.1,2028-10-29,At Risk
FA-GL-000048,FA-HH-00096,Emergency Fund,509314.67,74.5,2035-01-04,On Track
FA-GL-000049,FA-HH-00099,Education,647070.81,67.9,2042-02-08,On Track
FA-GL-000050,FA-HH-00101,Education,207444.96,41.3,2047-12-22,On Track
FA-GL-000051,FA-HH-00103,Emergency Fund,426029.89,42.5,2045-08-31,On Track
FA-GL-000052,FA-HH-00105,Education,94845.29,31.2,2036-07-22,On Track
FA-GL-000053,FA-HH-00107,Education,387631.26,17.8,2040-08-19,At Risk
FA-GL-000054,FA-HH-00111,Home Purchase,435171.89,27.5,2028-05-24,On Track
FA-GL-000055,FA-HH-00113,Emergency Fund,464492.66,54.4,2043-04-28,Completed
FA-GL-000056,FA-HH-00115,Retirement,51315.23,64.9,2037-10-03,Off Track
FA-GL-000057,FA-HH-00117,Education,43956.12,61.3,2029-03-28,On Track
FA-GL-000058,FA-HH-00117,Retirement,912774.16,11.2,2035-11-12,On Track
FA-GL-000059,FA-HH-00118,Retirement,868273.0,108.1,2031-01-09,Off Track
FA-GL-000060,FA-HH-00122,Emergency Fund,67844.11,76.4,2037-09-18,At Risk
FA-GL-000061,FA-HH-00124,Education,562310.26,18.4,2046-12-14,At Risk
FA-GL-000062,FA-HH-00126,Travel,137192.6,46.3,2028-10-15,On Track
FA-GL-000063,FA-HH-00128,Emergency Fund,298741.9,25.5,2029-03-26,On Track
FA-GL-000064,FA-HH-00128,Retirement,229233.2,36.5,2027-02-06,On Track
FA-GL-000065,FA-HH-00129,Emergency Fund,91388.17,13.0,2037-12-01,On Track
FA-GL-000066,FA-HH-00134,Education,113695.4,27.0,2028-03-27,At Risk
FA-GL-000067,FA-HH-00136,Retirement,213775.54,48.3,2027-06-21,Off Track
FA-GL-000068,FA-HH-00139,Education,231277.7,93.7,2044-02-11,On Track
FA-GL-000069,FA-HH-00139,Emergency Fund,382543.08,50.4,2032-04-23,Off Track
FA-GL-000070,FA-HH-00141,Retirement,381254.63,34.3,2035-01-24,On Track
FA-GL-000071,FA-HH-00144,Retirement,136186.58,106.3,2027-01-11,At Risk
FA-GL-000072,FA-HH-00145,Education,240632.53,10.5,2031-06-23,Off Track
FA-GL-000073,FA-HH-00149,Emergency Fund,1000971.98,33.4,2028-09-03,On Track
FA-GL-000074,FA-HH-00155,Emergency Fund,570537.16,56.4,2036-11-30,On Track
FA-GL-000075,FA-HH-00160,Travel,164488.92,63.5,2037-01-15,At Risk
FA-GL-000076,FA-HH-00163,Retirement,1356598.56,54.3,2042-04-14,On Track
FA-GL-000077,FA-HH-00164,Emergency Fund,45817.94,14.1,2040-02-07,At Risk
FA-GL-000078,FA-HH-00166,Education,475603.58,68.8,2033-07-28,At Risk
FA-GL-000079,FA-HH-00168,Home Purchase,47508.16,23.8,2048-07-01,Off Track
FA-GL-000080,FA-HH-00169,Education,127563.06,76.5,2033-02-05,On Track
FA-GL-000081,FA-HH-00169,Education,377836.71,64.0,2035-11-08,Completed
FA-GL-000082,FA-HH-00173,Home Purchase,80895.64,8.4,2029-02-04,On Track
FA-GL-000083,FA-HH-00175,Emergency Fund,218762.26,83.6,2030-04-27,On Track
FA-GL-000084,FA-HH-00176,Home Purchase,310452.38,67.0,2038-06-06,Completed
FA-GL-000085,FA-HH-00180,Education,444265.77,65.2,2041-08-10,At Risk
FA-GL-000086,FA-HH-00183,Retirement,419900.71,81.8,2028-07-06,Off Track
FA-GL-000087,FA-HH-00183,Education,588167.02,74.1,2031-05-31,Off Track
FA-GL-000088,FA-HH-00187,Emergency Fund,2138150.15,41.2,2038-12-24,At Risk
FA-GL-000089,FA-HH-00188,Emergency Fund,508535.84,21.6,2044-04-15,Completed
FA-GL-000090,FA-HH-00188,Emergency Fund,130695.79,2.7,2040-08-06,On Track
FA-GL-000091,FA-HH-00197,Emergency Fund,379149.01,50.1,2040-09-30,On Track
FA-GL-000092,FA-HH-00198,Education,422904.85,8.7,2044-10-08,Off Track
FA-GL-000093,FA-HH-00200,Emergency Fund,28323.14,58.7,2048-05-08,On Track
FA-GL-000094,FA-HH-00200,Emergency Fund,864894.39,52.6,2033-04-22,On Track
FA-GL-000095,FA-HH-00202,Education,843318.54,90.2,2041-08-23,On Track
FA-GL-000096,FA-HH-00203,Emergency Fund,266664.62,39.3,2048-03-18,On Track
FA-GL-000097,FA-HH-00204,Education,113734.68,11.7,2041-04-24,On Track
FA-GL-000098,FA-HH-00208,Travel,164875.41,25.7,2046-02-18,On Track
FA-GL-000099,FA-HH-00208,Home Purchase,360554.58,50.4,2027-02-11,On Track
FA-GL-000100,FA-HH-00209,Retirement,172740.31,76.0,2048-09-30,On Track
FA-GL-000101,FA-HH-00212,Retirement,215847.38,76.7,2033-08-11,On Track
FA-GL-000102,FA-HH-00214,Retirement,1033935.98,68.2,2040-05-07,On Track
FA-GL-000103,FA-HH-00218,Emergency Fund,462566.28,87.9,2044-11-07,On Track
FA-GL-000104,FA-HH-00218,Travel,185638.1,84.9,2044-08-18,Completed
FA-GL-000105,FA-HH-00221,Travel,976807.2,24.9,2048-05-30,On Track
FA-GL-000106,FA-HH-00226,Education,395025.94,87.6,2041-07-14,Off Track
FA-GL-000107,FA-HH-00226,Education,216676.79,54.0,2047-08-13,On Track
FA-GL-000108,FA-HH-00229,Travel,234412.52,51.4,2029-11-19,On Track
FA-GL-000109,FA-HH-00233,Education,129121.87,67.3,2027-02-11,Off Track
FA-GL-000110,FA-HH-00236,Travel,330584.65,57.1,2037-06-04,On Track
FA-GL-000111,FA-HH-00237,Home Purchase,383665.0,45.5,2045-01-07,On Track
FA-GL-000112,FA-HH-00238,Retirement,76775.48,58.5,2047-05-23,At Risk
FA-GL-000113,FA-HH-00239,Home Purchase,104175.4,105.7,2041-07-22,On Track
FA-GL-000114,FA-HH-00243,Education,567579.78,41.6,2044-04-05,Off Track
FA-GL-000115,FA-HH-00249,Home Purchase,975874.16,95.0,2035-08-17,Off Track
FA-GL-000116,FA-HH-00254,Home Purchase,161270.45,40.6,2038-08-11,On Track
FA-GL-000117,FA-HH-00258,Education,140256.05,86.6,2034-08-05,Off Track
FA-GL-000118,FA-HH-00259,Emergency Fund,972836.86,81.5,2038-11-30,On Track
FA-GL-000119,FA-HH-00262,Emergency Fund,384757.51,16.0,2034-02-26,At Risk
FA-GL-000120,FA-HH-00268,Emergency Fund,123439.98,14.9,2034-07-04,Off Track
FA-GL-000121,FA-HH-00277,Emergency Fund,180907.14,91.5,2027-12-06,On Track
FA-GL-000122,FA-HH-00278,Travel,77222.19,17.3,2027-11-25,At Risk
FA-GL-000123,FA-HH-00278,Retirement,487813.41,6.4,2043-06-18,On Track
FA-GL-000124,FA-HH-00284,Home Purchase,54498.38,51.3,2039-09-02,At Risk
FA-GL-000125,FA-HH-00289,Home Purchase,117884.35,15.5,2045-08-14,On Track
FA-GL-000126,FA-HH-00289,Emergency Fund,369989.35,29.0,2047-03-23,On Track
FA-GL-000127,FA-HH-00291,Education,225256.23,58.6,2029-11-29,On Track
FA-GL-000128,FA-HH-00291,Home Purchase,970667.96,38.7,2041-10-16,Completed
FA-GL-000129,FA-HH-00293,Travel,1023276.15,14.8,2045-07-09,On Track
FA-GL-000130,FA-HH-00294,Education,476802.75,79.1,2036-09-15,At Risk
FA-GL-000131,FA-HH-00294,Travel,250791.99,79.3,2027-06-22,At Risk
FA-GL-000132,FA-HH-00301,Education,172847.33,48.0,2039-01-02,Completed
FA-GL-000133,FA-HH-00306,Home Purchase,492485.48,45.8,2046-07-04,On Track
FA-GL-000134,FA-HH-00307,Emergency Fund,186278.06,53.5,2041-01-29,At Risk
FA-GL-000135,FA-HH-00309,Travel,690874.74,63.4,2028-07-26,At Risk
FA-GL-000136,FA-HH-00311,Travel,218669.7,106.0,2028-12-03,On Track
FA-GL-000137,FA-HH-00312,Travel,426940.18,66.6,2040-05-04,At Risk
FA-GL-000138,FA-HH-00313,Travel,486618.03,24.3,2031-11-21,At Risk
FA-GL-000139,FA-HH-00318,Education,1618540.43,63.6,2041-09-08,Completed
FA-GL-000140,FA-HH-00326,Home Purchase,817131.98,59.3,2037-04-15,On Track
FA-GL-000141,FA-HH-00330,Education,674024.52,103.3,2044-03-10,Completed
FA-GL-000142,FA-HH-00333,Emergency Fund,100945.89,31.4,2042-08-28,At Risk
FA-GL-000143,FA-HH-00334,Retirement,643389.61,51.7,2043-03-18,On Track
FA-GL-000144,FA-HH-00336,Home Purchase,549051.87,50.1,2049-08-19,On Track
FA-GL-000145,FA-HH-00336,Education,642266.3,10.7,2035-07-16,Completed
FA-GL-000146,FA-HH-00338,Emergency Fund,97254.58,87.7,2044-06-17,Off Track
FA-GL-000147,FA-HH-00338,Travel,51030.18,57.8,2043-07-21,On Track
FA-GL-000148,FA-HH-00340,Education,326484.57,68.0,2036-09-09,On Track
FA-GL-000149,FA-HH-00346,Travel,567211.48,9.5,2032-12-01,At Risk
FA-GL-000150,FA-HH-00352,Retirement,338431.98,9.9,2037-02-20,At Risk
FA-GL-000151,FA-HH-00354,Education,466935.04,29.5,2038-06-08,On Track
FA-GL-000152,FA-HH-00358,Emergency Fund,186735.74,23.9,2034-10-15,Completed
FA-GL-000153,FA-HH-00358,Home Purchase,566076.81,23.1,2036-02-16,On Track
FA-GL-000154,FA-HH-00360,Retirement,138778.64,6.7,2028-07-02,At Risk
FA-GL-000155,FA-HH-00362,Emergency Fund,161298.27,105.4,2036-03-24,Completed
FA-GL-000156,FA-HH-00363,Education,594465.07,12.4,2043-10-15,On Track
FA-GL-000157,FA-HH-00363,Emergency Fund,181817.31,79.7,2029-11-23,Completed
FA-GL-000158,FA-HH-00364,Retirement,110078.4,44.0,2028-08-10,Off Track
FA-GL-000159,FA-HH-00367,Travel,214942.4,15.3,2040-01-29,On Track
FA-GL-000160,FA-HH-00375,Home Purchase,594192.46,50.1,2037-02-05,Completed
FA-GL-000161,FA-HH-00380,Education,196722.86,98.1,2046-05-03,On Track
FA-GL-000162,FA-HH-00382,Travel,267581.43,39.9,2035-05-15,On Track
FA-GL-000163,FA-HH-00382,Emergency Fund,104432.91,77.5,2032-11-23,On Track
FA-GL-000164,FA-HH-00383,Emergency Fund,737369.33,59.4,2033-10-01,On Track
FA-GL-000165,FA-HH-00388,Travel,177341.55,41.3,2039-01-22,On Track
FA-GL-000166,FA-HH-00389,Emergency Fund,295664.9,27.7,2039-08-22,At Risk
FA-GL-000167,FA-HH-00389,Education,122942.42,74.9,2036-04-03,On Track
FA-GL-000168,FA-HH-00391,Emergency Fund,259246.38,33.4,2041-03-09,On Track
FA-GL-000169,FA-HH-00394,Retirement,100857.57,59.2,2039-04-27,At Risk
FA-GL-000170,FA-HH-00398,Emergency Fund,2252939.64,33.9,2038-07-30,On Track
FA-GL-000171,FA-HH-00399,Emergency Fund,125806.06,88.0,2034-01-21,Off Track
FA-GL-000172,FA-HH-00404,Emergency Fund,474799.65,39.4,2044-01-13,At Risk
FA-GL-000173,FA-HH-00408,Emergency Fund,79175.4,57.9,2027-03-29,On Track
FA-GL-000174,FA-HH-00409,Retirement,46715.39,21.8,2036-02-04,Off Track
FA-GL-000175,FA-HH-00410,Education,124774.59,48.7,2034-04-12,At Risk
FA-GL-000176,FA-HH-00412,Retirement,96257.57,40.9,2045-03-19,On Track
FA-GL-000177,FA-HH-00412,Retirement,184243.07,8.6,2036-02-03,At Risk
FA-GL-000178,FA-HH-00413,Home Purchase,215640.49,31.8,2036-03-01,At Risk
FA-GL-000179,FA-HH-00415,Emergency Fund,72105.69,76.6,2038-11-20,Off Track
FA-GL-000180,FA-HH-00419,Travel,455875.08,43.3,2039-08-07,On Track
FA-GL-000181,FA-HH-00419,Home Purchase,156382.82,65.5,2045-04-10,At Risk
FA-GL-000182,FA-HH-00424,Travel,395598.49,83.7,2046-08-15,On Track
FA-GL-000183,FA-HH-00425,Home Purchase,152072.91,5.0,2048-04-21,On Track
FA-GL-000184,FA-HH-00429,Emergency Fund,62441.75,75.4,2028-11-22,Off Track
FA-GL-000185,FA-HH-00434,Education,84134.51,31.3,2036-07-27,On Track
FA-GL-000186,FA-HH-00434,Education,80526.28,78.8,2030-05-11,Completed
FA-GL-000187,FA-HH-00437,Emergency Fund,451746.55,97.5,2030-12-02,On Track
FA-GL-000188,FA-HH-00446,Education,35714.17,74.8,2046-08-04,On Track
FA-GL-000189,FA-HH-00460,Emergency Fund,15217.02,21.1,2036-05-16,Completed
FA-GL-000190,FA-HH-00460,Emergency Fund,110115.92,4.5,2039-01-13,Off Track
FA-GL-000191,FA-HH-00462,Retirement,145180.97,85.1,2044-04-03,On Track
FA-GL-000192,FA-HH-00464,Emergency Fund,256141.84,61.2,2046-09-11,On Track
FA-GL-000193,FA-HH-00467,Education,272298.02,77.3,2037-08-26,On Track
FA-GL-000194,FA-HH-00467,Emergency Fund,151234.7,95.7,2047-10-01,On Track
FA-GL-000195,FA-HH-00470,Education,158173.62,89.9,2031-07-05,On Track
FA-GL-000196,FA-HH-00470,Home Purchase,156128.56,88.6,2027-05-21,Off Track
FA-GL-000197,FA-HH-00471,Emergency Fund,280251.11,60.5,2027-01-25,At Risk
FA-GL-000198,FA-HH-00473,Travel,1171280.8,82.8,2037-10-26,On Track
FA-GL-000199,FA-HH-00473,Education,808072.92,57.9,2031-05-06,Completed
FA-GL-000200,FA-HH-00476,Home Purchase,406913.55,85.4,2045-01-11,At Risk
FA-GL-000201,FA-HH-00481,Emergency Fund,270893.25,46.3,2036-09-03,At Risk
FA-GL-000202,FA-HH-00491,Travel,218724.71,65.6,2046-11-13,Completed
FA-GL-000203,FA-HH-00492,Emergency Fund,731233.89,35.0,2037-10-26,On Track
FA-GL-000204,FA-HH-00493,Emergency Fund,1192931.25,51.0,2046-01-22,On Track
FA-GL-000205,FA-HH-00494,Education,373632.82,105.4,2039-09-17,At Risk
FA-GL-000206,FA-HH-00494,Home Purchase,140651.06,63.1,2032-01-23,On Track
FA-GL-000207,FA-HH-00497,Travel,239255.75,107.9,2037-06-18,Off Track
FA-GL-000208,FA-HH-00499,Home Purchase,619988.85,102.9,2040-05-15,At Risk
FA-GL-000209,FA-HH-00505,Emergency Fund,99510.18,60.7,2047-05-25,On Track
FA-GL-000210,FA-HH-00510,Education,309392.29,27.5,2038-10-26,Off Track
FA-GL-000211,FA-HH-00511,Retirement,578056.57,40.9,2027-11-11,On Track
FA-GL-000212,FA-HH-00512,Emergency Fund,474219.59,11.1,2031-03-23,On Track
FA-GL-000213,FA-HH-00512,Home Purchase,90403.75,43.0,2044-07-15,Off Track
FA-GL-000214,FA-HH-00513,Emergency Fund,222238.85,43.3,2037-08-04,On Track
FA-GL-000215,FA-HH-00517,Education,486224.39,105.8,2036-08-02,On Track
FA-GL-000216,FA-HH-00521,Home Purchase,818367.19,52.6,2045-04-17,Off Track
FA-GL-000217,FA-HH-00530,Emergency Fund,305422.29,109.2,2041-11-04,Off Track
FA-GL-000218,FA-HH-00531,Education,76933.22,2.9,2044-09-25,On Track
FA-GL-000219,FA-HH-00539,Retirement,902845.04,103.3,2031-11-10,On Track
FA-GL-000220,FA-HH-00540,Home Purchase,415255.79,107.4,2032-05-02,At Risk
FA-GL-000221,FA-HH-00541,Travel,2535376.75,89.0,2035-05-19,On Track
FA-GL-000222,FA-HH-00541,Travel,730438.59,20.9,2039-11-17,On Track
FA-GL-000223,FA-HH-00542,Emergency Fund,160139.04,15.9,2039-03-28,Completed
FA-GL-000224,FA-HH-00550,Education,342471.8,5.9,2043-07-10,On Track
FA-GL-000225,FA-HH-00552,Home Purchase,253397.93,4.2,2027-10-25,Off Track
FA-GL-000226,FA-HH-00556,Retirement,172635.91,92.6,2031-07-05,On Track
FA-GL-000227,FA-HH-00559,Travel,85119.67,2.6,2030-11-25,On Track
FA-GL-000228,FA-HH-00560,Emergency Fund,272624.88,52.4,2038-01-28,At Risk
FA-GL-000229,FA-HH-00565,Travel,687806.66,105.4,2034-05-10,On Track
FA-GL-000230,FA-HH-00565,Education,160836.96,81.1,2037-01-31,At Risk
FA-GL-000231,FA-HH-00568,Retirement,184705.62,64.8,2046-11-26,Off Track
FA-GL-000232,FA-HH-00568,Education,694075.89,74.9,2046-12-23,Off Track
FA-GL-000233,FA-HH-00573,Education,690909.29,98.2,2030-03-30,On Track
FA-GL-000234,FA-HH-00573,Emergency Fund,885538.43,92.3,2047-02-26,On Track
FA-GL-000235,FA-HH-00578,Home Purchase,65415.27,74.2,2037-03-02,On Track
FA-GL-000236,FA-HH-00580,Retirement,246953.36,97.4,2040-01-12,On Track
FA-GL-000237,FA-HH-00582,Retirement,830416.32,32.5,2048-07-01,On Track
FA-GL-000238,FA-HH-00582,Retirement,1247260.53,76.2,2027-04-28,On Track
FA-GL-000239,FA-HH-00583,Travel,539223.04,93.5,2039-09-21,On Track
FA-GL-000240,FA-HH-00588,Travel,342938.07,24.8,2027-02-16,At Risk
FA-GL-000241,FA-HH-00596,Retirement,806046.46,39.0,2045-01-28,At Risk
FA-GL-000242,FA-HH-00603,Emergency Fund,181931.83,37.8,2028-04-07,Completed
FA-GL-000243,FA-HH-00608,Education,722278.01,80.5,2028-06-03,At Risk
FA-GL-000244,FA-HH-00610,Home Purchase,104129.46,34.0,2044-01-24,Completed
FA-GL-000245,FA-HH-00610,Education,255496.29,66.7,2043-10-31,On Track
FA-GL-000246,FA-HH-00614,Home Purchase,428943.4,49.2,2033-01-16,At Risk
FA-GL-000247,FA-HH-00614,Travel,149573.26,86.1,2035-01-29,On Track
FA-GL-000248,FA-HH-00617,Education,174409.01,37.7,2032-06-21,At Risk
FA-GL-000249,FA-HH-00618,Emergency Fund,161601.82,37.4,2045-01-24,At Risk
FA-GL-000250,FA-HH-00618,Emergency Fund,339228.24,81.4,2043-09-24,Completed
FA-GL-000251,FA-HH-00622,Education,162344.86,102.5,2045-03-08,Completed
FA-GL-000252,FA-HH-00623,Emergency Fund,92174.25,86.6,2043-02-02,Completed
FA-GL-000253,FA-HH-00627,Travel,82381.22,109.8,2032-05-17,On Track
FA-GL-000254,FA-HH-00635,Home Purchase,822017.24,89.3,2037-10-01,At Risk
FA-GL-000255,FA-HH-00640,Retirement,271450.82,62.4,2039-07-04,Off Track
FA-GL-000256,FA-HH-00640,Home Purchase,544169.08,84.0,2035-03-15,At Risk
FA-GL-000257,FA-HH-00641,Retirement,205144.14,5.2,2039-08-15,Off Track
FA-GL-000258,FA-HH-00643,Retirement,277783.32,66.0,2047-03-08,On Track
FA-GL-000259,FA-HH-00645,Travel,119141.1,79.1,2043-01-08,On Track
FA-GL-000260,FA-HH-00645,Home Purchase,242560.49,102.7,2042-04-16,At Risk
FA-GL-000261,FA-HH-00646,Retirement,441694.07,28.9,2040-04-09,On Track
FA-GL-000262,FA-HH-00647,Travel,99976.86,16.6,2036-09-22,On Track
FA-GL-000263,FA-HH-00650,Emergency Fund,666988.25,82.4,2033-06-09,Completed
FA-GL-000264,FA-HH-00653,Education,133650.87,49.2,2034-01-17,Off Track
FA-GL-000265,FA-HH-00654,Home Purchase,46140.17,75.8,2033-11-07,At Risk
FA-GL-000266,FA-HH-00654,Emergency Fund,111562.21,28.7,2042-02-02,Completed
FA-GL-000267,FA-HH-00663,Travel,277618.33,12.7,2035-08-22,On Track
FA-GL-000268,FA-HH-00667,Emergency Fund,205889.16,56.1,2032-02-11,At Risk
FA-GL-000269,FA-HH-00668,Retirement,1015078.98,41.8,2030-03-03,At Risk
FA-GL-000270,FA-HH-00668,Education,81906.03,91.7,2033-10-04,Off Track
FA-GL-000271,FA-HH-00671,Education,155617.92,101.1,2042-07-19,On Track
FA-GL-000272,FA-HH-00676,Home Purchase,517899.89,33.4,2046-08-15,Off Track
FA-GL-000273,FA-HH-00676,Home Purchase,644431.05,52.5,2027-12-03,Off Track
FA-GL-000274,FA-HH-00678,Education,357497.22,49.9,2043-05-03,On Track
FA-GL-000275,FA-HH-00691,Emergency Fund,123836.54,4.9,2036-05-14,On Track
FA-GL-000276,FA-HH-00695,Home Purchase,243624.8,69.6,2029-01-27,At Risk
FA-GL-000277,FA-HH-00706,Home Purchase,701749.77,76.5,2035-01-11,On Track
FA-GL-000278,FA-HH-00707,Emergency Fund,70609.01,39.2,2046-06-29,At Risk
FA-GL-000279,FA-HH-00710,Emergency Fund,277738.83,30.9,2035-06-10,On Track
FA-GL-000280,FA-HH-00711,Travel,333924.09,21.3,2035-03-04,On Track
FA-GL-000281,FA-HH-00711,Home Purchase,156764.83,70.0,2049-06-03,On Track
FA-GL-000282,FA-HH-00712,Emergency Fund,243140.24,11.1,2045-07-17,At Risk
FA-GL-000283,FA-HH-00716,Education,1463293.26,45.4,2033-06-19,Off Track
FA-GL-000284,FA-HH-00719,Retirement,39092.38,79.2,2039-08-13,At Risk
FA-GL-000285,FA-HH-00720,Home Purchase,313313.83,26.2,2040-02-27,On Track
FA-GL-000286,FA-HH-00721,Education,293426.32,56.8,2042-12-07,On Track
FA-GL-000287,FA-HH-00721,Home Purchase,266766.2,106.7,2034-06-07,On Track
FA-GL-000288,FA-HH-00722,Home Purchase,259364.11,56.1,2047-06-27,Off Track
FA-GL-000289,FA-HH-00731,Retirement,283342.91,9.2,2049-10-02,On Track
FA-GL-000290,FA-HH-00732,Education,69364.42,78.1,2042-09-25,Completed
FA-GL-000291,FA-HH-00736,Emergency Fund,490033.53,34.6,2042-10-21,On Track
FA-GL-000292,FA-HH-00746,Emergency Fund,447968.23,101.6,2038-04-08,On Track
FA-GL-000293,FA-HH-00747,Travel,85464.73,38.2,2039-10-18,On Track
FA-GL-000294,FA-HH-00750,Travel,242577.13,105.2,2030-06-19,On Track
FA-GL-000295,FA-HH-00750,Travel,342597.36,26.7,2041-02-05,Off Track
FA-GL-000296,FA-HH-00753,Retirement,116864.33,109.0,2043-11-04,At Risk
FA-GL-000297,FA-HH-00757,Home Purchase,742617.19,7.1,2048-02-04,Off Track
FA-GL-000298,FA-HH-00760,Emergency Fund,222219.87,106.4,2037-04-25,Off Track
FA-GL-000299,FA-HH-00775,Travel,464653.9,92.9,2042-05-04,Off Track
FA-GL-000300,FA-HH-00775,Retirement,522367.88,56.5,2027-06-16,On Track
FA-GL-000301,FA-HH-00777,Education,1043651.23,40.9,2032-06-03,On Track
FA-GL-000302,FA-HH-00779,Home Purchase,134605.87,4.5,2048-04-25,On Track
FA-GL-000303,FA-HH-00780,Retirement,138344.71,5.2,2047-11-22,At Risk
FA-GL-000304,FA-HH-00784,Travel,274035.0,105.3,2035-11-10,On Track
FA-GL-000305,FA-HH-00799,Home Purchase,2630866.13,27.9,2035-12-07,At Risk
FA-GL-000306,FA-HH-00803,Education,53299.43,70.2,2033-06-28,On Track
FA-GL-000307,FA-HH-00805,Retirement,234547.55,90.8,2027-06-03,On Track
FA-GL-000308,FA-HH-00805,Travel,158423.55,44.9,2035-10-17,On Track
FA-GL-000309,FA-HH-00806,Travel,207374.41,50.2,2031-09-19,On Track
FA-GL-000310,FA-HH-00806,Home Purchase,109615.16,26.9,2036-01-23,On Track
FA-GL-000311,FA-HH-00807,Education,271372.05,52.0,2039-10-18,Off Track
FA-GL-000312,FA-HH-00810,Home Purchase,361044.19,96.5,2045-05-12,Completed
FA-GL-000313,FA-HH-00811,Emergency Fund,74580.77,69.4,2036-05-07,On Track
FA-GL-000314,FA-HH-00812,Education,40943.42,83.7,2045-10-30,On Track
FA-GL-000315,FA-HH-00814,Travel,494212.11,3.7,2030-11-16,On Track
FA-GL-000316,FA-HH-00814,Education,101525.33,71.5,2028-03-15,On Track
FA-GL-000317,FA-HH-00815,Home Purchase,356829.06,86.4,2027-08-14,On Track
FA-GL-000318,FA-HH-00815,Emergency Fund,121488.5,85.0,2036-11-24,On Track
FA-GL-000319,FA-HH-00819,Travel,77549.17,80.1,2038-03-28,Off Track
FA-GL-000320,FA-HH-00820,Emergency Fund,335934.73,30.5,2036-10-10,On Track
FA-GL-000321,FA-HH-00827,Education,72205.07,75.2,2033-07-01,At Risk
FA-GL-000322,FA-HH-00828,Education,134418.01,83.8,2048-06-16,Completed
FA-GL-000323,FA-HH-00831,Home Purchase,153043.22,93.3,2041-08-15,Completed
FA-GL-000324,FA-HH-00831,Education,171341.32,64.8,2031-09-01,On Track
FA-GL-000325,FA-HH-00833,Education,95540.75,39.7,2046-07-26,On Track
FA-GL-000326,FA-HH-00835,Education,228804.87,101.0,2029-11-19,On Track
FA-GL-000327,FA-HH-00837,Emergency Fund,527499.67,5.3,2037-12-22,At Risk
FA-GL-000328,FA-HH-00838,Education,1034627.66,78.7,2047-01-22,On Track
FA-GL-000329,FA-HH-00843,Emergency Fund,70282.19,2.7,2047-09-24,On Track
FA-GL-000330,FA-HH-00859,Retirement,70540.4,11.9,2040-07-20,At Risk
FA-GL-000331,FA-HH-00861,Retirement,128699.74,51.0,2047-04-27,Completed
FA-GL-000332,FA-HH-00862,Home Purchase,1415768.88,31.1,2032-06-06,At Risk
FA-GL-000333,FA-HH-00862,Travel,58844.94,7.6,2046-06-16,On Track
FA-GL-000334,FA-HH-00864,Home Purchase,107605.81,30.1,2028-09-13,On Track
FA-GL-000335,FA-HH-00875,Emergency Fund,174341.66,86.8,2028-05-19,At Risk
FA-GL-000336,FA-HH-00877,Travel,167247.29,109.4,2040-03-12,Off Track
FA-GL-000337,FA-HH-00882,Travel,210368.05,72.6,2040-09-04,On Track
FA-GL-000338,FA-HH-00882,Retirement,420576.48,13.9,2032-08-27,Off Track
FA-GL-000339,FA-HH-00888,Home Purchase,149342.1,14.3,2036-10-12,Off Track
FA-GL-000340,FA-HH-00891,Travel,273529.27,5.3,2032-06-26,On Track
FA-GL-000341,FA-HH-00893,Home Purchase,152391.11,12.4,2044-11-06,On Track
FA-GL-000342,FA-HH-00899,Home Purchase,898472.27,35.5,2037-04-21,At Risk
FA-GL-000343,FA-HH-00901,Travel,622915.18,30.8,2037-09-14,On Track
FA-GL-000344,FA-HH-00902,Education,492376.16,2.2,2036-04-23,On Track
FA-GL-000345,FA-HH-00903,Home Purchase,148869.53,101.8,2045-12-30,On Track
FA-GL-000346,FA-HH-00904,Travel,331126.9,27.7,2031-08-15,On Track
FA-GL-000347,FA-HH-00904,Education,339489.21,77.2,2047-08-27,On Track
FA-GL-000348,FA-HH-00907,Education,83483.69,71.8,2039-04-28,On Track
FA-GL-000349,FA-HH-00911,Education,522095.28,51.8,2034-03-19,On Track
FA-GL-000350,FA-HH-00916,Education,92009.56,87.6,2027-12-26,Completed
FA-GL-000351,FA-HH-00916,Home Purchase,76319.64,77.1,2028-05-04,On Track
FA-GL-000352,FA-HH-00917,Retirement,292869.17,45.0,2042-11-23,At Risk
FA-GL-000353,FA-HH-00918,Retirement,131296.58,56.2,2049-09-21,On Track
FA-GL-000354,FA-HH-00921,Home Purchase,92774.63,68.8,2031-06-01,On Track
FA-GL-000355,FA-HH-00923,Retirement,500857.62,74.1,2047-02-24,Off Track
FA-GL-000356,FA-HH-00924,Retirement,323477.17,18.7,2048-11-03,Completed
FA-GL-000357,FA-HH-00926,Retirement,131983.94,8.6,2039-04-13,Off Track
FA-GL-000358,FA-HH-00927,Emergency Fund,286021.97,94.2,2029-05-13,On Track
FA-GL-000359,FA-HH-00927,Retirement,180910.84,5.0,2048-12-12,On Track
FA-GL-000360,FA-HH-00935,Travel,201858.49,49.1,2042-02-10,Off Track
FA-GL-000361,FA-HH-00936,Emergency Fund,155230.29,59.9,2038-03-05,Completed
FA-GL-000362,FA-HH-00940,Emergency Fund,198329.47,84.6,2027-10-14,On Track
FA-GL-000363,FA-HH-00941,Emergency Fund,473347.98,78.7,2034-12-02,On Track
FA-GL-000364,FA-HH-00941,Travel,252404.61,64.2,2027-04-13,At Risk
FA-GL-000365,FA-HH-00945,Home Purchase,71497.68,4.2,2038-04-14,On Track
FA-GL-000366,FA-HH-00949,Travel,98572.1,76.2,2049-04-25,Completed
FA-GL-000367,FA-HH-00952,Travel,845608.14,44.0,2028-02-03,Off Track
FA-GL-000368,FA-HH-00954,Education,844055.99,94.0,2035-05-12,At Risk
FA-GL-000369,FA-HH-00955,Travel,307998.07,26.7,2041-03-08,Off Track
FA-GL-000370,FA-HH-00959,Travel,446151.24,41.9,2027-05-16,At Risk
FA-GL-000371,FA-HH-00961,Travel,451848.68,61.0,2042-12-09,At Risk
FA-GL-000372,FA-HH-00962,Retirement,219672.37,78.4,2046-09-24,On Track
FA-GL-000373,FA-HH-00966,Retirement,745327.73,26.5,2045-06-17,On Track
FA-GL-000374,FA-HH-00968,Emergency Fund,224180.57,101.6,2035-10-26,Off Track
FA-GL-000375,FA-HH-00988,Travel,493951.53,102.5,2034-03-25,At Risk
FA-GL-000376,FA-HH-00992,Travel,679043.14,71.1,2035-08-18,At Risk
FA-GL-000377,FA-HH-00995,Retirement,1472371.08,7.2,2047-12-25,Completed
FA-GL-000378,FA-HH-00996,Retirement,256226.47,93.9,2031-07-15,At Risk
FA-GL-000379,FA-HH-00998,Emergency Fund,375522.29,54.7,2046-12-26,At Risk
FA-GL-000380,FA-HH-00998,Emergency Fund,383552.39,20.1,2041-07-20,On Track
FA-GL-000381,FA-HH-01003,Education,84158.96,28.6,2037-05-23,Completed
FA-GL-000382,FA-HH-01008,Travel,288243.95,109.0,2037-01-29,On Track
FA-GL-000383,FA-HH-01013,Emergency Fund,227611.31,3.9,2028-04-22,At Risk
FA-GL-000384,FA-HH-01013,Home Purchase,331245.86,58.4,2039-09-23,Completed
FA-GL-000385,FA-HH-01015,Education,216354.46,4.4,2039-01-18,On Track
FA-GL-000386,FA-HH-01015,Retirement,215961.51,87.0,2034-08-05,Completed
FA-GL-000387,FA-HH-01016,Retirement,250942.26,29.0,2037-09-15,Off Track
FA-GL-000388,FA-HH-01020,Retirement,615040.7,65.2,2027-11-14,At Risk
FA-GL-000389,FA-HH-01023,Emergency Fund,272121.97,88.6,2035-01-13,On Track
FA-GL-000390,FA-HH-01025,Travel,221591.15,61.5,2044-04-02,At Risk
FA-GL-000391,FA-HH-01031,Home Purchase,261191.49,75.8,2027-05-11,At Risk
FA-GL-000392,FA-HH-01036,Education,191411.73,9.4,2039-11-05,Completed
FA-GL-000393,FA-HH-01054,Emergency Fund,353974.53,58.0,2042-11-18,On Track
FA-GL-000394,FA-HH-01054,Home Purchase,521561.5,93.3,2028-08-07,At Risk
FA-GL-000395,FA-HH-01067,Home Purchase,178395.42,107.5,2034-12-27,On Track
FA-GL-000396,FA-HH-01068,Education,145235.9,37.4,2044-06-16,On Track
FA-GL-000397,FA-HH-01070,Retirement,894701.38,73.3,2030-11-22,On Track
FA-GL-000398,FA-HH-01081,Home Purchase,129949.59,18.6,2027-12-24,At Risk
FA-GL-000399,FA-HH-01082,Education,567214.24,6.6,2040-09-07,Off Track
FA-GL-000400,FA-HH-01084,Travel,44423.99,74.8,2042-05-11,On Track
FA-GL-000401,FA-HH-01086,Retirement,352136.77,26.1,2040-02-27,On Track
FA-GL-000402,FA-HH-01087,Retirement,414417.64,16.6,2047-12-27,On Track
FA-GL-000403,FA-HH-01090,Retirement,43845.65,50.2,2041-01-30,On Track
FA-GL-000404,FA-HH-01090,Home Purchase,157666.19,96.1,2035-06-09,At Risk
FA-GL-000405,FA-HH-01091,Education,96271.74,42.9,2034-02-08,Completed
FA-GL-000406,FA-HH-01099,Emergency Fund,888308.01,79.4,2032-07-24,On Track
FA-GL-000407,FA-HH-01100,Home Purchase,461169.9,104.2,2040-03-16,On Track
FA-GL-000408,FA-HH-01101,Home Purchase,807335.21,57.4,2044-11-24,On Track
FA-GL-000409,FA-HH-01102,Travel,1687433.66,69.6,2043-06-02,On Track
FA-GL-000410,FA-HH-01104,Travel,81369.81,5.4,2036-02-03,Off Track
FA-GL-000411,FA-HH-01106,Education,270593.21,20.5,2028-10-13,Completed
FA-GL-000412,FA-HH-01112,Travel,549458.98,88.2,2036-05-17,Off Track
FA-GL-000413,FA-HH-01113,Education,196961.33,56.2,2049-04-23,On Track
FA-GL-000414,FA-HH-01114,Home Purchase,64501.12,58.6,2048-08-17,On Track
FA-GL-000415,FA-HH-01119,Retirement,718588.23,88.0,2027-02-14,On Track
FA-GL-000416,FA-HH-01119,Emergency Fund,76797.06,5.5,2031-02-27,On Track
FA-GL-000417,FA-HH-01127,Home Purchase,528519.22,60.1,2043-12-22,At Risk
FA-GL-000418,FA-HH-01131,Home Purchase,110214.83,88.9,2048-01-25,On Track
FA-GL-000419,FA-HH-01131,Travel,1112271.19,23.8,2031-06-14,On Track
FA-GL-000420,FA-HH-01132,Retirement,237174.09,19.4,2032-06-15,Completed
FA-GL-000421,FA-HH-01137,Travel,1029217.34,70.8,2034-02-28,Off Track
FA-GL-000422,FA-HH-01141,Education,208692.38,89.2,2030-02-14,On Track
FA-GL-000423,FA-HH-01142,Retirement,135938.2,38.5,2037-01-15,Completed
FA-GL-000424,FA-HH-01152,Education,244388.38,82.7,2031-04-17,At Risk
FA-GL-000425,FA-HH-01152,Retirement,409441.7,67.1,2037-03-15,At Risk
FA-GL-000426,FA-HH-01157,Travel,49965.37,84.0,2047-04-04,On Track
FA-GL-000427,FA-HH-01160,Home Purchase,212854.09,51.3,2045-08-10,On Track
FA-GL-000428,FA-HH-01160,Travel,131236.3,93.4,2036-05-27,Off Track
FA-GL-000429,FA-HH-01162,Home Purchase,126957.26,60.6,2038-05-26,At Risk
FA-GL-000430,FA-HH-01166,Home Purchase,407903.81,76.3,2049-04-28,On Track
FA-GL-000431,FA-HH-01166,Emergency Fund,213342.71,27.4,2042-08-02,Completed
FA-GL-000432,FA-HH-01167,Education,247051.33,19.6,2031-04-03,On Track
FA-GL-000433,FA-HH-01171,Emergency Fund,156324.88,95.6,2034-08-03,Completed
FA-GL-000434,FA-HH-01180,Emergency Fund,714473.64,43.7,2036-11-26,Completed
FA-GL-000435,FA-HH-01182,Retirement,128586.02,38.3,2043-07-27,On Track
FA-GL-000436,FA-HH-01185,Home Purchase,891976.98,11.7,2046-12-01,On Track
FA-GL-000437,FA-HH-01185,Travel,138811.15,58.4,2044-04-18,On Track
FA-GL-000438,FA-HH-01187,Travel,36956.85,81.9,2037-11-09,At Risk
FA-GL-000439,FA-HH-01188,Travel,99882.53,77.8,2028-12-31,At Risk
FA-GL-000440,FA-HH-01193,Retirement,92336.39,86.3,2033-06-20,On Track
FA-GL-000441,FA-HH-01198,Retirement,402824.18,30.7,2034-08-16,On Track
FA-GL-000442,FA-HH-01203,Home Purchase,593904.22,29.0,2044-02-22,Off Track
FA-GL-000443,FA-HH-01205,Emergency Fund,101273.88,84.6,2033-10-06,On Track
FA-GL-000444,FA-HH-01206,Retirement,861172.26,24.9,2028-09-28,Off Track
FA-GL-000445,FA-HH-01211,Education,220207.02,60.7,2030-12-08,On Track
FA-GL-000446,FA-HH-01212,Education,356839.56,77.5,2029-07-17,Completed
FA-GL-000447,FA-HH-01212,Education,93245.52,84.9,2034-05-23,On Track
FA-GL-000448,FA-HH-01219,Travel,716931.58,83.8,2033-06-30,At Risk
FA-GL-000449,FA-HH-01222,Education,328472.13,13.5,2036-05-13,On Track
FA-GL-000450,FA-HH-01224,Travel,1023274.76,3.5,2043-04-19,On Track
FA-GL-000451,FA-HH-01227,Education,221647.57,27.8,2030-07-23,On Track
FA-GL-000452,FA-HH-01230,Education,388934.26,87.2,2032-07-22,On Track
FA-GL-000453,FA-HH-01231,Home Purchase,28291.88,67.2,2043-09-14,On Track
FA-GL-000454,FA-HH-01242,Education,193946.5,10.8,2037-02-16,Off Track
FA-GL-000455,FA-HH-01246,Travel,425081.43,64.6,2038-06-02,At Risk
FA-GL-000456,FA-HH-01248,Emergency Fund,280153.26,60.8,2046-04-30,Completed
FA-GL-000457,FA-HH-01249,Education,298897.89,57.0,2041-05-07,On Track
FA-GL-000458,FA-HH-01249,Education,238448.99,14.4,2037-10-05,At Risk
FA-GL-000459,FA-HH-01250,Emergency Fund,327125.58,40.8,2030-12-03,On Track
FA-GL-000460,FA-HH-01250,Emergency Fund,217075.98,98.6,2037-01-09,On Track
FA-GL-000461,FA-HH-01251,Education,148732.05,103.1,2034-01-03,On Track
FA-GL-000462,FA-HH-01255,Home Purchase,135256.14,95.1,2029-11-19,On Track
FA-GL-000463,FA-HH-01255,Home Purchase,92917.92,19.3,2042-03-10,Off Track
FA-GL-000464,FA-HH-01257,Retirement,310360.64,81.1,2039-02-01,Completed
FA-GL-000465,FA-HH-01259,Emergency Fund,299373.17,20.6,2043-02-13,Completed
FA-GL-000466,FA-HH-01265,Emergency Fund,306729.79,61.4,2035-06-16,Off Track
FA-GL-000467,FA-HH-01265,Education,423911.98,39.3,2029-08-25,On Track
FA-GL-000468,FA-HH-01271,Emergency Fund,343426.3,90.4,2029-04-14,At Risk
FA-GL-000469,FA-HH-01273,Travel,628451.82,95.7,2044-02-18,Completed
FA-GL-000470,FA-HH-01274,Retirement,880775.33,44.1,2029-04-28,Completed
FA-GL-000471,FA-HH-01275,Home Purchase,243343.58,52.7,2033-02-09,On Track
FA-GL-000472,FA-HH-01275,Education,170018.61,20.8,2038-07-21,On Track
FA-GL-000473,FA-HH-01276,Education,189805.46,7.8,2046-11-07,Completed
FA-GL-000474,FA-HH-01276,Home Purchase,84471.35,29.2,2034-10-31,On Track
FA-GL-000475,FA-HH-01279,Retirement,132088.4,50.4,2045-06-14,On Track
FA-GL-000476,FA-HH-01280,Education,952449.78,88.4,2046-06-04,On Track
FA-GL-000477,FA-HH-01283,Emergency Fund,74399.87,93.6,2032-09-02,At Risk
FA-GL-000478,FA-HH-01287,Retirement,661350.74,51.1,2038-04-05,At Risk
FA-GL-000479,FA-HH-01291,Travel,122450.37,29.3,2042-02-06,On Track
FA-GL-000480,FA-HH-01295,Home Purchase,955123.19,37.7,2047-06-02,On Track
FA-GL-000481,FA-HH-01295,Travel,228242.2,78.6,2028-05-21,At Risk
FA-GL-000482,FA-HH-01297,Home Purchase,32196.63,31.9,2046-03-14,On Track
FA-GL-000483,FA-HH-01298,Education,56040.22,6.0,2039-06-24,On Track
FA-GL-000484,FA-HH-01300,Travel,382699.24,89.7,2040-07-06,On Track
FA-GL-000485,FA-HH-01300,Education,228872.07,11.7,2041-01-17,On Track
FA-GL-000486,FA-HH-01301,Travel,1266693.22,13.4,2036-12-31,On Track
FA-GL-000487,FA-HH-01301,Travel,128902.43,37.5,2044-12-09,On Track
FA-GL-000488,FA-HH-01304,Emergency Fund,230769.55,56.6,2042-12-22,At Risk
FA-GL-000489,FA-HH-01304,Retirement,583949.33,53.4,2045-07-16,On Track
FA-GL-000490,FA-HH-01306,Emergency Fund,483023.21,49.9,2034-09-10,Completed
FA-GL-000491,FA-HH-01312,Travel,275207.1,98.5,2047-08-23,At Risk
FA-GL-000492,FA-HH-01312,Retirement,60937.51,70.9,2032-02-18,On Track
FA-GL-000493,FA-HH-01316,Home Purchase,1186282.92,6.9,2047-12-16,At Risk
FA-GL-000494,FA-HH-01321,Emergency Fund,610066.85,96.4,2033-06-10,Off Track
FA-GL-000495,FA-HH-01321,Education,140397.48,8.8,2037-05-22,At Risk
FA-GL-000496,FA-HH-01323,Travel,117528.92,109.1,2033-08-30,Completed
FA-GL-000497,FA-HH-01325,Travel,356748.0,54.0,2048-10-31,On Track
FA-GL-000498,FA-HH-01326,Home Purchase,168236.36,24.6,2032-05-02,On Track
FA-GL-000499,FA-HH-01331,Education,165554.66,100.0,2029-11-17,At Risk
FA-GL-000500,FA-HH-01336,Retirement,807335.81,53.0,2032-06-25,Completed
FA-GL-000501,FA-HH-01338,Retirement,357750.15,28.6,2048-05-05,At Risk
FA-GL-000502,FA-HH-01341,Education,584641.73,52.8,2042-10-22,On Track
FA-GL-000503,FA-HH-01343,Emergency Fund,420867.04,82.6,2036-12-29,Completed
FA-GL-000504,FA-HH-01346,Education,154104.99,61.3,2028-11-28,On Track
FA-GL-000505,FA-HH-01346,Emergency Fund,117916.15,23.6,2033-07-14,On Track
FA-GL-000506,FA-HH-01351,Retirement,676079.36,76.5,2042-03-20,On Track
FA-GL-000507,FA-HH-01352,Retirement,222083.94,51.7,2028-11-09,On Track
FA-GL-000508,FA-HH-01353,Travel,56195.17,27.6,2039-02-20,Off Track
FA-GL-000509,FA-HH-01354,Education,355931.58,44.8,2047-11-17,On Track
FA-GL-000510,FA-HH-01361,Retirement,58003.13,17.0,2042-06-07,Off Track
FA-GL-000511,FA-HH-01363,Home Purchase,93106.65,12.2,2034-11-23,On Track
FA-GL-000512,FA-HH-01363,Travel,168817.8,20.2,2032-04-15,On Track
FA-GL-000513,FA-HH-01365,Education,52982.11,82.8,2038-12-07,Completed
FA-GL-000514,FA-HH-01366,Emergency Fund,268950.22,8.6,2044-10-27,At Risk
FA-GL-000515,FA-HH-01367,Education,352709.1,48.1,2041-01-12,On Track
FA-GL-000516,FA-HH-01375,Home Purchase,84810.93,23.6,2039-04-10,Completed
FA-GL-000517,FA-HH-01375,Education,60201.89,7.0,2032-05-10,On Track
FA-GL-000518,FA-HH-01384,Emergency Fund,88305.68,58.8,2046-01-19,On Track
FA-GL-000519,FA-HH-01387,Home Purchase,157311.75,4.7,2044-06-15,On Track
FA-GL-000520,FA-HH-01388,Education,228174.57,17.9,2044-09-04,At Risk
FA-GL-000521,FA-HH-01390,Retirement,352772.85,58.3,2047-08-28,Completed
FA-GL-000522,FA-HH-01394,Education,365661.13,93.6,2048-02-17,On Track
