LifeEventId,ClientHouseholdId,AdvisorId,EventType,EventDate,DetectedSource,FollowUpDate,FollowUpWithin14Days,OpportunityValue
FA-LE-000001,FA-HH-00002,E-0162,Retirement,2025-12-26,Agentforce Signal,2025-12-31,true,67772.5
FA-LE-000002,FA-HH-00004,E-0168,Marriage,2025-06-29,Transaction Pattern,2025-07-04,true,66725.22
FA-LE-000003,FA-HH-00006,E-0165,Marriage,2026-08-22,Client Portal,2026-08-24,true,130177.31
FA-LE-000004,FA-HH-00007,E-0153,Job Change,2025-11-10,Advisor,2025-11-15,true,50478.69
FA-LE-000005,FA-HH-00009,E-0170,Inheritance,2025-12-25,Agentforce Signal,2026-01-01,true,332650.56
FA-LE-000006,FA-HH-00014,E-0160,New Child,2026-04-22,Agentforce Signal,2026-06-09,false,65866.8
FA-LE-000007,FA-HH-00014,E-0160,New Child,2026-04-12,Advisor,2026-04-19,true,112964.22
FA-LE-000008,FA-HH-00015,E-0143,New Child,2026-04-06,Client Portal,2026-04-19,true,182034.6
FA-LE-000009,FA-HH-00020,E-0159,Job Change,2025-11-29,Advisor,2026-01-11,false,138592.24
FA-LE-000010,FA-HH-00023,E-0176,Inheritance,2025-07-20,Advisor,2025-07-24,true,180578.57
FA-LE-000011,FA-HH-00024,E-0173,Home Purchase,2026-08-16,Advisor,2026-08-25,true,29586.72
FA-LE-000012,FA-HH-00025,E-0172,Inheritance,2026-07-12,Agentforce Signal,2026-07-22,true,147746.04
FA-LE-000013,FA-HH-00028,E-0165,New Child,2025-09-06,Client Portal,2025-09-15,true,74021.03
FA-LE-000014,FA-HH-00029,E-0167,Retirement,2025-08-06,Advisor,2025-08-15,true,421287.06
FA-LE-000015,FA-HH-00030,E-0159,New Child,2025-10-27,Client Portal,2025-11-05,true,56362.87
FA-LE-000016,FA-HH-00032,E-0166,Marriage,2026-05-23,Advisor,2026-05-25,true,56701.01
FA-LE-000017,FA-HH-00034,E-0156,Job Change,2026-07-10,Transaction Pattern,2026-07-21,true,29474.09
FA-LE-000018,FA-HH-00035,E-0150,New Child,2025-09-23,Client Portal,,false,107614.33
FA-LE-000019,FA-HH-00036,E-0173,New Child,2026-07-14,Agentforce Signal,,false,13871.12
FA-LE-000020,FA-HH-00037,E-0179,Home Purchase,2026-08-12,Advisor,,false,228957.28
FA-LE-000021,FA-HH-00039,E-0167,New Child,2026-08-26,Agentforce Signal,2026-09-08,true,33325.03
FA-LE-000022,FA-HH-00041,E-0144,Job Change,2025-06-04,Agentforce Signal,2025-06-08,true,95523.74
FA-LE-000023,FA-HH-00043,E-0171,Inheritance,2026-04-13,Advisor,2026-04-14,true,57100.84
FA-LE-000024,FA-HH-00044,E-0179,Home Purchase,2026-08-28,Advisor,2026-09-02,true,7100.7
FA-LE-000025,FA-HH-00045,E-0174,New Child,2025-11-27,Transaction Pattern,2025-11-28,true,77530.93
FA-LE-000026,FA-HH-00047,E-0169,Inheritance,2025-06-13,Client Portal,2025-06-16,true,366119.48
FA-LE-000027,FA-HH-00049,E-0156,Home Purchase,2025-06-03,Advisor,2025-06-07,true,69692.55
FA-LE-000028,FA-HH-00049,E-0156,Business Sale,2026-04-06,Advisor,,false,78833.61
FA-LE-000029,FA-HH-00052,E-0172,Business Sale,2026-03-11,Agentforce Signal,,false,118650.33
FA-LE-000030,FA-HH-00057,E-0179,Marriage,2026-07-16,Advisor,2026-07-24,true,16795.66
FA-LE-000031,FA-HH-00059,E-0180,Inheritance,2025-06-19,Advisor,2025-07-01,true,221215.09
FA-LE-000032,FA-HH-00061,E-0158,New Child,2026-08-29,Advisor,,false,752506.24
FA-LE-000033,FA-HH-00064,E-0143,Job Change,2025-06-27,Advisor,2025-07-05,true,171117.25
FA-LE-000034,FA-HH-00065,E-0149,Business Sale,2025-11-18,Advisor,,false,59482.92
FA-LE-000035,FA-HH-00068,E-0159,Inheritance,2026-04-03,Advisor,,false,402775.31
FA-LE-000036,FA-HH-00069,E-0173,New Child,2026-05-11,Advisor,2026-05-14,true,80918.0
FA-LE-000037,FA-HH-00072,E-0157,New Child,2026-02-17,Client Portal,2026-03-01,true,7201.51
FA-LE-000038,FA-HH-00073,E-0151,New Child,2026-06-07,Agentforce Signal,2026-07-27,false,119364.46
FA-LE-000039,FA-HH-00074,E-0170,Inheritance,2026-03-26,Advisor,2026-04-08,true,163643.24
FA-LE-000040,FA-HH-00075,E-0160,Job Change,2025-11-12,Agentforce Signal,2025-12-02,false,33797.38
FA-LE-000041,FA-HH-00077,E-0180,New Child,2025-07-15,Advisor,2025-07-22,true,266985.58
FA-LE-000042,FA-HH-00079,E-0149,Job Change,2026-02-06,Agentforce Signal,2026-02-18,true,123290.44
FA-LE-000043,FA-HH-00080,E-0153,Marriage,2026-03-27,Advisor,2026-04-09,true,96327.31
FA-LE-000044,FA-HH-00081,E-0180,Retirement,2025-07-07,Agentforce Signal,2025-07-10,true,84315.58
FA-LE-000045,FA-HH-00082,E-0169,Inheritance,2026-06-11,Advisor,2026-06-22,true,96769.02
FA-LE-000046,FA-HH-00085,E-0170,Inheritance,2026-08-02,Client Portal,,false,180583.08
FA-LE-000047,FA-HH-00094,E-0168,New Child,2026-01-17,Client Portal,2026-01-25,true,49127.81
FA-LE-000048,FA-HH-00094,E-0168,Marriage,2025-08-15,Advisor,2025-08-26,true,115135.4
FA-LE-000049,FA-HH-00097,E-0168,Job Change,2026-03-07,Client Portal,2026-03-12,true,118428.1
FA-LE-000050,FA-HH-00107,E-0152,Marriage,2025-08-24,Transaction Pattern,2025-08-26,true,172734.95
FA-LE-000051,FA-HH-00107,E-0152,Marriage,2026-07-23,Advisor,2026-07-26,true,116450.41
FA-LE-000052,FA-HH-00110,E-0174,Home Purchase,2025-12-11,Client Portal,2025-12-12,true,17092.96
FA-LE-000053,FA-HH-00111,E-0174,New Child,2026-06-25,Advisor,2026-07-03,true,71719.09
FA-LE-000054,FA-HH-00112,E-0170,Business Sale,2025-08-25,Client Portal,2025-08-31,true,256403.32
FA-LE-000055,FA-HH-00114,E-0178,Marriage,2026-07-05,Advisor,,false,31513.58
FA-LE-000056,FA-HH-00115,E-0142,Marriage,2025-08-05,Client Portal,2025-08-12,true,100596.9
FA-LE-000057,FA-HH-00119,E-0155,Marriage,2026-05-14,Client Portal,2026-06-12,false,66787.56
FA-LE-000058,FA-HH-00124,E-0156,New Child,2026-01-11,Client Portal,,false,23260.05
FA-LE-000059,FA-HH-00124,E-0156,Inheritance,2026-04-27,Advisor,2026-05-03,true,59407.57
FA-LE-000060,FA-HH-00129,E-0174,Retirement,2025-08-24,Advisor,2025-09-04,true,26387.33
FA-LE-000061,FA-HH-00136,E-0141,Retirement,2025-09-30,Transaction Pattern,2025-10-10,true,39617.71
FA-LE-000062,FA-HH-00142,E-0159,Retirement,2026-03-12,Client Portal,2026-03-20,true,64624.92
FA-LE-000063,FA-HH-00145,E-0166,Inheritance,2026-08-11,Client Portal,2026-08-17,true,131268.22
FA-LE-000064,FA-HH-00149,E-0174,Marriage,2026-06-30,Transaction Pattern,2026-07-03,true,95673.49
FA-LE-000065,FA-HH-00149,E-0174,Marriage,2025-09-14,Agentforce Signal,,false,11160.49
FA-LE-000066,FA-HH-00152,E-0167,New Child,2025-11-14,Client Portal,2025-11-20,true,61274.81
FA-LE-000067,FA-HH-00155,E-0166,Home Purchase,2026-02-25,Advisor,2026-03-10,true,35087.23
FA-LE-000068,FA-HH-00157,E-0147,Business Sale,2025-10-03,Advisor,,false,735829.74
FA-LE-000069,FA-HH-00157,E-0147,Home Purchase,2026-03-24,Advisor,2026-05-18,false,198809.86
FA-LE-000070,FA-HH-00158,E-0158,Home Purchase,2026-04-04,Transaction Pattern,2026-04-16,true,24984.56
FA-LE-000071,FA-HH-00160,E-0175,Business Sale,2026-06-06,Agentforce Signal,2026-06-19,true,74262.34
FA-LE-000072,FA-HH-00165,E-0166,New Child,2025-07-14,Advisor,2025-07-23,true,72748.44
FA-LE-000073,FA-HH-00168,E-0156,Marriage,2025-10-27,Advisor,2025-11-09,true,232038.02
FA-LE-000074,FA-HH-00170,E-0179,Retirement,2025-06-23,Agentforce Signal,2025-08-10,false,112308.26
FA-LE-000075,FA-HH-00172,E-0176,Home Purchase,2025-11-12,Agentforce Signal,,false,421355.45
FA-LE-000076,FA-HH-00174,E-0159,Marriage,2025-06-04,Agentforce Signal,2025-06-23,false,166200.47
FA-LE-000077,FA-HH-00174,E-0159,Business Sale,2026-06-04,Client Portal,2026-06-07,true,14047.3
FA-LE-000078,FA-HH-00175,E-0143,New Child,2026-06-06,Transaction Pattern,2026-06-19,true,20204.53
FA-LE-000079,FA-HH-00176,E-0170,Business Sale,2026-04-15,Transaction Pattern,2026-04-20,true,98599.97
FA-LE-000080,FA-HH-00179,E-0171,Home Purchase,2026-01-15,Advisor,2026-01-25,true,65030.59
FA-LE-000081,FA-HH-00181,E-0147,Marriage,2026-04-03,Transaction Pattern,2026-04-16,true,74178.53
FA-LE-000082,FA-HH-00182,E-0180,Retirement,2025-10-23,Advisor,2025-11-12,false,29438.18
FA-LE-000083,FA-HH-00185,E-0148,Home Purchase,2025-11-09,Advisor,2025-11-12,true,10668.17
FA-LE-000084,FA-HH-00185,E-0148,Business Sale,2026-05-07,Agentforce Signal,2026-06-20,false,17713.66
FA-LE-000085,FA-HH-00196,E-0143,Inheritance,2025-07-07,Transaction Pattern,2025-07-12,true,11356.44
FA-LE-000086,FA-HH-00197,E-0172,New Child,2025-11-30,Agentforce Signal,2025-12-31,false,61957.76
FA-LE-000087,FA-HH-00206,E-0166,Retirement,2026-08-11,Transaction Pattern,2026-08-20,true,125914.46
FA-LE-000088,FA-HH-00207,E-0173,Marriage,2026-02-03,Advisor,2026-02-04,true,10643.3
FA-LE-000089,FA-HH-00208,E-0144,New Child,2025-12-27,Advisor,2025-12-29,true,61140.34
FA-LE-000090,FA-HH-00209,E-0175,Home Purchase,2026-03-01,Client Portal,2026-03-02,true,43025.1
FA-LE-000091,FA-HH-00209,E-0175,Business Sale,2026-05-27,Transaction Pattern,2026-05-28,true,67905.66
FA-LE-000092,FA-HH-00210,E-0175,Home Purchase,2026-06-20,Agentforce Signal,,false,259590.2
FA-LE-000093,FA-HH-00213,E-0155,New Child,2026-08-18,Client Portal,2026-10-03,false,178736.65
FA-LE-000094,FA-HH-00215,E-0158,Marriage,2026-07-03,Agentforce Signal,2026-07-30,false,112913.05
FA-LE-000095,FA-HH-00216,E-0179,Marriage,2026-06-25,Transaction Pattern,2026-06-30,true,43471.15
FA-LE-000096,FA-HH-00225,E-0142,Home Purchase,2025-10-21,Agentforce Signal,2025-10-29,true,91004.39
FA-LE-000097,FA-HH-00227,E-0148,Home Purchase,2026-08-10,Agentforce Signal,2026-08-22,true,118120.73
FA-LE-000098,FA-HH-00228,E-0177,New Child,2026-04-11,Client Portal,,false,45215.1
FA-LE-000099,FA-HH-00233,E-0169,New Child,2026-08-26,Agentforce Signal,,false,1050522.96
FA-LE-000100,FA-HH-00234,E-0142,Retirement,2026-03-15,Transaction Pattern,2026-03-17,true,40559.7
FA-LE-000101,FA-HH-00235,E-0155,Job Change,2025-10-30,Agentforce Signal,2025-11-11,true,59896.1
FA-LE-000102,FA-HH-00236,E-0161,Inheritance,2026-02-28,Advisor,2026-03-11,true,49328.67
FA-LE-000103,FA-HH-00236,E-0161,Business Sale,2026-07-20,Client Portal,,false,115857.48
FA-LE-000104,FA-HH-00237,E-0170,Home Purchase,2025-12-08,Agentforce Signal,2025-12-18,true,119949.1
FA-LE-000105,FA-HH-00239,E-0163,Home Purchase,2026-03-12,Agentforce Signal,2026-03-23,true,112255.51
FA-LE-000106,FA-HH-00244,E-0174,Business Sale,2025-09-11,Advisor,2025-09-23,true,162167.51
FA-LE-000107,FA-HH-00245,E-0167,Business Sale,2026-07-30,Transaction Pattern,2026-08-07,true,23240.07
FA-LE-000108,FA-HH-00249,E-0147,Business Sale,2026-04-21,Transaction Pattern,2026-04-23,true,147268.71
FA-LE-000109,FA-HH-00249,E-0147,Marriage,2025-06-01,Agentforce Signal,2025-06-12,true,37915.89
FA-LE-000110,FA-HH-00252,E-0151,New Child,2025-10-07,Client Portal,2025-10-15,true,52948.97
FA-LE-000111,FA-HH-00254,E-0150,Inheritance,2026-01-17,Transaction Pattern,2026-01-30,true,16521.14
FA-LE-000112,FA-HH-00255,E-0179,Inheritance,2026-04-15,Agentforce Signal,2026-04-28,true,70219.45
FA-LE-000113,FA-HH-00263,E-0175,Business Sale,2025-08-21,Advisor,,false,13877.87
FA-LE-000114,FA-HH-00267,E-0166,Marriage,2026-03-30,Transaction Pattern,,false,39515.89
FA-LE-000115,FA-HH-00271,E-0154,Business Sale,2026-06-22,Advisor,2026-07-04,true,121665.7
FA-LE-000116,FA-HH-00273,E-0145,New Child,2025-12-22,Agentforce Signal,2025-12-29,true,93826.76
FA-LE-000117,FA-HH-00282,E-0170,Job Change,2025-08-30,Advisor,2025-09-23,false,160345.17
FA-LE-000118,FA-HH-00288,E-0169,Inheritance,2026-08-19,Client Portal,2026-08-24,true,143474.23
FA-LE-000119,FA-HH-00291,E-0163,Marriage,2026-08-23,Advisor,2026-08-25,true,48131.86
FA-LE-000120,FA-HH-00302,E-0141,Home Purchase,2026-01-15,Advisor,2026-01-26,true,34478.43
FA-LE-000121,FA-HH-00306,E-0147,Inheritance,2025-09-23,Advisor,2025-09-30,true,160828.52
FA-LE-000122,FA-HH-00312,E-0150,New Child,2026-05-02,Agentforce Signal,2026-05-29,false,88734.94
FA-LE-000123,FA-HH-00312,E-0150,Retirement,2026-03-02,Client Portal,,false,14019.61
FA-LE-000124,FA-HH-00314,E-0141,New Child,2025-06-03,Advisor,,false,107178.83
FA-LE-000125,FA-HH-00314,E-0141,Inheritance,2026-07-14,Advisor,,false,169979.65
FA-LE-000126,FA-HH-00316,E-0180,Marriage,2026-07-02,Advisor,2026-07-09,true,109156.88
FA-LE-000127,FA-HH-00320,E-0160,New Child,2026-03-24,Advisor,2026-03-31,true,100480.05
FA-LE-000128,FA-HH-00320,E-0160,Inheritance,2026-06-17,Client Portal,2026-06-26,true,48721.26
FA-LE-000129,FA-HH-00322,E-0180,Home Purchase,2026-02-17,Advisor,2026-02-26,true,266608.0
FA-LE-000130,FA-HH-00335,E-0168,Job Change,2026-04-02,Advisor,2026-04-08,true,117187.28
FA-LE-000131,FA-HH-00337,E-0166,Inheritance,2026-02-08,Client Portal,2026-02-13,true,718383.73
FA-LE-000132,FA-HH-00337,E-0166,Job Change,2026-08-27,Agentforce Signal,2026-08-30,true,88613.37
FA-LE-000133,FA-HH-00338,E-0143,Home Purchase,2026-02-02,Client Portal,,false,420914.99
FA-LE-000134,FA-HH-00339,E-0153,Business Sale,2026-01-07,Client Portal,2026-01-08,true,216537.62
FA-LE-000135,FA-HH-00339,E-0153,Home Purchase,2025-11-16,Advisor,2025-11-24,true,46375.68
FA-LE-000136,FA-HH-00347,E-0148,Home Purchase,2026-02-15,Advisor,2026-02-16,true,172130.42
FA-LE-000137,FA-HH-00349,E-0174,Retirement,2026-06-29,Advisor,2026-07-06,true,102688.57
FA-LE-000138,FA-HH-00349,E-0174,Business Sale,2025-09-14,Agentforce Signal,,false,27825.71
FA-LE-000139,FA-HH-00350,E-0161,Inheritance,2026-03-18,Advisor,2026-03-24,true,26813.71
FA-LE-000140,FA-HH-00357,E-0178,Marriage,2025-06-28,Transaction Pattern,2025-07-10,true,27797.78
FA-LE-000141,FA-HH-00359,E-0141,Business Sale,2026-01-27,Advisor,2026-02-05,true,515944.18
FA-LE-000142,FA-HH-00367,E-0169,New Child,2025-08-25,Advisor,2025-09-04,true,286646.71
FA-LE-000143,FA-HH-00368,E-0164,Job Change,2026-04-11,Client Portal,2026-04-16,true,20097.86
FA-LE-000144,FA-HH-00374,E-0169,Job Change,2025-08-26,Advisor,2025-09-04,true,195034.73
FA-LE-000145,FA-HH-00377,E-0157,Retirement,2026-08-31,Agentforce Signal,2026-09-08,true,308351.72
FA-LE-000146,FA-HH-00382,E-0146,Home Purchase,2026-07-01,Agentforce Signal,2026-07-03,true,26639.18
FA-LE-000147,FA-HH-00384,E-0163,Retirement,2025-07-29,Advisor,2025-07-30,true,6167.98
FA-LE-000148,FA-HH-00385,E-0166,Job Change,2025-11-05,Agentforce Signal,2025-11-13,true,27413.91
FA-LE-000149,FA-HH-00386,E-0155,Job Change,2025-06-06,Client Portal,,false,48746.86
FA-LE-000150,FA-HH-00388,E-0168,Business Sale,2025-11-30,Advisor,2025-12-06,true,32191.53
FA-LE-000151,FA-HH-00388,E-0168,New Child,2025-08-20,Client Portal,,false,88703.86
FA-LE-000152,FA-HH-00391,E-0168,Business Sale,2026-08-05,Advisor,2026-09-26,false,135808.66
FA-LE-000153,FA-HH-00395,E-0167,Inheritance,2025-09-28,Transaction Pattern,2025-10-11,true,74537.8
FA-LE-000154,FA-HH-00405,E-0145,Home Purchase,2025-08-30,Agentforce Signal,,false,30716.02
FA-LE-000155,FA-HH-00415,E-0166,Business Sale,2026-02-25,Agentforce Signal,2026-03-02,true,49557.51
FA-LE-000156,FA-HH-00417,E-0173,Retirement,2025-10-05,Advisor,2025-10-17,true,72375.35
FA-LE-000157,FA-HH-00418,E-0160,Business Sale,2025-06-22,Advisor,2025-07-01,true,164929.28
FA-LE-000158,FA-HH-00420,E-0180,Job Change,2026-03-17,Advisor,2026-03-27,true,28635.15
FA-LE-000159,FA-HH-00422,E-0147,Home Purchase,2026-01-29,Client Portal,2026-01-31,true,298777.53
FA-LE-000160,FA-HH-00424,E-0148,Home Purchase,2026-04-17,Client Portal,,false,150096.88
FA-LE-000161,FA-HH-00425,E-0180,Marriage,2026-01-01,Agentforce Signal,2026-01-08,true,20208.35
FA-LE-000162,FA-HH-00425,E-0180,Marriage,2026-06-10,Agentforce Signal,2026-07-02,false,90047.65
FA-LE-000163,FA-HH-00426,E-0152,Business Sale,2025-06-27,Advisor,,false,68542.62
FA-LE-000164,FA-HH-00429,E-0161,Retirement,2026-06-10,Agentforce Signal,2026-06-13,true,31900.15
FA-LE-000165,FA-HH-00430,E-0177,Job Change,2025-06-28,Agentforce Signal,2025-07-04,true,8086.81
FA-LE-000166,FA-HH-00434,E-0149,Inheritance,2026-06-13,Transaction Pattern,2026-06-26,true,38179.44
FA-LE-000167,FA-HH-00440,E-0158,Job Change,2025-07-19,Advisor,2025-08-01,true,228672.17
FA-LE-000168,FA-HH-00442,E-0171,Marriage,2026-07-30,Advisor,2026-08-07,true,19470.8
FA-LE-000169,FA-HH-00443,E-0144,Business Sale,2025-12-28,Advisor,2026-01-02,true,166159.94
FA-LE-000170,FA-HH-00445,E-0159,Home Purchase,2026-06-17,Advisor,2026-06-19,true,394354.12
FA-LE-000171,FA-HH-00448,E-0146,Marriage,2026-01-09,Advisor,2026-03-06,false,144923.22
FA-LE-000172,FA-HH-00448,E-0146,Job Change,2025-11-21,Advisor,2025-11-29,true,352686.34
FA-LE-000173,FA-HH-00449,E-0159,New Child,2026-05-20,Agentforce Signal,2026-05-28,true,136709.52
FA-LE-000174,FA-HH-00450,E-0174,Home Purchase,2026-01-20,Agentforce Signal,2026-01-25,true,25462.08
FA-LE-000175,FA-HH-00451,E-0149,New Child,2025-11-22,Client Portal,2025-12-05,true,17546.8
FA-LE-000176,FA-HH-00452,E-0166,Marriage,2026-02-22,Advisor,2026-02-28,true,178349.02
FA-LE-000177,FA-HH-00455,E-0167,Marriage,2026-06-25,Agentforce Signal,2026-07-01,true,9132.19
FA-LE-000178,FA-HH-00455,E-0167,Business Sale,2026-04-27,Client Portal,2026-05-05,true,184091.1
FA-LE-000179,FA-HH-00457,E-0174,Marriage,2025-09-09,Advisor,2025-09-10,true,152892.14
FA-LE-000180,FA-HH-00463,E-0167,Business Sale,2025-12-28,Client Portal,2026-01-07,true,12075.21
FA-LE-000181,FA-HH-00464,E-0156,Job Change,2026-04-27,Agentforce Signal,2026-04-29,true,29197.08
FA-LE-000182,FA-HH-00465,E-0162,Retirement,2026-07-12,Client Portal,2026-07-24,true,11310.3
FA-LE-000183,FA-HH-00466,E-0149,Home Purchase,2026-06-11,Advisor,2026-06-21,true,175974.79
FA-LE-000184,FA-HH-00469,E-0159,Home Purchase,2025-09-19,Advisor,2025-10-14,false,111874.61
FA-LE-000185,FA-HH-00470,E-0175,Marriage,2025-12-21,Client Portal,2025-12-26,true,183372.15
FA-LE-000186,FA-HH-00473,E-0176,Inheritance,2026-06-05,Advisor,,false,98152.64
FA-LE-000187,FA-HH-00475,E-0162,New Child,2025-12-24,Transaction Pattern,2025-12-28,true,25971.29
FA-LE-000188,FA-HH-00484,E-0167,Marriage,2026-01-22,Client Portal,2026-01-29,true,9330.83
FA-LE-000189,FA-HH-00484,E-0167,Job Change,2026-01-22,Advisor,,false,7624.07
FA-LE-000190,FA-HH-00485,E-0148,Home Purchase,2025-09-24,Client Portal,2025-09-26,true,56763.77
FA-LE-000191,FA-HH-00486,E-0151,Retirement,2025-12-10,Advisor,2025-12-20,true,42112.76
FA-LE-000192,FA-HH-00489,E-0158,Business Sale,2026-05-16,Advisor,2026-07-04,false,366535.78
FA-LE-000193,FA-HH-00492,E-0173,Job Change,2026-06-24,Agentforce Signal,2026-06-30,true,71400.75
FA-LE-000194,FA-HH-00493,E-0144,Home Purchase,2026-07-28,Advisor,2026-08-28,false,206324.99
FA-LE-000195,FA-HH-00494,E-0165,Business Sale,2026-03-31,Agentforce Signal,2026-04-09,true,41836.89
FA-LE-000196,FA-HH-00495,E-0156,Home Purchase,2026-08-19,Advisor,2026-08-30,true,8554.79
FA-LE-000197,FA-HH-00499,E-0163,Home Purchase,2026-01-26,Agentforce Signal,2026-01-31,true,46702.6
FA-LE-000198,FA-HH-00504,E-0150,Retirement,2026-01-13,Advisor,2026-01-18,true,354919.7
FA-LE-000199,FA-HH-00504,E-0150,New Child,2025-07-29,Transaction Pattern,,false,45685.93
FA-LE-000200,FA-HH-00505,E-0168,Home Purchase,2025-10-25,Agentforce Signal,,false,99785.03
FA-LE-000201,FA-HH-00508,E-0169,Inheritance,2026-07-02,Client Portal,,false,40132.8
FA-LE-000202,FA-HH-00509,E-0154,New Child,2026-03-04,Agentforce Signal,2026-03-10,true,12551.86
FA-LE-000203,FA-HH-00513,E-0164,Retirement,2025-10-05,Transaction Pattern,2025-10-11,true,25281.72
FA-LE-000204,FA-HH-00515,E-0159,Home Purchase,2026-07-15,Agentforce Signal,,false,29985.53
FA-LE-000205,FA-HH-00517,E-0156,Job Change,2025-07-04,Advisor,2025-07-15,true,47934.22
FA-LE-000206,FA-HH-00519,E-0177,Inheritance,2025-09-07,Agentforce Signal,2025-09-10,true,44740.71
FA-LE-000207,FA-HH-00525,E-0167,Business Sale,2026-01-12,Advisor,2026-01-17,true,119277.01
FA-LE-000208,FA-HH-00529,E-0154,Job Change,2026-02-18,Client Portal,2026-02-19,true,231693.08
FA-LE-000209,FA-HH-00529,E-0154,Job Change,2026-02-15,Agentforce Signal,,false,171190.29
FA-LE-000210,FA-HH-00536,E-0171,Home Purchase,2025-06-06,Advisor,2025-06-15,true,84889.14
FA-LE-000211,FA-HH-00538,E-0176,Marriage,2025-07-22,Advisor,2025-07-27,true,154327.55
FA-LE-000212,FA-HH-00541,E-0141,Home Purchase,2026-08-15,Agentforce Signal,2026-08-16,true,67701.47
FA-LE-000213,FA-HH-00541,E-0141,Inheritance,2026-02-16,Client Portal,2026-02-17,true,88067.27
FA-LE-000214,FA-HH-00542,E-0180,Retirement,2025-06-17,Client Portal,2025-06-22,true,27171.37
FA-LE-000215,FA-HH-00542,E-0180,Retirement,2026-04-27,Transaction Pattern,2026-05-10,true,294177.56
FA-LE-000216,FA-HH-00548,E-0141,New Child,2026-04-30,Advisor,,false,39571.79
FA-LE-000217,FA-HH-00548,E-0141,Retirement,2025-06-09,Advisor,2025-06-16,true,36843.82
FA-LE-000218,FA-HH-00549,E-0172,Marriage,2026-05-21,Advisor,2026-05-27,true,151879.15
FA-LE-000219,FA-HH-00553,E-0180,Marriage,2025-11-14,Advisor,2026-01-04,false,110650.1
FA-LE-000220,FA-HH-00554,E-0158,Business Sale,2026-03-09,Advisor,2026-03-17,true,101225.82
FA-LE-000221,FA-HH-00554,E-0158,Marriage,2025-08-12,Agentforce Signal,2025-08-17,true,81072.72
FA-LE-000222,FA-HH-00557,E-0148,Marriage,2025-07-16,Agentforce Signal,2025-07-26,true,153333.18
FA-LE-000223,FA-HH-00559,E-0164,Job Change,2025-07-16,Agentforce Signal,2025-07-17,true,30425.08
FA-LE-000224,FA-HH-00561,E-0177,Home Purchase,2025-12-19,Client Portal,2026-01-04,false,114187.14
FA-LE-000225,FA-HH-00562,E-0170,Inheritance,2026-05-12,Agentforce Signal,2026-05-23,true,31197.5
FA-LE-000226,FA-HH-00565,E-0148,Business Sale,2025-09-22,Client Portal,2025-10-02,true,31723.64
FA-LE-000227,FA-HH-00565,E-0148,Retirement,2026-06-04,Advisor,2026-06-12,true,53178.2
FA-LE-000228,FA-HH-00568,E-0145,Marriage,2026-04-14,Advisor,2026-04-21,true,161149.9
FA-LE-000229,FA-HH-00573,E-0178,Inheritance,2025-12-08,Advisor,2026-01-28,false,73421.7
FA-LE-000230,FA-HH-00575,E-0171,Business Sale,2026-01-16,Client Portal,2026-01-22,true,69192.75
FA-LE-000231,FA-HH-00577,E-0168,Business Sale,2026-08-03,Client Portal,2026-08-21,false,31866.44
FA-LE-000232,FA-HH-00577,E-0168,Retirement,2025-09-22,Transaction Pattern,2025-09-26,true,75008.24
FA-LE-000233,FA-HH-00578,E-0160,Inheritance,2026-08-13,Agentforce Signal,2026-08-20,true,286311.8
FA-LE-000234,FA-HH-00580,E-0147,Inheritance,2025-09-30,Client Portal,2025-10-04,true,42706.59
FA-LE-000235,FA-HH-00581,E-0167,Inheritance,2026-08-04,Advisor,2026-08-11,true,297035.69
FA-LE-000236,FA-HH-00582,E-0178,Job Change,2025-07-03,Client Portal,2025-07-15,true,49600.86
FA-LE-000237,FA-HH-00587,E-0175,Home Purchase,2026-06-09,Agentforce Signal,2026-06-13,true,60074.52
FA-LE-000238,FA-HH-00588,E-0159,Job Change,2025-09-11,Advisor,2025-09-14,true,582352.23
FA-LE-000239,FA-HH-00588,E-0159,Business Sale,2026-03-12,Agentforce Signal,2026-03-22,true,20855.96
FA-LE-000240,FA-HH-00591,E-0144,Business Sale,2026-04-29,Client Portal,2026-05-04,true,528640.7
FA-LE-000241,FA-HH-00599,E-0152,Retirement,2026-08-09,Agentforce Signal,2026-08-31,false,121761.42
FA-LE-000242,FA-HH-00604,E-0143,Marriage,2025-11-03,Advisor,2025-12-06,false,47948.08
FA-LE-000243,FA-HH-00605,E-0178,Business Sale,2025-08-06,Advisor,2025-08-31,false,133445.24
FA-LE-000244,FA-HH-00605,E-0178,New Child,2025-10-13,Advisor,2025-12-06,false,109845.73
FA-LE-000245,FA-HH-00610,E-0169,Home Purchase,2026-07-23,Advisor,2026-07-29,true,155052.84
FA-LE-000246,FA-HH-00614,E-0176,Inheritance,2025-12-11,Client Portal,2025-12-13,true,19619.06
FA-LE-000247,FA-HH-00616,E-0158,Home Purchase,2026-06-06,Client Portal,2026-06-18,true,141836.6
FA-LE-000248,FA-HH-00620,E-0167,New Child,2026-07-17,Agentforce Signal,2026-08-29,false,370509.0
FA-LE-000249,FA-HH-00621,E-0151,Job Change,2026-08-08,Advisor,2026-08-20,true,69051.37
FA-LE-000250,FA-HH-00621,E-0151,Retirement,2025-06-14,Advisor,2025-07-07,false,33210.62
FA-LE-000251,FA-HH-00622,E-0162,Marriage,2026-03-14,Agentforce Signal,2026-03-20,true,85129.16
FA-LE-000252,FA-HH-00632,E-0143,Retirement,2025-12-23,Agentforce Signal,2025-12-26,true,256493.94
FA-LE-000253,FA-HH-00632,E-0143,Retirement,2026-08-29,Transaction Pattern,2026-09-03,true,256196.02
FA-LE-000254,FA-HH-00634,E-0167,New Child,2026-07-16,Client Portal,2026-09-14,false,53905.56
FA-LE-000255,FA-HH-00635,E-0159,Home Purchase,2026-01-15,Client Portal,2026-01-19,true,49412.43
FA-LE-000256,FA-HH-00635,E-0159,Job Change,2026-07-27,Client Portal,,false,21593.33
FA-LE-000257,FA-HH-00636,E-0150,Business Sale,2026-06-01,Transaction Pattern,2026-06-02,true,35699.43
FA-LE-000258,FA-HH-00637,E-0161,Business Sale,2025-12-03,Advisor,2025-12-27,false,68452.98
FA-LE-000259,FA-HH-00638,E-0153,Marriage,2026-02-17,Client Portal,2026-03-01,true,86678.9
FA-LE-000260,FA-HH-00638,E-0153,Home Purchase,2026-06-03,Agentforce Signal,2026-08-01,false,26245.96
FA-LE-000261,FA-HH-00643,E-0179,Job Change,2026-06-26,Advisor,2026-07-05,true,246894.89
FA-LE-000262,FA-HH-00649,E-0157,Retirement,2025-12-06,Client Portal,,false,345455.51
FA-LE-000263,FA-HH-00650,E-0147,Home Purchase,2026-05-02,Advisor,,false,243330.76
FA-LE-000264,FA-HH-00652,E-0170,Retirement,2026-08-18,Agentforce Signal,2026-10-10,false,138881.51
FA-LE-000265,FA-HH-00655,E-0160,Marriage,2026-01-09,Client Portal,2026-01-16,true,668965.69
FA-LE-000266,FA-HH-00658,E-0163,Business Sale,2025-08-07,Advisor,2025-08-10,true,28412.94
FA-LE-000267,FA-HH-00662,E-0144,Job Change,2026-05-23,Agentforce Signal,,false,56889.18
FA-LE-000268,FA-HH-00665,E-0180,New Child,2026-08-15,Advisor,2026-09-17,false,60676.63
FA-LE-000269,FA-HH-00669,E-0167,Retirement,2025-10-08,Agentforce Signal,2025-10-12,true,33365.79
FA-LE-000270,FA-HH-00673,E-0144,Marriage,2025-10-30,Agentforce Signal,2025-11-03,true,32007.93
FA-LE-000271,FA-HH-00674,E-0174,Inheritance,2025-12-08,Advisor,2025-12-12,true,11096.97
FA-LE-000272,FA-HH-00675,E-0179,Marriage,2025-07-11,Client Portal,2025-09-01,false,36182.07
FA-LE-000273,FA-HH-00679,E-0167,Retirement,2025-11-14,Transaction Pattern,2025-11-19,true,97002.28
FA-LE-000274,FA-HH-00681,E-0142,New Child,2025-06-29,Agentforce Signal,2025-07-09,true,344620.75
FA-LE-000275,FA-HH-00683,E-0179,Business Sale,2026-01-07,Agentforce Signal,2026-02-10,false,82695.65
FA-LE-000276,FA-HH-00684,E-0179,Home Purchase,2026-05-16,Transaction Pattern,2026-05-28,true,40788.38
FA-LE-000277,FA-HH-00685,E-0180,New Child,2025-10-20,Advisor,2025-12-17,false,50223.64
FA-LE-000278,FA-HH-00686,E-0155,Marriage,2025-10-19,Client Portal,2025-10-28,true,17750.92
FA-LE-000279,FA-HH-00687,E-0160,Inheritance,2025-06-23,Client Portal,2025-06-25,true,180380.09
FA-LE-000280,FA-HH-00687,E-0160,Job Change,2025-10-10,Agentforce Signal,2025-10-22,true,71411.97
FA-LE-000281,FA-HH-00688,E-0176,Inheritance,2026-03-01,Advisor,2026-03-08,true,73049.82
FA-LE-000282,FA-HH-00691,E-0150,Retirement,2026-08-09,Advisor,2026-08-10,true,22700.52
FA-LE-000283,FA-HH-00692,E-0170,New Child,2026-04-02,Advisor,2026-04-11,true,121526.89
FA-LE-000284,FA-HH-00694,E-0155,New Child,2026-02-10,Client Portal,2026-02-14,true,20941.8
FA-LE-000285,FA-HH-00697,E-0154,Home Purchase,2026-06-13,Transaction Pattern,2026-06-21,true,170195.09
FA-LE-000286,FA-HH-00698,E-0180,Retirement,2025-08-01,Client Portal,2025-08-04,true,149665.52
FA-LE-000287,FA-HH-00707,E-0152,Inheritance,2025-08-08,Client Portal,2025-08-20,true,11151.76
FA-LE-000288,FA-HH-00711,E-0144,Retirement,2026-08-16,Agentforce Signal,2026-08-28,true,41274.39
FA-LE-000289,FA-HH-00712,E-0156,Job Change,2026-08-05,Transaction Pattern,2026-08-27,false,17253.71
FA-LE-000290,FA-HH-00715,E-0152,Marriage,2025-07-07,Agentforce Signal,,false,183204.37
FA-LE-000291,FA-HH-00715,E-0152,Retirement,2026-04-11,Agentforce Signal,2026-04-13,true,49454.64
FA-LE-000292,FA-HH-00716,E-0159,Home Purchase,2025-09-03,Advisor,2025-09-09,true,204141.11
FA-LE-000293,FA-HH-00719,E-0154,Business Sale,2025-07-08,Advisor,,false,757908.19
FA-LE-000294,FA-HH-00722,E-0169,Inheritance,2026-06-04,Advisor,2026-07-07,false,63615.96
FA-LE-000295,FA-HH-00726,E-0175,Home Purchase,2026-03-14,Advisor,2026-04-27,false,5845.3
FA-LE-000296,FA-HH-00728,E-0162,Job Change,2025-12-04,Agentforce Signal,2025-12-05,true,31146.48
FA-LE-000297,FA-HH-00730,E-0157,Marriage,2026-04-09,Agentforce Signal,2026-04-10,true,41782.1
FA-LE-000298,FA-HH-00731,E-0172,Marriage,2025-10-28,Advisor,2025-10-30,true,160529.99
FA-LE-000299,FA-HH-00734,E-0144,Home Purchase,2026-04-07,Transaction Pattern,2026-04-19,true,221261.64
FA-LE-000300,FA-HH-00735,E-0157,Job Change,2026-08-27,Advisor,2026-08-29,true,152275.78
FA-LE-000301,FA-HH-00735,E-0157,Retirement,2025-06-10,Advisor,2025-08-04,false,39867.22
FA-LE-000302,FA-HH-00738,E-0171,Business Sale,2025-07-08,Advisor,2025-07-09,true,50438.2
FA-LE-000303,FA-HH-00738,E-0171,Business Sale,2026-06-02,Advisor,2026-06-09,true,5291.61
FA-LE-000304,FA-HH-00745,E-0175,Job Change,2025-11-26,Agentforce Signal,,false,76892.92
FA-LE-000305,FA-HH-00746,E-0174,Job Change,2026-02-14,Advisor,2026-02-26,true,142997.04
FA-LE-000306,FA-HH-00747,E-0148,Marriage,2025-12-29,Transaction Pattern,2026-01-11,true,42605.25
FA-LE-000307,FA-HH-00750,E-0158,Retirement,2025-07-05,Advisor,2025-07-09,true,13246.06
FA-LE-000308,FA-HH-00752,E-0172,Business Sale,2026-08-25,Client Portal,2026-08-29,true,149594.82
FA-LE-000309,FA-HH-00757,E-0178,Business Sale,2025-06-12,Agentforce Signal,2025-06-19,true,59025.1
FA-LE-000310,FA-HH-00757,E-0178,Job Change,2025-12-25,Transaction Pattern,2025-12-31,true,53968.09
FA-LE-000311,FA-HH-00758,E-0156,Business Sale,2025-09-29,Client Portal,2025-10-07,true,559408.3
FA-LE-000312,FA-HH-00769,E-0144,New Child,2026-02-04,Agentforce Signal,2026-02-08,true,36365.91
FA-LE-000313,FA-HH-00773,E-0161,Business Sale,2025-10-26,Advisor,2025-11-03,true,162143.0
FA-LE-000314,FA-HH-00777,E-0167,Business Sale,2026-06-27,Advisor,2026-07-10,true,79827.42
FA-LE-000315,FA-HH-00777,E-0167,New Child,2026-02-10,Advisor,2026-03-19,false,117481.74
FA-LE-000316,FA-HH-00779,E-0171,Marriage,2025-06-26,Client Portal,2025-06-27,true,87475.83
FA-LE-000317,FA-HH-00780,E-0169,Business Sale,2026-08-13,Agentforce Signal,2026-08-19,true,20703.76
FA-LE-000318,FA-HH-00781,E-0163,Marriage,2026-01-11,Client Portal,2026-01-24,true,101908.72
FA-LE-000319,FA-HH-00785,E-0157,New Child,2025-06-05,Transaction Pattern,2025-06-06,true,94503.5
FA-LE-000320,FA-HH-00788,E-0161,Inheritance,2025-08-31,Client Portal,2025-09-09,true,243781.66
FA-LE-000321,FA-HH-00791,E-0145,Business Sale,2026-02-04,Client Portal,,false,56545.27
FA-LE-000322,FA-HH-00793,E-0162,Retirement,2025-08-17,Agentforce Signal,2025-08-22,true,182639.25
FA-LE-000323,FA-HH-00793,E-0162,Home Purchase,2026-02-14,Advisor,2026-02-15,true,85022.87
FA-LE-000324,FA-HH-00797,E-0171,Home Purchase,2026-05-04,Agentforce Signal,2026-06-17,false,865034.5
FA-LE-000325,FA-HH-00800,E-0161,New Child,2026-01-11,Client Portal,2026-01-23,true,234361.25
FA-LE-000326,FA-HH-00805,E-0169,Inheritance,2025-12-30,Advisor,,false,14362.92
FA-LE-000327,FA-HH-00807,E-0165,New Child,2026-02-19,Agentforce Signal,2026-03-01,true,93790.12
FA-LE-000328,FA-HH-00808,E-0169,New Child,2025-09-30,Agentforce Signal,2025-10-18,false,35546.9
FA-LE-000329,FA-HH-00809,E-0152,Inheritance,2026-04-02,Agentforce Signal,2026-04-15,true,138995.78
FA-LE-000330,FA-HH-00809,E-0152,Job Change,2025-12-30,Advisor,,false,63743.54
FA-LE-000331,FA-HH-00816,E-0166,New Child,2026-08-31,Advisor,2026-09-13,true,62471.13
FA-LE-000332,FA-HH-00817,E-0148,Business Sale,2026-04-08,Advisor,2026-04-21,true,1669706.9
FA-LE-000333,FA-HH-00818,E-0149,Marriage,2025-10-28,Agentforce Signal,2025-11-03,true,347408.41
FA-LE-000334,FA-HH-00827,E-0168,Home Purchase,2025-10-05,Transaction Pattern,2025-10-09,true,58752.28
FA-LE-000335,FA-HH-00828,E-0165,New Child,2025-08-12,Advisor,2025-08-16,true,217169.96
FA-LE-000336,FA-HH-00829,E-0142,Inheritance,2025-06-01,Transaction Pattern,2025-07-30,false,168455.08
FA-LE-000337,FA-HH-00832,E-0167,Inheritance,2026-03-21,Advisor,2026-04-03,true,257460.48
FA-LE-000338,FA-HH-00836,E-0166,Job Change,2025-10-01,Agentforce Signal,2025-10-06,true,45596.0
FA-LE-000339,FA-HH-00837,E-0161,Inheritance,2025-06-20,Agentforce Signal,2025-06-28,true,92451.58
FA-LE-000340,FA-HH-00837,E-0161,Job Change,2025-07-01,Agentforce Signal,2025-07-03,true,63621.68
FA-LE-000341,FA-HH-00838,E-0173,Marriage,2025-08-11,Agentforce Signal,2025-08-17,true,275501.48
FA-LE-000342,FA-HH-00840,E-0180,New Child,2025-12-15,Client Portal,2025-12-28,true,133275.66
FA-LE-000343,FA-HH-00841,E-0147,Home Purchase,2026-04-12,Agentforce Signal,2026-05-07,false,23072.85
FA-LE-000344,FA-HH-00845,E-0170,Home Purchase,2026-01-01,Agentforce Signal,2026-01-03,true,36988.14
FA-LE-000345,FA-HH-00849,E-0166,Job Change,2026-05-12,Advisor,2026-05-20,true,765978.42
FA-LE-000346,FA-HH-00850,E-0177,Business Sale,2026-08-04,Client Portal,2026-08-14,true,23930.33
FA-LE-000347,FA-HH-00851,E-0146,Retirement,2025-10-17,Client Portal,2025-10-26,true,46493.48
FA-LE-000348,FA-HH-00852,E-0169,Home Purchase,2026-03-02,Advisor,2026-03-03,true,18028.03
FA-LE-000349,FA-HH-00854,E-0143,Marriage,2026-08-19,Client Portal,,false,27059.6
FA-LE-000350,FA-HH-00860,E-0174,Home Purchase,2026-07-27,Client Portal,2026-08-12,false,240880.93
FA-LE-000351,FA-HH-00862,E-0172,Business Sale,2026-05-20,Client Portal,2026-05-23,true,82637.49
FA-LE-000352,FA-HH-00863,E-0180,Home Purchase,2025-06-23,Agentforce Signal,2025-06-25,true,427099.15
FA-LE-000353,FA-HH-00863,E-0180,New Child,2026-07-02,Client Portal,2026-07-03,true,252978.67
FA-LE-000354,FA-HH-00871,E-0159,Job Change,2026-05-01,Agentforce Signal,2026-05-14,true,66429.38
FA-LE-000355,FA-HH-00873,E-0179,Job Change,2025-06-16,Agentforce Signal,,false,63102.88
FA-LE-000356,FA-HH-00878,E-0150,New Child,2026-07-28,Advisor,,false,91047.04
FA-LE-000357,FA-HH-00879,E-0169,Inheritance,2026-04-19,Agentforce Signal,2026-04-20,true,74441.42
FA-LE-000358,FA-HH-00879,E-0169,Business Sale,2025-09-21,Agentforce Signal,2025-09-28,true,371612.44
FA-LE-000359,FA-HH-00880,E-0144,Job Change,2026-01-02,Client Portal,2026-01-09,true,38590.13
FA-LE-000360,FA-HH-00883,E-0144,Inheritance,2026-08-03,Client Portal,2026-08-15,true,231330.1
FA-LE-000361,FA-HH-00884,E-0180,Marriage,2025-08-06,Agentforce Signal,2025-08-10,true,22732.07
FA-LE-000362,FA-HH-00884,E-0180,Inheritance,2025-12-15,Advisor,2025-12-19,true,310563.86
FA-LE-000363,FA-HH-00885,E-0176,Home Purchase,2025-08-11,Agentforce Signal,2025-08-24,true,184028.09
FA-LE-000364,FA-HH-00886,E-0148,Job Change,2025-09-28,Advisor,,false,51180.58
FA-LE-000365,FA-HH-00889,E-0154,Home Purchase,2026-04-29,Agentforce Signal,2026-05-12,true,153439.4
FA-LE-000366,FA-HH-00897,E-0162,Business Sale,2026-03-16,Client Portal,2026-03-22,true,27214.92
FA-LE-000367,FA-HH-00898,E-0159,Marriage,2026-04-02,Advisor,,false,103713.83
FA-LE-000368,FA-HH-00902,E-0163,Marriage,2026-03-29,Client Portal,2026-04-14,false,298290.88
FA-LE-000369,FA-HH-00907,E-0157,New Child,2026-05-01,Agentforce Signal,2026-05-07,true,199722.59
FA-LE-000370,FA-HH-00908,E-0172,Retirement,2026-08-27,Advisor,,false,168796.13
FA-LE-000371,FA-HH-00909,E-0164,Home Purchase,2025-12-21,Advisor,2025-12-27,true,98607.61
FA-LE-000372,FA-HH-00910,E-0144,Job Change,2025-08-25,Transaction Pattern,,false,71713.04
FA-LE-000373,FA-HH-00910,E-0144,Marriage,2026-04-14,Agentforce Signal,2026-05-12,false,91964.21
FA-LE-000374,FA-HH-00918,E-0143,Marriage,2026-02-26,Advisor,2026-03-30,false,401587.29
FA-LE-000375,FA-HH-00919,E-0172,Job Change,2026-07-11,Advisor,2026-07-12,true,27883.84
FA-LE-000376,FA-HH-00922,E-0173,Inheritance,2026-08-21,Client Portal,2026-09-02,true,127333.61
FA-LE-000377,FA-HH-00924,E-0178,Business Sale,2025-07-14,Agentforce Signal,2025-07-22,true,179082.7
FA-LE-000378,FA-HH-00925,E-0161,Marriage,2026-01-24,Agentforce Signal,2026-01-29,true,105708.69
FA-LE-000379,FA-HH-00931,E-0166,New Child,2025-08-21,Advisor,2025-09-02,true,194153.24
FA-LE-000380,FA-HH-00932,E-0167,Marriage,2025-09-14,Agentforce Signal,2025-10-11,false,109784.76
FA-LE-000381,FA-HH-00934,E-0162,Home Purchase,2026-01-22,Client Portal,2026-01-28,true,44966.99
FA-LE-000382,FA-HH-00935,E-0171,Inheritance,2025-08-18,Client Portal,2025-08-24,true,77812.71
FA-LE-000383,FA-HH-00936,E-0154,New Child,2026-01-28,Transaction Pattern,,false,56792.9
FA-LE-000384,FA-HH-00938,E-0146,Business Sale,2026-06-27,Transaction Pattern,2026-08-05,false,29076.38
FA-LE-000385,FA-HH-00938,E-0146,Marriage,2025-10-07,Advisor,2025-10-10,true,33079.99
FA-LE-000386,FA-HH-00941,E-0165,Inheritance,2025-07-29,Advisor,,false,42910.99
FA-LE-000387,FA-HH-00943,E-0151,Inheritance,2026-03-05,Client Portal,2026-03-30,false,29819.67
FA-LE-000388,FA-HH-00944,E-0176,Retirement,2026-03-01,Advisor,2026-03-03,true,16265.82
FA-LE-000389,FA-HH-00946,E-0162,Retirement,2025-11-08,Agentforce Signal,2025-12-22,false,57226.06
FA-LE-000390,FA-HH-00949,E-0175,Business Sale,2026-08-19,Advisor,2026-10-11,false,49182.33
FA-LE-000391,FA-HH-00950,E-0166,Home Purchase,2026-05-02,Client Portal,2026-05-04,true,81906.24
FA-LE-000392,FA-HH-00955,E-0172,New Child,2025-10-21,Advisor,2025-10-29,true,75860.55
FA-LE-000393,FA-HH-00956,E-0154,Retirement,2026-01-09,Advisor,2026-01-14,true,43065.56
FA-LE-000394,FA-HH-00957,E-0172,New Child,2025-08-16,Advisor,2025-08-21,true,186090.36
FA-LE-000395,FA-HH-00957,E-0172,Retirement,2025-11-11,Advisor,2025-11-14,true,70781.81
FA-LE-000396,FA-HH-00960,E-0164,Home Purchase,2025-10-11,Advisor,2025-10-19,true,197656.47
FA-LE-000397,FA-HH-00966,E-0146,Marriage,2025-08-16,Transaction Pattern,2025-08-25,true,355708.56
FA-LE-000398,FA-HH-00968,E-0178,Business Sale,2026-03-13,Advisor,2026-03-26,true,241166.13
FA-LE-000399,FA-HH-00972,E-0148,Home Purchase,2025-11-30,Client Portal,2026-01-29,false,132733.38
FA-LE-000400,FA-HH-00973,E-0154,Retirement,2026-08-29,Advisor,,false,52070.09
FA-LE-000401,FA-HH-00978,E-0176,Marriage,2025-08-03,Advisor,2025-09-02,false,29656.31
FA-LE-000402,FA-HH-00980,E-0168,Business Sale,2026-02-24,Advisor,2026-03-09,true,21006.12
FA-LE-000403,FA-HH-00991,E-0167,Business Sale,2025-10-20,Advisor,2025-10-27,true,34257.16
FA-LE-000404,FA-HH-00993,E-0165,New Child,2026-03-02,Client Portal,2026-03-04,true,221991.31
FA-LE-000405,FA-HH-00999,E-0142,Inheritance,2026-08-03,Client Portal,2026-08-06,true,49274.37
FA-LE-000406,FA-HH-01003,E-0152,Inheritance,2026-07-19,Agentforce Signal,,false,196323.75
FA-LE-000407,FA-HH-01007,E-0161,Home Purchase,2026-05-01,Client Portal,2026-05-08,true,47324.49
FA-LE-000408,FA-HH-01008,E-0164,Marriage,2026-02-17,Advisor,2026-02-23,true,321630.74
FA-LE-000409,FA-HH-01010,E-0174,Marriage,2025-09-27,Client Portal,2025-10-03,true,248834.9
FA-LE-000410,FA-HH-01010,E-0174,Business Sale,2025-10-14,Advisor,2025-10-17,true,381431.41
FA-LE-000411,FA-HH-01011,E-0152,Home Purchase,2026-08-24,Agentforce Signal,2026-09-03,true,50436.8
FA-LE-000412,FA-HH-01012,E-0157,New Child,2025-08-28,Client Portal,2025-08-30,true,21103.66
FA-LE-000413,FA-HH-01012,E-0157,Inheritance,2025-11-18,Advisor,2025-11-26,true,145373.86
FA-LE-000414,FA-HH-01015,E-0166,Marriage,2025-12-12,Client Portal,2025-12-25,true,47578.85
FA-LE-000415,FA-HH-01015,E-0166,New Child,2026-02-16,Agentforce Signal,,false,19271.96
FA-LE-000416,FA-HH-01023,E-0174,Marriage,2026-02-11,Agentforce Signal,2026-02-12,true,265236.93
FA-LE-000417,FA-HH-01025,E-0175,Marriage,2025-07-29,Client Portal,2025-08-02,true,143526.75
FA-LE-000418,FA-HH-01026,E-0141,Inheritance,2025-07-18,Client Portal,2025-07-24,true,385500.98
FA-LE-000419,FA-HH-01026,E-0141,Job Change,2026-05-29,Advisor,2026-06-08,true,27392.76
FA-LE-000420,FA-HH-01033,E-0157,Inheritance,2025-07-08,Agentforce Signal,2025-07-16,true,52078.76
FA-LE-000421,FA-HH-01033,E-0157,Retirement,2025-09-05,Agentforce Signal,2025-09-26,false,62834.7
FA-LE-000422,FA-HH-01034,E-0145,Marriage,2026-08-20,Agentforce Signal,2026-08-31,true,50367.7
FA-LE-000423,FA-HH-01035,E-0172,Business Sale,2026-07-24,Agentforce Signal,2026-07-29,true,25099.37
FA-LE-000424,FA-HH-01037,E-0145,Inheritance,2026-06-24,Advisor,2026-07-03,true,269244.83
FA-LE-000425,FA-HH-01041,E-0155,Home Purchase,2026-01-15,Client Portal,,false,71193.2
FA-LE-000426,FA-HH-01046,E-0168,Retirement,2026-03-11,Advisor,2026-03-21,true,288231.67
FA-LE-000427,FA-HH-01046,E-0168,Inheritance,2025-07-15,Advisor,2025-07-18,true,52685.58
FA-LE-000428,FA-HH-01056,E-0142,New Child,2025-10-18,Advisor,2025-10-27,true,20553.64
FA-LE-000429,FA-HH-01057,E-0177,Business Sale,2025-06-01,Agentforce Signal,2025-06-05,true,29896.82
FA-LE-000430,FA-HH-01058,E-0155,Inheritance,2025-12-20,Advisor,2025-12-25,true,128782.81
FA-LE-000431,FA-HH-01062,E-0162,Home Purchase,2025-09-03,Client Portal,,false,40195.86
FA-LE-000432,FA-HH-01063,E-0147,Home Purchase,2025-10-22,Advisor,,false,144911.9
FA-LE-000433,FA-HH-01065,E-0168,Job Change,2025-11-04,Advisor,2025-11-11,true,38564.72
FA-LE-000434,FA-HH-01071,E-0171,Inheritance,2026-08-27,Agentforce Signal,2026-09-04,true,65619.28
FA-LE-000435,FA-HH-01072,E-0158,Job Change,2025-06-13,Advisor,2025-06-16,true,110783.28
FA-LE-000436,FA-HH-01076,E-0166,New Child,2025-10-09,Advisor,2025-10-12,true,46591.96
FA-LE-000437,FA-HH-01077,E-0155,Job Change,2026-06-14,Advisor,2026-06-15,true,38808.37
FA-LE-000438,FA-HH-01080,E-0174,Retirement,2025-06-23,Advisor,2025-06-30,true,83030.27
FA-LE-000439,FA-HH-01083,E-0146,Business Sale,2025-12-05,Transaction Pattern,2025-12-18,true,55249.81
FA-LE-000440,FA-HH-01083,E-0146,Business Sale,2026-08-12,Advisor,,false,68874.66
FA-LE-000441,FA-HH-01085,E-0148,Job Change,2026-08-06,Client Portal,2026-08-18,true,7775.01
FA-LE-000442,FA-HH-01085,E-0148,Business Sale,2025-11-05,Agentforce Signal,2025-12-16,false,13321.21
FA-LE-000443,FA-HH-01088,E-0150,Retirement,2026-05-24,Transaction Pattern,2026-06-06,true,28287.25
FA-LE-000444,FA-HH-01093,E-0145,Job Change,2025-10-13,Client Portal,2025-10-24,true,214156.96
FA-LE-000445,FA-HH-01098,E-0174,Retirement,2026-03-21,Advisor,2026-04-01,true,239047.57
FA-LE-000446,FA-HH-01099,E-0143,Retirement,2025-10-14,Agentforce Signal,2025-10-19,true,930434.38
FA-LE-000447,FA-HH-01100,E-0151,Home Purchase,2026-08-01,Advisor,,false,229657.99
FA-LE-000448,FA-HH-01101,E-0159,Business Sale,2025-09-05,Advisor,2025-09-09,true,115695.34
FA-LE-000449,FA-HH-01102,E-0155,Marriage,2025-12-22,Advisor,2025-12-29,true,39373.63
FA-LE-000450,FA-HH-01102,E-0155,Home Purchase,2026-06-09,Client Portal,2026-06-14,true,47264.27
FA-LE-000451,FA-HH-01103,E-0167,Marriage,2026-05-19,Client Portal,2026-05-23,true,80336.91
FA-LE-000452,FA-HH-01105,E-0156,Marriage,2025-12-28,Client Portal,2026-01-08,true,397924.96
FA-LE-000453,FA-HH-01109,E-0171,Inheritance,2025-08-20,Agentforce Signal,2025-09-02,true,17726.2
FA-LE-000454,FA-HH-01113,E-0174,Home Purchase,2025-07-04,Agentforce Signal,2025-07-11,true,691192.79
FA-LE-000455,FA-HH-01114,E-0153,Marriage,2025-06-01,Agentforce Signal,2025-06-11,true,29128.24
FA-LE-000456,FA-HH-01120,E-0169,Home Purchase,2026-06-05,Advisor,2026-06-12,true,140778.22
FA-LE-000457,FA-HH-01121,E-0154,Business Sale,2025-07-07,Agentforce Signal,2025-07-20,true,41632.08
FA-LE-000458,FA-HH-01121,E-0154,Job Change,2026-05-13,Advisor,2026-05-26,true,4842.88
FA-LE-000459,FA-HH-01123,E-0155,Inheritance,2026-06-06,Transaction Pattern,2026-06-16,true,98099.0
FA-LE-000460,FA-HH-01125,E-0166,New Child,2025-07-03,Agentforce Signal,,false,63109.92
FA-LE-000461,FA-HH-01128,E-0170,Job Change,2026-06-19,Advisor,2026-07-04,false,132856.81
FA-LE-000462,FA-HH-01147,E-0170,Inheritance,2025-09-15,Transaction Pattern,2025-09-28,true,21482.84
FA-LE-000463,FA-HH-01147,E-0170,Job Change,2025-07-03,Client Portal,2025-07-15,true,117532.76
FA-LE-000464,FA-HH-01157,E-0168,Business Sale,2025-06-30,Client Portal,2025-07-08,true,338712.86
FA-LE-000465,FA-HH-01159,E-0161,New Child,2026-03-28,Agentforce Signal,2026-04-07,true,51484.9
FA-LE-000466,FA-HH-01161,E-0168,Inheritance,2025-11-12,Advisor,2025-11-16,true,51875.41
FA-LE-000467,FA-HH-01162,E-0143,Inheritance,2025-12-13,Agentforce Signal,2026-02-03,false,141368.67
FA-LE-000468,FA-HH-01163,E-0165,Inheritance,2025-07-08,Agentforce Signal,2025-07-13,true,61539.51
FA-LE-000469,FA-HH-01164,E-0169,New Child,2025-10-19,Advisor,2025-10-30,true,22148.56
FA-LE-000470,FA-HH-01168,E-0142,Inheritance,2026-06-05,Transaction Pattern,2026-06-11,true,82364.84
FA-LE-000471,FA-HH-01168,E-0142,Job Change,2026-02-11,Client Portal,2026-02-19,true,38930.57
FA-LE-000472,FA-HH-01171,E-0158,Business Sale,2025-10-20,Agentforce Signal,2025-11-12,false,181999.06
FA-LE-000473,FA-HH-01174,E-0167,New Child,2025-11-08,Advisor,2025-11-10,true,54534.61
FA-LE-000474,FA-HH-01176,E-0141,Business Sale,2025-07-19,Advisor,2025-07-28,true,202068.12
FA-LE-000475,FA-HH-01182,E-0180,Retirement,2025-06-19,Advisor,2025-06-26,true,35158.29
FA-LE-000476,FA-HH-01182,E-0180,Marriage,2026-08-18,Client Portal,2026-08-22,true,10828.35
FA-LE-000477,FA-HH-01186,E-0180,Marriage,2025-12-08,Agentforce Signal,2025-12-11,true,101571.03
FA-LE-000478,FA-HH-01186,E-0180,New Child,2026-02-10,Transaction Pattern,2026-02-15,true,153008.88
FA-LE-000479,FA-HH-01190,E-0150,Home Purchase,2026-08-12,Client Portal,2026-08-18,true,143742.44
FA-LE-000480,FA-HH-01193,E-0177,Marriage,2026-05-13,Advisor,2026-05-18,true,46960.56
FA-LE-000481,FA-HH-01195,E-0155,Retirement,2026-07-05,Client Portal,2026-07-12,true,88314.38
FA-LE-000482,FA-HH-01197,E-0179,Retirement,2026-08-24,Advisor,2026-08-30,true,381379.15
FA-LE-000483,FA-HH-01203,E-0169,New Child,2025-08-18,Transaction Pattern,2025-08-20,true,12701.17
FA-LE-000484,FA-HH-01205,E-0155,Job Change,2026-01-31,Agentforce Signal,2026-02-05,true,83195.9
FA-LE-000485,FA-HH-01205,E-0155,Home Purchase,2026-04-24,Advisor,2026-05-02,true,25940.25
FA-LE-000486,FA-HH-01207,E-0165,Inheritance,2026-04-27,Advisor,2026-04-28,true,217871.96
FA-LE-000487,FA-HH-01208,E-0154,Marriage,2026-03-19,Agentforce Signal,2026-04-23,false,277281.65
FA-LE-000488,FA-HH-01208,E-0154,Business Sale,2025-10-06,Advisor,2025-10-19,true,19017.51
FA-LE-000489,FA-HH-01209,E-0141,Retirement,2025-08-24,Client Portal,2025-08-26,true,326211.46
FA-LE-000490,FA-HH-01210,E-0151,Inheritance,2026-01-21,Agentforce Signal,,false,351943.53
FA-LE-000491,FA-HH-01212,E-0155,Inheritance,2026-08-29,Agentforce Signal,2026-08-31,true,385422.4
FA-LE-000492,FA-HH-01212,E-0155,New Child,2026-03-28,Advisor,2026-04-13,false,26993.27
FA-LE-000493,FA-HH-01216,E-0147,Home Purchase,2025-08-16,Advisor,2025-08-28,true,288635.03
FA-LE-000494,FA-HH-01219,E-0178,Retirement,2025-07-28,Advisor,2025-08-10,true,91254.31
FA-LE-000495,FA-HH-01220,E-0166,Home Purchase,2026-07-08,Advisor,2026-07-16,true,29139.47
FA-LE-000496,FA-HH-01220,E-0166,New Child,2026-07-22,Client Portal,,false,47393.17
FA-LE-000497,FA-HH-01221,E-0148,Job Change,2026-05-04,Advisor,2026-05-09,true,45160.06
FA-LE-000498,FA-HH-01221,E-0148,Business Sale,2026-03-05,Client Portal,2026-03-12,true,54204.26
FA-LE-000499,FA-HH-01222,E-0144,Inheritance,2025-12-18,Agentforce Signal,2025-12-19,true,97391.75
FA-LE-000500,FA-HH-01223,E-0170,Business Sale,2025-06-15,Advisor,2025-06-19,true,79606.72
FA-LE-000501,FA-HH-01224,E-0172,Retirement,2025-06-18,Transaction Pattern,2025-06-25,true,107185.2
FA-LE-000502,FA-HH-01225,E-0177,New Child,2025-08-18,Client Portal,2025-09-14,false,120089.84
FA-LE-000503,FA-HH-01228,E-0161,Retirement,2025-10-23,Advisor,,false,191134.57
FA-LE-000504,FA-HH-01232,E-0169,Business Sale,2025-12-04,Transaction Pattern,2025-12-11,true,173055.66
FA-LE-000505,FA-HH-01232,E-0169,Marriage,2026-02-25,Agentforce Signal,2026-03-21,false,8798.88
FA-LE-000506,FA-HH-01233,E-0169,Inheritance,2025-11-12,Advisor,2025-12-06,false,127207.57
FA-LE-000507,FA-HH-01240,E-0143,Marriage,2026-02-10,Advisor,2026-02-12,true,50103.21
FA-LE-000508,FA-HH-01241,E-0161,Job Change,2025-12-28,Advisor,2026-01-06,true,165356.4
FA-LE-000509,FA-HH-01245,E-0151,Marriage,2026-04-14,Client Portal,2026-04-25,true,13854.68
FA-LE-000510,FA-HH-01250,E-0150,Inheritance,2025-06-05,Advisor,2025-06-11,true,88998.18
FA-LE-000511,FA-HH-01251,E-0171,Job Change,2025-08-25,Client Portal,2025-10-20,false,113931.3
FA-LE-000512,FA-HH-01252,E-0170,New Child,2025-11-05,Client Portal,2025-11-15,true,59257.29
FA-LE-000513,FA-HH-01254,E-0155,Home Purchase,2026-07-11,Transaction Pattern,2026-08-27,false,143686.09
FA-LE-000514,FA-HH-01254,E-0155,Inheritance,2025-10-05,Advisor,,false,166516.33
FA-LE-000515,FA-HH-01256,E-0165,Home Purchase,2026-06-11,Advisor,2026-06-12,true,50817.81
FA-LE-000516,FA-HH-01258,E-0176,Marriage,2026-05-11,Advisor,2026-05-15,true,52124.23
FA-LE-000517,FA-HH-01264,E-0169,Retirement,2025-12-18,Advisor,2025-12-23,true,38460.44
FA-LE-000518,FA-HH-01267,E-0142,Home Purchase,2025-06-30,Advisor,2025-07-02,true,46393.49
FA-LE-000519,FA-HH-01267,E-0142,Job Change,2026-01-26,Advisor,2026-02-02,true,100033.7
FA-LE-000520,FA-HH-01269,E-0170,Marriage,2025-06-14,Agentforce Signal,2025-06-20,true,22066.54
FA-LE-000521,FA-HH-01274,E-0164,Job Change,2025-10-20,Client Portal,2025-10-21,true,48629.65
FA-LE-000522,FA-HH-01274,E-0164,Marriage,2025-08-04,Advisor,2025-08-15,true,221446.96
FA-LE-000523,FA-HH-01276,E-0146,Business Sale,2026-06-23,Client Portal,2026-06-26,true,203531.79
FA-LE-000524,FA-HH-01277,E-0149,Inheritance,2026-06-26,Client Portal,2026-06-29,true,34663.25
FA-LE-000525,FA-HH-01280,E-0159,Retirement,2025-08-29,Transaction Pattern,2025-08-30,true,203327.54
FA-LE-000526,FA-HH-01281,E-0148,Home Purchase,2025-07-01,Client Portal,2025-07-09,true,17203.03
FA-LE-000527,FA-HH-01282,E-0156,Home Purchase,2026-06-15,Client Portal,2026-06-20,true,77884.61
FA-LE-000528,FA-HH-01287,E-0162,Inheritance,2025-08-20,Agentforce Signal,,false,114887.66
FA-LE-000529,FA-HH-01288,E-0170,Home Purchase,2025-06-04,Agentforce Signal,2025-06-20,false,26256.62
FA-LE-000530,FA-HH-01289,E-0175,Marriage,2026-04-08,Agentforce Signal,2026-04-13,true,274206.08
FA-LE-000531,FA-HH-01295,E-0158,Home Purchase,2025-07-08,Advisor,2025-07-17,true,1913927.8
FA-LE-000532,FA-HH-01297,E-0166,Home Purchase,2026-06-05,Advisor,,false,217160.63
FA-LE-000533,FA-HH-01298,E-0163,Home Purchase,2025-07-10,Advisor,,false,13043.15
FA-LE-000534,FA-HH-01300,E-0172,Retirement,2026-07-30,Advisor,2026-08-06,true,103905.67
FA-LE-000535,FA-HH-01303,E-0157,Job Change,2025-11-21,Advisor,2025-12-02,true,22487.0
FA-LE-000536,FA-HH-01306,E-0142,Retirement,2025-06-11,Agentforce Signal,2025-06-18,true,22626.93
FA-LE-000537,FA-HH-01306,E-0142,Business Sale,2025-06-09,Advisor,2025-06-14,true,227909.29
FA-LE-000538,FA-HH-01312,E-0166,Inheritance,2026-04-03,Advisor,2026-04-15,true,871333.64
FA-LE-000539,FA-HH-01312,E-0166,Retirement,2025-06-22,Client Portal,2025-06-27,true,71931.31
FA-LE-000540,FA-HH-01319,E-0165,Inheritance,2026-08-30,Transaction Pattern,,false,17579.45
FA-LE-000541,FA-HH-01319,E-0165,Home Purchase,2026-03-02,Agentforce Signal,,false,108766.89
FA-LE-000542,FA-HH-01324,E-0151,Business Sale,2026-03-06,Agentforce Signal,2026-03-19,true,48800.52
FA-LE-000543,FA-HH-01325,E-0142,Inheritance,2025-07-06,Client Portal,2025-07-12,true,9960.86
FA-LE-000544,FA-HH-01326,E-0177,Home Purchase,2026-02-28,Client Portal,2026-03-03,true,149550.07
FA-LE-000545,FA-HH-01327,E-0153,Retirement,2026-03-13,Advisor,,false,9535.58
FA-LE-000546,FA-HH-01329,E-0172,Job Change,2026-08-09,Advisor,2026-08-16,true,64498.4
FA-LE-000547,FA-HH-01339,E-0169,Business Sale,2026-05-02,Agentforce Signal,2026-05-07,true,16457.99
FA-LE-000548,FA-HH-01342,E-0164,Business Sale,2026-07-11,Advisor,2026-07-16,true,38537.81
FA-LE-000549,FA-HH-01344,E-0158,Home Purchase,2025-06-29,Advisor,2025-07-11,true,240376.12
FA-LE-000550,FA-HH-01347,E-0167,New Child,2025-12-17,Client Portal,2026-01-28,false,62765.92
FA-LE-000551,FA-HH-01349,E-0163,Job Change,2025-06-11,Client Portal,,false,33433.02
FA-LE-000552,FA-HH-01350,E-0145,Home Purchase,2025-11-25,Advisor,2025-12-03,true,251459.44
FA-LE-000553,FA-HH-01350,E-0145,New Child,2026-04-22,Agentforce Signal,,false,68064.96
FA-LE-000554,FA-HH-01351,E-0180,Inheritance,2026-03-28,Client Portal,2026-04-03,true,116653.51
FA-LE-000555,FA-HH-01352,E-0156,Business Sale,2026-06-27,Client Portal,2026-07-24,false,47122.47
FA-LE-000556,FA-HH-01352,E-0156,New Child,2026-07-28,Advisor,2026-08-06,true,12478.11
FA-LE-000557,FA-HH-01357,E-0148,Business Sale,2026-02-06,Agentforce Signal,2026-02-12,true,99867.4
FA-LE-000558,FA-HH-01359,E-0150,Home Purchase,2025-07-19,Advisor,,false,22573.53
FA-LE-000559,FA-HH-01360,E-0147,Retirement,2025-09-24,Advisor,2025-09-25,true,88456.87
FA-LE-000560,FA-HH-01361,E-0165,Inheritance,2026-01-05,Advisor,2026-01-07,true,122485.68
FA-LE-000561,FA-HH-01363,E-0146,Home Purchase,2025-08-29,Advisor,2025-09-11,true,24954.65
FA-LE-000562,FA-HH-01365,E-0161,Business Sale,2025-09-29,Transaction Pattern,,false,35251.87
FA-LE-000563,FA-HH-01366,E-0167,Inheritance,2026-01-08,Transaction Pattern,2026-01-29,false,1948989.52
FA-LE-000564,FA-HH-01370,E-0158,New Child,2025-06-15,Advisor,2025-06-20,true,21464.43
FA-LE-000565,FA-HH-01372,E-0142,Job Change,2026-03-12,Advisor,,false,100709.91
FA-LE-000566,FA-HH-01372,E-0142,New Child,2025-07-27,Agentforce Signal,2025-08-03,true,269714.74
FA-LE-000567,FA-HH-01373,E-0179,Marriage,2026-01-02,Transaction Pattern,2026-01-09,true,223082.0
FA-LE-000568,FA-HH-01376,E-0159,Marriage,2026-04-29,Agentforce Signal,2026-06-25,false,261869.06
FA-LE-000569,FA-HH-01377,E-0148,Business Sale,2025-07-13,Advisor,2025-07-25,true,116324.82
FA-LE-000570,FA-HH-01377,E-0148,Business Sale,2026-08-22,Client Portal,2026-09-01,true,29725.84
FA-LE-000571,FA-HH-01379,E-0177,Business Sale,2025-07-23,Client Portal,2025-09-01,false,280469.17
FA-LE-000572,FA-HH-01381,E-0152,Marriage,2025-09-12,Advisor,2025-09-23,true,169260.91
FA-LE-000573,FA-HH-01382,E-0180,New Child,2026-03-31,Client Portal,2026-04-04,true,104268.25
FA-LE-000574,FA-HH-01384,E-0155,Business Sale,2026-01-02,Agentforce Signal,,false,56707.01
FA-LE-000575,FA-HH-01386,E-0171,Marriage,2025-06-05,Client Portal,2025-07-19,false,22322.56
FA-LE-000576,FA-HH-01388,E-0168,Job Change,2025-07-13,Client Portal,2025-07-20,true,382508.67
FA-LE-000577,FA-HH-01388,E-0168,Home Purchase,2025-11-10,Advisor,2025-11-18,true,318744.92
FA-LE-000578,FA-HH-01389,E-0152,Marriage,2026-02-19,Agentforce Signal,2026-02-28,true,45746.3
FA-LE-000579,FA-HH-01389,E-0152,Job Change,2025-11-16,Advisor,2025-11-19,true,85541.23
FA-LE-000580,FA-HH-01390,E-0162,Inheritance,2026-04-29,Agentforce Signal,2026-05-02,true,187899.52
FA-LE-000581,FA-HH-01391,E-0168,Job Change,2026-08-30,Agentforce Signal,2026-09-12,true,8148.15
FA-LE-000582,FA-HH-01391,E-0168,Marriage,2026-03-16,Advisor,2026-03-18,true,282947.45
FA-LE-000583,FA-HH-01394,E-0162,Business Sale,2025-09-20,Agentforce Signal,,false,89196.68
FA-LE-000584,FA-HH-01398,E-0163,New Child,2025-11-09,Advisor,,false,89382.09
FA-LE-000585,FA-HH-01400,E-0160,Business Sale,2025-09-10,Advisor,2025-09-19,true,92670.19
